--
-- 由SQLiteStudio v3.1.1 产生的文件 周二 11月 28 19:13:07 2017
--
-- 文本编码：UTF-8
--
PRAGMA foreign_keys = off;
BEGIN TRANSACTION;

-- 表：t_address
DROP TABLE IF EXISTS t_address;
CREATE TABLE [t_address] (
  [addressId] integer PRIMARY KEY AUTOINCREMENT, 
  [userPhone] text, 
  [addressName] text, 
  [receiverName] text, 
  [receiverPhone] text, 
  [type] TEXT);
INSERT INTO t_address (addressId, userPhone, addressName, receiverName, receiverPhone, type) VALUES (7, '14526363658', '沙发上', '按时发达', '阿发', '0');
INSERT INTO t_address (addressId, userPhone, addressName, receiverName, receiverPhone, type) VALUES (36, '15606912345', '范德萨分撒旦法三发大水发顺丰', '发大发大水', '的撒发地方撒发生大法是', '1');
INSERT INTO t_address (addressId, userPhone, addressName, receiverName, receiverPhone, type) VALUES (39, '156069112546', 'fdsafasdfasdf', 'dfsaf ', 'afdasdf', '1');
INSERT INTO t_address (addressId, userPhone, addressName, receiverName, receiverPhone, type) VALUES (40, '136008127777', '啊啊啊啊啊啊啊啊', '你胖', '156000012470', '1');
INSERT INTO t_address (addressId, userPhone, addressName, receiverName, receiverPhone, type) VALUES (46, '15606911234', '盛大发售', '地方撒发', '2342', '1');
INSERT INTO t_address (addressId, userPhone, addressName, receiverName, receiverPhone, type) VALUES (47, '15606911117', '的萨达是多', '的撒发生', '2323', '1');
INSERT INTO t_address (addressId, userPhone, addressName, receiverName, receiverPhone, type) VALUES (55, '15759312500', '大师傅', '他防守打法', '34234', '1');
INSERT INTO t_address (addressId, userPhone, addressName, receiverName, receiverPhone, type) VALUES (56, '15606911111', '算法的', '沙发撒的', '433', '1');

-- 表：t_chatRecord
DROP TABLE IF EXISTS t_chatRecord;
CREATE TABLE t_chatRecord(
       recordId integer primary key autoincrement,           	--聊天ID
       sendId text,                                 		--发送者ID
       receiveId text,                              		--接收者ID
       content text,                                		--聊天内容
       recordTime datetime                         		--聊天时间
);
INSERT INTO t_chatRecord (recordId, sendId, receiveId, content, recordTime) VALUES (1514, 'littleQ', '15606911111', '{"sender":"littleQ","receiver":"15606911111","type":"Message","content":{"message":"你好呀，我是小Q，你可以问我比如\"我的订单\",\"我的收货地址\"之类的问题哦，也可以输入\"人工\"转到人工客服","headImg":"images/headImg/LQ.jpeg","name":"小Q"},"msgid":1,"msgtime":1509977839565}', '2017-11-06');
INSERT INTO t_chatRecord (recordId, sendId, receiveId, content, recordTime) VALUES (1515, '15606911111', 'littleQ', '{"sender":"15606911111","receiver":"littleQ","type":"userMessage","content":{"message":"范德萨发三的","headImg":"images\\headImg\\14.jpg","name":"方法"},"msgid":1,"msgtime":1509977841956}', '2017-11-06');
INSERT INTO t_chatRecord (recordId, sendId, receiveId, content, recordTime) VALUES (1516, 'littleQ', '15606911111', '{"sender":"littleQ","receiver":"15606911111","type":"Message","content":{"message":"小Q很抱歉哦，无法理解你所说的内容","headImg":"images/headImg/LQ.jpeg","name":"小Q"},"msgid":1,"msgtime":1509977841963}', '2017-11-06');
INSERT INTO t_chatRecord (recordId, sendId, receiveId, content, recordTime) VALUES (1517, '15606911111', 'littleQ', '{"sender":"15606911111","receiver":"littleQ","type":"userMessage","content":{"message":"客服","headImg":"images\\headImg\\14.jpg","name":"方法"},"msgid":1,"msgtime":1509977843968}', '2017-11-06');
INSERT INTO t_chatRecord (recordId, sendId, receiveId, content, recordTime) VALUES (1518, 'littleQ', '15606911111', '{"sender":"littleQ","receiver":"15606911111","type":"Message","content":{"message":"小Q很抱歉哦，无法理解你所说的内容","headImg":"images/headImg/LQ.jpeg","name":"小Q"},"msgid":1,"msgtime":1509977843973}', '2017-11-06');
INSERT INTO t_chatRecord (recordId, sendId, receiveId, content, recordTime) VALUES (1519, '15606911111', 'littleQ', '{"sender":"15606911111","receiver":"littleQ","type":"userMessage","content":{"message":"人工","headImg":"images\\headImg\\14.jpg","name":"方法"},"msgid":1,"msgtime":1509977847581}', '2017-11-06');
INSERT INTO t_chatRecord (recordId, sendId, receiveId, content, recordTime) VALUES (1520, 'littleQ', '15606911111', '{"sender":"littleQ","receiver":"15606911111","type":"Message","content":{"tips":["正在转接人工客服，请稍等"]},"msgid":1,"msgtime":1509977847597}', '2017-11-06');
INSERT INTO t_chatRecord (recordId, sendId, receiveId, content, recordTime) VALUES (1521, 'littleQ', '15606911111', '{"sender":"littleQ","receiver":"15606911111","type":"Message","content":{"tips":["十分抱歉，目前暂无人工客服在线"]},"msgid":1,"msgtime":1509977847597}', '2017-11-06');
INSERT INTO t_chatRecord (recordId, sendId, receiveId, content, recordTime) VALUES (1522, '15606911111', 'littleQ', '{"sender":"15606911111","receiver":"littleQ","type":"userMessage","content":{"message":"人工","headImg":"images\\headImg\\14.jpg","name":"方法"},"msgid":1,"msgtime":1509977865512}', '2017-11-06');
INSERT INTO t_chatRecord (recordId, sendId, receiveId, content, recordTime) VALUES (1523, 'littleQ', '15606911111', '{"sender":"littleQ","receiver":"15606911111","type":"Message","content":{"tips":["正在转接人工客服，请稍等"]},"msgid":1,"msgtime":1509977865520}', '2017-11-06');
INSERT INTO t_chatRecord (recordId, sendId, receiveId, content, recordTime) VALUES (1524, '15606911111', '10001', '{"sender":"15606911111","receiver":"10001","type":"userMessage","content":{"message":"而范德萨发三的","headImg":"images\\headImg\\14.jpg","name":"方法"},"msgid":1,"msgtime":1509977867966}', '2017-11-06');
INSERT INTO t_chatRecord (recordId, sendId, receiveId, content, recordTime) VALUES (1525, '10001', '15606911111', '{"sender":"10001","receiver":"15606911111","type":"touMessge","content":{"message":"范德萨是的","headImg":"images/headImg/cus.png","name":"客服2"},"msgid":1,"msgtime":1509977871760}', '2017-11-06');
INSERT INTO t_chatRecord (recordId, sendId, receiveId, content, recordTime) VALUES (1526, '15606911111', '10001', '{"sender":"15606911111","receiver":"10001","type":"userMessage","content":{"message":"的撒发生大是","headImg":"images\\headImg\\14.jpg","name":"方法"},"msgid":1,"msgtime":1509977874787}', '2017-11-06');
INSERT INTO t_chatRecord (recordId, sendId, receiveId, content, recordTime) VALUES (1527, '10001', '15606911111', '{"sender":"10001","receiver":"15606911111","type":"touMessge","content":{"message":"骚鸡","headImg":"images/headImg/cus.png","name":"客服2"},"msgid":1,"msgtime":1509977878100}', '2017-11-06');
INSERT INTO t_chatRecord (recordId, sendId, receiveId, content, recordTime) VALUES (1528, '15606911111', '10001', '{"sender":"15606911111","receiver":"10001","type":"userMessage","content":{"message":"<img src=\"http://localhost:63342/pro/client/images/headImg/14.jpg\" alt=\"\">","headImg":"images\\headImg\\14.jpg","name":"方法"},"msgid":1,"msgtime":1509977884700}', '2017-11-06');
INSERT INTO t_chatRecord (recordId, sendId, receiveId, content, recordTime) VALUES (1529, 'littleQ', '15606911111', '{"sender":"littleQ","receiver":"15606911111","type":"Message","content":{"message":"你好呀，我是小Q，你可以问我比如\"我的订单\",\"我的收货地址\"之类的问题哦，也可以输入\"人工\"转到人工客服","headImg":"images/headImg/LQ.jpeg","name":"小Q"},"msgid":1,"msgtime":1509977888820}', '2017-11-06');
INSERT INTO t_chatRecord (recordId, sendId, receiveId, content, recordTime) VALUES (1530, '15606911111', '10001', '{"sender":"15606911111","receiver":"10001","type":"userMessage","content":{"message":"法师法师","headImg":"images\\headImg\\14.jpg","name":"方法"},"msgid":1,"msgtime":1509977893441}', '2017-11-06');
INSERT INTO t_chatRecord (recordId, sendId, receiveId, content, recordTime) VALUES (1531, '15606911111', '10006', '{"sender":"15606911111","receiver":"10006","type":"userMessage","content":{"message":"大师傅","headImg":"images\\headImg\\14.jpg","name":"方法"},"msgid":1,"msgtime":1509977935805}', '2017-11-06');
INSERT INTO t_chatRecord (recordId, sendId, receiveId, content, recordTime) VALUES (1532, '10007', '15606911111', '{"sender":"10007","receiver":"15606911111","type":"touMessge","content":{"message":"放散阀","headImg":"images/headImg/cus.png","name":"客服8"},"msgid":1,"msgtime":1509977942253}', '2017-11-06');
INSERT INTO t_chatRecord (recordId, sendId, receiveId, content, recordTime) VALUES (1533, '15606911111', '10006', '{"sender":"15606911111","receiver":"10006","type":"userMessage","content":{"message":"的撒发生大","headImg":"images\\headImg\\14.jpg","name":"方法"},"msgid":1,"msgtime":1509977946518}', '2017-11-06');
INSERT INTO t_chatRecord (recordId, sendId, receiveId, content, recordTime) VALUES (1534, '15606911111', '10006', '{"sender":"15606911111","receiver":"10006","type":"userMessage","content":{"message":"手动阀三","headImg":"images\\headImg\\14.jpg","name":"方法"},"msgid":1,"msgtime":1509977953659}', '2017-11-06');
INSERT INTO t_chatRecord (recordId, sendId, receiveId, content, recordTime) VALUES (1535, '15606911111', '10006', '{"sender":"15606911111","receiver":"10006","type":"userMessage","content":{"message":"范德萨发三的","headImg":"images\\headImg\\14.jpg","name":"方法"},"msgid":1,"msgtime":1509977981053}', '2017-11-06');
INSERT INTO t_chatRecord (recordId, sendId, receiveId, content, recordTime) VALUES (1536, '15606911111', '10004', '{"sender":"15606911111","receiver":"10004","type":"userMessage","content":{"message":"发达","headImg":"images\\headImg\\14.jpg","name":"方法"},"msgid":1,"msgtime":1509978049597}', '2017-11-06');
INSERT INTO t_chatRecord (recordId, sendId, receiveId, content, recordTime) VALUES (1537, '10005', '15606911111', '{"sender":"10005","receiver":"15606911111","type":"touMessge","content":{"message":"大的沙发","headImg":"images/headImg/cus.png","name":"客服6"},"msgid":1,"msgtime":1509978056925}', '2017-11-06');
INSERT INTO t_chatRecord (recordId, sendId, receiveId, content, recordTime) VALUES (1538, '10005', '15606911111', '{"sender":"10005","receiver":"15606911111","type":"touMessge","content":{"message":"是zxvafasd","headImg":"images/headImg/cus.png","name":"客服6"},"msgid":1,"msgtime":1509978073340}', '2017-11-06');
INSERT INTO t_chatRecord (recordId, sendId, receiveId, content, recordTime) VALUES (1539, '15606911111', '10001', '{"sender":"15606911111","receiver":"10001","type":"userMessage","content":{"message":"大师傅大","headImg":"images\\headImg\\14.jpg","name":"方法"},"msgid":1,"msgtime":1509978137223}', '2017-11-06');
INSERT INTO t_chatRecord (recordId, sendId, receiveId, content, recordTime) VALUES (1540, '15606911111', '10001', '{"sender":"15606911111","receiver":"10001","type":"userMessage","content":{"message":"范德萨发三","headImg":"images\\headImg\\14.jpg","name":"方法"},"msgid":1,"msgtime":1509978760793}', '2017-11-06');
INSERT INTO t_chatRecord (recordId, sendId, receiveId, content, recordTime) VALUES (1541, 'littleQ', '15606911111', '{"sender":"littleQ","receiver":"15606911111","type":"Message","content":{"message":"你好呀，我是小Q，你可以问我比如\"我的订单\",\"我的收货地址\"之类的问题哦，也可以输入\"人工\"转到人工客服","headImg":"images/headImg/LQ.jpeg","name":"小Q"},"msgid":1,"msgtime":1509978763861}', '2017-11-06');
INSERT INTO t_chatRecord (recordId, sendId, receiveId, content, recordTime) VALUES (1542, '15606911111', 'littleQ', '{"sender":"15606911111","receiver":"littleQ","type":"userMessage","content":{"message":"你好呀","headImg":"images\\headImg\\14.jpg","name":"方法"},"msgid":1,"msgtime":1509978767688}', '2017-11-06');
INSERT INTO t_chatRecord (recordId, sendId, receiveId, content, recordTime) VALUES (1543, 'littleQ', '15606911111', '{"sender":"littleQ","receiver":"15606911111","type":"Message","content":{"message":"小Q很抱歉哦，无法理解你所说的内容","headImg":"images/headImg/LQ.jpeg","name":"小Q"},"msgid":1,"msgtime":1509978767692}', '2017-11-06');
INSERT INTO t_chatRecord (recordId, sendId, receiveId, content, recordTime) VALUES (1544, '10001', '15606911111', '{"sender":"10001","receiver":"15606911111","type":"touMessge","content":{"message":"法法师","headImg":"images/headImg/cus.png","name":"客服2"},"msgid":1,"msgtime":1509978772928}', '2017-11-06');
INSERT INTO t_chatRecord (recordId, sendId, receiveId, content, recordTime) VALUES (1545, '15606911111', 'littleQ', '{"sender":"15606911111","receiver":"littleQ","type":"userMessage","content":{"message":"法萨芬撒","headImg":"images\\headImg\\14.jpg","name":"方法"},"msgid":1,"msgtime":1509978780769}', '2017-11-06');
INSERT INTO t_chatRecord (recordId, sendId, receiveId, content, recordTime) VALUES (1546, 'littleQ', '15606911111', '{"sender":"littleQ","receiver":"15606911111","type":"Message","content":{"message":"小Q很抱歉哦，无法理解你所说的内容","headImg":"images/headImg/LQ.jpeg","name":"小Q"},"msgid":1,"msgtime":1509978780783}', '2017-11-06');
INSERT INTO t_chatRecord (recordId, sendId, receiveId, content, recordTime) VALUES (1547, '10001', '15606911111', '{"sender":"10001","receiver":"15606911111","type":"touMessge","content":{"message":"防守打法","headImg":"images/headImg/cus.png","name":"客服2"},"msgid":1,"msgtime":1509978785733}', '2017-11-06');
INSERT INTO t_chatRecord (recordId, sendId, receiveId, content, recordTime) VALUES (1548, 'littleQ', '15606911111', '{"sender":"littleQ","receiver":"15606911111","type":"Message","content":{"message":"你好呀，我是小Q，你可以问我比如\"我的订单\",\"我的收货地址\"之类的问题哦，也可以输入\"人工\"转到人工客服","headImg":"images/headImg/LQ.jpeg","name":"小Q"},"msgid":1,"msgtime":1509978797963}', '2017-11-06');
INSERT INTO t_chatRecord (recordId, sendId, receiveId, content, recordTime) VALUES (1549, '15606911111', 'littleQ', '{"sender":"15606911111","receiver":"littleQ","type":"userMessage","content":{"message":"人工","headImg":"images\\headImg\\14.jpg","name":"方法"},"msgid":1,"msgtime":1509978800099}', '2017-11-06');
INSERT INTO t_chatRecord (recordId, sendId, receiveId, content, recordTime) VALUES (1550, 'littleQ', '15606911111', '{"sender":"littleQ","receiver":"15606911111","type":"Message","content":{"tips":["正在转接人工客服，请稍等"]},"msgid":1,"msgtime":1509978800114}', '2017-11-06');
INSERT INTO t_chatRecord (recordId, sendId, receiveId, content, recordTime) VALUES (1551, '15606911111', '10001', '{"sender":"15606911111","receiver":"10001","type":"userMessage","content":{"message":"范德萨发","headImg":"images\\headImg\\14.jpg","name":"方法"},"msgid":1,"msgtime":1509978806851}', '2017-11-06');
INSERT INTO t_chatRecord (recordId, sendId, receiveId, content, recordTime) VALUES (1552, '10001', '15606911111', '{"sender":"10001","receiver":"15606911111","type":"touMessge","content":{"message":"佛山市大法","headImg":"images/headImg/cus.png","name":"客服2"},"msgid":1,"msgtime":1509978827905}', '2017-11-06');
INSERT INTO t_chatRecord (recordId, sendId, receiveId, content, recordTime) VALUES (1553, 'littleQ', '15606911111', '{"sender":"littleQ","receiver":"15606911111","type":"Message","content":{"message":"你好呀，我是小Q，你可以问我比如\"我的订单\",\"我的收货地址\"之类的问题哦，也可以输入\"人工\"转到人工客服","headImg":"images/headImg/LQ.jpeg","name":"小Q"},"msgid":1,"msgtime":1509978830233}', '2017-11-06');
INSERT INTO t_chatRecord (recordId, sendId, receiveId, content, recordTime) VALUES (1554, '10001', '15606911111', '{"sender":"10001","receiver":"15606911111","type":"touMessge","content":{"message":"三大发达","headImg":"images/headImg/cus.png","name":"客服2"},"msgid":1,"msgtime":1509978842293}', '2017-11-06');
INSERT INTO t_chatRecord (recordId, sendId, receiveId, content, recordTime) VALUES (1555, '10001', '15606911111', '{"sender":"10001","receiver":"15606911111","type":"touMessge","content":{"message":"撒旦法大赛","headImg":"images/headImg/cus.png","name":"客服2"},"msgid":1,"msgtime":1509978846765}', '2017-11-06');
INSERT INTO t_chatRecord (recordId, sendId, receiveId, content, recordTime) VALUES (1556, '15606911111', '10001', '{"sender":"15606911111","receiver":"10001","type":"userMessage","content":{"message":"法法","headImg":"images\\headImg\\14.jpg","name":"方法"},"msgid":1,"msgtime":1509984588789}', '2017-11-07');
INSERT INTO t_chatRecord (recordId, sendId, receiveId, content, recordTime) VALUES (1557, 'littleQ', '15606911111', '{"sender":"littleQ","receiver":"15606911111","type":"Message","content":{"message":"你好呀，我是小Q，你可以问我比如\"我的订单\",\"我的收货地址\"之类的问题哦，也可以输入\"人工\"转到人工客服","headImg":"images/headImg/LQ.jpeg","name":"小Q"},"msgid":1,"msgtime":1510023529905}', '2017-11-07');
INSERT INTO t_chatRecord (recordId, sendId, receiveId, content, recordTime) VALUES (1558, 'littleQ', '15606911111', '{"sender":"littleQ","receiver":"15606911111","type":"Message","content":{"message":"你好呀，我是小Q，你可以问我比如\"我的订单\",\"我的收货地址\"之类的问题哦，也可以输入\"人工\"转到人工客服","headImg":"images/headImg/LQ.jpeg","name":"小Q"},"msgid":1,"msgtime":1510023690525}', '2017-11-07');
INSERT INTO t_chatRecord (recordId, sendId, receiveId, content, recordTime) VALUES (1559, 'littleQ', '15606911111', '{"sender":"littleQ","receiver":"15606911111","type":"Message","content":{"message":"你好呀，我是小Q，你可以问我比如\"我的订单\",\"我的收货地址\"之类的问题哦，也可以输入\"人工\"转到人工客服","headImg":"images/headImg/LQ.jpeg","name":"小Q"},"msgid":1,"msgtime":1510023711254}', '2017-11-07');
INSERT INTO t_chatRecord (recordId, sendId, receiveId, content, recordTime) VALUES (1560, '15606911111', 'littleQ', '{"sender":"15606911111","receiver":"littleQ","type":"userMessage","content":{"message":"我的地址","headImg":"images\\headImg\\14.jpg","name":"方法"},"msgid":1,"msgtime":1510023722976}', '2017-11-07');
INSERT INTO t_chatRecord (recordId, sendId, receiveId, content, recordTime) VALUES (1561, 'littleQ', '15606911111', '{"sender":"littleQ","receiver":"15606911111","type":"Message","content":{"tips":["操作成功"]},"msgid":1,"msgtime":1510023722985}', '2017-11-07');
INSERT INTO t_chatRecord (recordId, sendId, receiveId, content, recordTime) VALUES (1562, 'littleQ', '15606911111', '{"sender":"littleQ","receiver":"15606911111","type":"control","content":"address","msgid":1,"msgtime":1510023722985}', '2017-11-07');
INSERT INTO t_chatRecord (recordId, sendId, receiveId, content, recordTime) VALUES (1563, 'littleQ', '15606911111', '{"sender":"littleQ","receiver":"15606911111","type":"Message","content":{"message":"你好呀，我是小Q，你可以问我比如\"我的订单\",\"我的收货地址\"之类的问题哦，也可以输入\"人工\"转到人工客服","headImg":"images/headImg/LQ.jpeg","name":"小Q"},"msgid":1,"msgtime":1510027132772}', '2017-11-07');
INSERT INTO t_chatRecord (recordId, sendId, receiveId, content, recordTime) VALUES (1564, '15606911111', 'littleQ', '{"sender":"15606911111","receiver":"littleQ","type":"userMessage","content":{"message":"人工","headImg":"images\\headImg\\14.jpg","name":"方法"},"msgid":1,"msgtime":1510027135278}', '2017-11-07');
INSERT INTO t_chatRecord (recordId, sendId, receiveId, content, recordTime) VALUES (1565, 'littleQ', '15606911111', '{"sender":"littleQ","receiver":"15606911111","type":"Message","content":{"tips":["正在转接人工客服，请稍等"]},"msgid":1,"msgtime":1510027135287}', '2017-11-07');
INSERT INTO t_chatRecord (recordId, sendId, receiveId, content, recordTime) VALUES (1566, 'littleQ', '15606911111', '{"sender":"littleQ","receiver":"15606911111","type":"Message","content":{"tips":["十分抱歉，目前暂无人工客服在线"]},"msgid":1,"msgtime":1510027135287}', '2017-11-07');
INSERT INTO t_chatRecord (recordId, sendId, receiveId, content, recordTime) VALUES (1567, '15606911111', 'littleQ', '{"sender":"15606911111","receiver":"littleQ","type":"userMessage","content":{"message":"热弄","headImg":"images\\headImg\\14.jpg","name":"方法"},"msgid":1,"msgtime":1510027151239}', '2017-11-07');
INSERT INTO t_chatRecord (recordId, sendId, receiveId, content, recordTime) VALUES (1568, 'littleQ', '15606911111', '{"sender":"littleQ","receiver":"15606911111","type":"Message","content":{"message":"小Q很抱歉哦，无法理解你所说的内容","headImg":"images/headImg/LQ.jpeg","name":"小Q"},"msgid":1,"msgtime":1510027151256}', '2017-11-07');
INSERT INTO t_chatRecord (recordId, sendId, receiveId, content, recordTime) VALUES (1569, '15606911111', 'littleQ', '{"sender":"15606911111","receiver":"littleQ","type":"userMessage","content":{"message":"人工","headImg":"images\\headImg\\14.jpg","name":"方法"},"msgid":1,"msgtime":1510027153003}', '2017-11-07');
INSERT INTO t_chatRecord (recordId, sendId, receiveId, content, recordTime) VALUES (1570, 'littleQ', '15606911111', '{"sender":"littleQ","receiver":"15606911111","type":"Message","content":{"tips":["正在转接人工客服，请稍等"]},"msgid":1,"msgtime":1510027153008}', '2017-11-07');
INSERT INTO t_chatRecord (recordId, sendId, receiveId, content, recordTime) VALUES (1571, '15606911111', '10001', '{"sender":"15606911111","receiver":"10001","type":"userMessage","content":{"message":"你好哦","headImg":"images\\headImg\\14.jpg","name":"方法"},"msgid":1,"msgtime":1510027158197}', '2017-11-07');
INSERT INTO t_chatRecord (recordId, sendId, receiveId, content, recordTime) VALUES (1572, '10001', '15606911111', '{"sender":"10001","receiver":"15606911111","type":"touMessge","content":{"message":"阿什顿发是十分","headImg":"images/headImg/cus.png","name":"客服2"},"msgid":1,"msgtime":1510027162627}', '2017-11-07');
INSERT INTO t_chatRecord (recordId, sendId, receiveId, content, recordTime) VALUES (1573, '10001', '15606911111', '{"sender":"10001","receiver":"15606911111","type":"touMessge","content":{"message":"范德萨阿斯顿发生","headImg":"images/headImg/cus.png","name":"客服2"},"msgid":1,"msgtime":1510027167010}', '2017-11-07');
INSERT INTO t_chatRecord (recordId, sendId, receiveId, content, recordTime) VALUES (1574, '10001', '15606911111', '{"sender":"10001","receiver":"15606911111","type":"touMessge","content":{"message":"是多少发生的发生","headImg":"images/headImg/cus.png","name":"客服2"},"msgid":1,"msgtime":1510027195189}', '2017-11-07');
INSERT INTO t_chatRecord (recordId, sendId, receiveId, content, recordTime) VALUES (1575, 'littleQ', '15606911111', '{"sender":"littleQ","receiver":"15606911111","type":"Message","content":{"message":"你好呀，我是小Q，你可以问我比如\"我的订单\",\"我的收货地址\"之类的问题哦，也可以输入\"人工\"转到人工客服","headImg":"images/headImg/LQ.jpeg","name":"小Q"},"msgid":1,"msgtime":1510027222174}', '2017-11-07');
INSERT INTO t_chatRecord (recordId, sendId, receiveId, content, recordTime) VALUES (1576, 'littleQ', '15606911111', '{"sender":"littleQ","receiver":"15606911111","type":"Message","content":{"message":"你好呀，我是小Q，你可以问我比如\"我的订单\",\"我的收货地址\"之类的问题哦，也可以输入\"人工\"转到人工客服","headImg":"images/headImg/LQ.jpeg","name":"小Q"},"msgid":1,"msgtime":1510027287717}', '2017-11-07');
INSERT INTO t_chatRecord (recordId, sendId, receiveId, content, recordTime) VALUES (1577, '15606911111', 'littleQ', '{"sender":"15606911111","receiver":"littleQ","type":"userMessage","content":{"message":"据了解离开家","headImg":"images\\headImg\\14.jpg","name":"方法"},"msgid":1,"msgtime":1510027290581}', '2017-11-07');
INSERT INTO t_chatRecord (recordId, sendId, receiveId, content, recordTime) VALUES (1578, 'littleQ', '15606911111', '{"sender":"littleQ","receiver":"15606911111","type":"Message","content":{"message":"小Q很抱歉哦，无法理解你所说的内容","headImg":"images/headImg/LQ.jpeg","name":"小Q"},"msgid":1,"msgtime":1510027290596}', '2017-11-07');
INSERT INTO t_chatRecord (recordId, sendId, receiveId, content, recordTime) VALUES (1579, 'littleQ', '15606911111', '{"sender":"littleQ","receiver":"15606911111","type":"Message","content":{"message":"你好呀，我是小Q，你可以问我比如\"我的订单\",\"我的收货地址\"之类的问题哦，也可以输入\"人工\"转到人工客服","headImg":"images/headImg/LQ.jpeg","name":"小Q"},"msgid":1,"msgtime":1510029690343}', '2017-11-07');
INSERT INTO t_chatRecord (recordId, sendId, receiveId, content, recordTime) VALUES (1580, '15606911111', 'littleQ', '{"sender":"15606911111","receiver":"littleQ","type":"userMessage","content":{"message":"人工","headImg":"images\\headImg\\14.jpg","name":"方法"},"msgid":1,"msgtime":1510029692735}', '2017-11-07');
INSERT INTO t_chatRecord (recordId, sendId, receiveId, content, recordTime) VALUES (1581, 'littleQ', '15606911111', '{"sender":"littleQ","receiver":"15606911111","type":"Message","content":{"tips":["正在转接人工客服，请稍等"]},"msgid":1,"msgtime":1510029692739}', '2017-11-07');
INSERT INTO t_chatRecord (recordId, sendId, receiveId, content, recordTime) VALUES (1582, '15606911111', '10001', '{"sender":"15606911111","receiver":"10001","type":"userMessage","content":{"message":"范德萨发三","headImg":"images\\headImg\\14.jpg","name":"方法"},"msgid":1,"msgtime":1510029699179}', '2017-11-07');
INSERT INTO t_chatRecord (recordId, sendId, receiveId, content, recordTime) VALUES (1583, '10001', '15606911111', '{"sender":"10001","receiver":"15606911111","type":"touMessge","content":{"message":"大是大非单钻石","headImg":"images/headImg/cus.png","name":"客服2"},"msgid":1,"msgtime":1510029705896}', '2017-11-07');
INSERT INTO t_chatRecord (recordId, sendId, receiveId, content, recordTime) VALUES (1584, '15606911111', '10001', '{"sender":"15606911111","receiver":"10001","type":"userMessage","content":{"message":"的撒发生","headImg":"images\\headImg\\14.jpg","name":"方法"},"msgid":1,"msgtime":1510029713409}', '2017-11-07');
INSERT INTO t_chatRecord (recordId, sendId, receiveId, content, recordTime) VALUES (1585, '10001', '15606911111', '{"sender":"10001","receiver":"15606911111","type":"touMessge","content":{"message":"法萨芬撒","headImg":"images/headImg/cus.png","name":"客服2"},"msgid":1,"msgtime":1510029716358}', '2017-11-07');
INSERT INTO t_chatRecord (recordId, sendId, receiveId, content, recordTime) VALUES (1586, '10001', '15606911111', '{"sender":"10001","receiver":"15606911111","type":"touMessge","content":{"message":"地方是打发","headImg":"images/headImg/cus.png","name":"客服2"},"msgid":1,"msgtime":1510029722582}', '2017-11-07');
INSERT INTO t_chatRecord (recordId, sendId, receiveId, content, recordTime) VALUES (1587, '15606911111', '10001', '{"sender":"15606911111","receiver":"10001","type":"userMessage","content":{"message":"的撒发生","headImg":"images\\headImg\\14.jpg","name":"方法"},"msgid":1,"msgtime":1510029746280}', '2017-11-07');
INSERT INTO t_chatRecord (recordId, sendId, receiveId, content, recordTime) VALUES (1588, '15606911111', '10001', '{"sender":"15606911111","receiver":"10001","type":"userMessage","content":{"message":"范德萨发","headImg":"images\\headImg\\14.jpg","name":"方法"},"msgid":1,"msgtime":1510029762007}', '2017-11-07');
INSERT INTO t_chatRecord (recordId, sendId, receiveId, content, recordTime) VALUES (1589, 'littleQ', '15606911111', '{"sender":"littleQ","receiver":"15606911111","type":"Message","content":{"message":"你好呀，我是小Q，你可以问我比如\"我的订单\",\"我的收货地址\"之类的问题哦，也可以输入\"人工\"转到人工客服","headImg":"images/headImg/LQ.jpeg","name":"小Q"},"msgid":1,"msgtime":1510034750927}', '2017-11-07');
INSERT INTO t_chatRecord (recordId, sendId, receiveId, content, recordTime) VALUES (1590, '15606911111', 'littleQ', '{"sender":"15606911111","receiver":"littleQ","type":"userMessage","content":{"message":"15456645646","headImg":"images\\headImg\\14.jpg","name":"方法"},"msgid":1,"msgtime":1510034753003}', '2017-11-07');
INSERT INTO t_chatRecord (recordId, sendId, receiveId, content, recordTime) VALUES (1591, 'littleQ', '15606911111', '{"sender":"littleQ","receiver":"15606911111","type":"Message","content":{"message":"小Q很抱歉哦，无法理解你所说的内容","headImg":"images/headImg/LQ.jpeg","name":"小Q"},"msgid":1,"msgtime":1510034753009}', '2017-11-07');
INSERT INTO t_chatRecord (recordId, sendId, receiveId, content, recordTime) VALUES (1592, '15606911111', 'littleQ', '{"sender":"15606911111","receiver":"littleQ","type":"userMessage","content":{"message":"45665465456","headImg":"images\\headImg\\14.jpg","name":"方法"},"msgid":1,"msgtime":1510034755392}', '2017-11-07');
INSERT INTO t_chatRecord (recordId, sendId, receiveId, content, recordTime) VALUES (1593, 'littleQ', '15606911111', '{"sender":"littleQ","receiver":"15606911111","type":"Message","content":{"message":"小Q很抱歉哦，无法理解你所说的内容","headImg":"images/headImg/LQ.jpeg","name":"小Q"},"msgid":1,"msgtime":1510034755400}', '2017-11-07');
INSERT INTO t_chatRecord (recordId, sendId, receiveId, content, recordTime) VALUES (1594, '15606911111', 'littleQ', '{"sender":"15606911111","receiver":"littleQ","type":"userMessage","content":{"message":"33123","headImg":"images\\headImg\\14.jpg","name":"方法"},"msgid":1,"msgtime":1510034757127}', '2017-11-07');
INSERT INTO t_chatRecord (recordId, sendId, receiveId, content, recordTime) VALUES (1595, 'littleQ', '15606911111', '{"sender":"littleQ","receiver":"15606911111","type":"Message","content":{"message":"小Q很抱歉哦，无法理解你所说的内容","headImg":"images/headImg/LQ.jpeg","name":"小Q"},"msgid":1,"msgtime":1510034757130}', '2017-11-07');
INSERT INTO t_chatRecord (recordId, sendId, receiveId, content, recordTime) VALUES (1596, '15606911111', 'littleQ', '{"sender":"15606911111","receiver":"littleQ","type":"userMessage","content":{"message":"傻逼","headImg":"images\\headImg\\14.jpg","name":"方法"},"msgid":1,"msgtime":1510034763161}', '2017-11-07');
INSERT INTO t_chatRecord (recordId, sendId, receiveId, content, recordTime) VALUES (1597, 'littleQ', '15606911111', '{"sender":"littleQ","receiver":"15606911111","type":"Message","content":{"message":"小Q很抱歉哦，无法理解你所说的内容","headImg":"images/headImg/LQ.jpeg","name":"小Q"},"msgid":1,"msgtime":1510034763171}', '2017-11-07');
INSERT INTO t_chatRecord (recordId, sendId, receiveId, content, recordTime) VALUES (1598, 'littleQ', '15606911111', '{"sender":"littleQ","receiver":"15606911111","type":"Message","content":{"message":"你好呀，我是小Q，你可以问我比如\"我的订单\",\"我的收货地址\"之类的问题哦，也可以输入\"人工\"转到人工客服","headImg":"images/headImg/LQ.jpeg","name":"小Q"},"msgid":1,"msgtime":1510037866873}', '2017-11-07');
INSERT INTO t_chatRecord (recordId, sendId, receiveId, content, recordTime) VALUES (1599, 'littleQ', '15606911111', '{"sender":"littleQ","receiver":"15606911111","type":"Message","content":{"message":"你好呀，我是小Q，你可以问我比如\"我的订单\",\"我的收货地址\"之类的问题哦，也可以输入\"人工\"转到人工客服","headImg":"images/headImg/LQ.jpeg","name":"小Q"},"msgid":1,"msgtime":1510040611204}', '2017-11-07');
INSERT INTO t_chatRecord (recordId, sendId, receiveId, content, recordTime) VALUES (1600, 'littleQ', '15606911111', '{"sender":"littleQ","receiver":"15606911111","type":"Message","content":{"message":"你好呀，我是小Q，你可以问我比如\"我的订单\",\"我的收货地址\"之类的问题哦，也可以输入\"人工\"转到人工客服","headImg":"images/headImg/LQ.jpeg","name":"小Q"},"msgid":1,"msgtime":1510040625441}', '2017-11-07');
INSERT INTO t_chatRecord (recordId, sendId, receiveId, content, recordTime) VALUES (1601, '15606911111', 'littleQ', '{"sender":"15606911111","receiver":"littleQ","type":"userMessage","content":{"message":"人工","headImg":"images\\headImg\\14.jpg","name":"方法"},"msgid":1,"msgtime":1510040627609}', '2017-11-07');
INSERT INTO t_chatRecord (recordId, sendId, receiveId, content, recordTime) VALUES (1602, 'littleQ', '15606911111', '{"sender":"littleQ","receiver":"15606911111","type":"Message","content":{"tips":["正在转接人工客服，请稍等"]},"msgid":1,"msgtime":1510040627613}', '2017-11-07');
INSERT INTO t_chatRecord (recordId, sendId, receiveId, content, recordTime) VALUES (1603, '15606911111', '10001', '{"sender":"15606911111","receiver":"10001","type":"userMessage","content":{"message":"爱思地方大师傅","headImg":"images\\headImg\\14.jpg","name":"方法"},"msgid":1,"msgtime":1510040632215}', '2017-11-07');
INSERT INTO t_chatRecord (recordId, sendId, receiveId, content, recordTime) VALUES (1604, '10001', '15606911111', '{"sender":"10001","receiver":"15606911111","type":"touMessge","content":{"message":"撒地方萨芬撒发","headImg":"images/headImg/cus.png","name":"客服2"},"msgid":1,"msgtime":1510040636260}', '2017-11-07');
INSERT INTO t_chatRecord (recordId, sendId, receiveId, content, recordTime) VALUES (1605, '10001', '15606911111', '{"sender":"10001","receiver":"15606911111","type":"touMessge","content":{"message":"分撒旦法大师傅散发","headImg":"images/headImg/cus.png","name":"客服2"},"msgid":1,"msgtime":1510040637650}', '2017-11-07');
INSERT INTO t_chatRecord (recordId, sendId, receiveId, content, recordTime) VALUES (1606, '10001', '15606911111', '{"sender":"10001","receiver":"15606911111","type":"touMessge","content":{"message":"dsaf阿斯蒂芬sd 发达","headImg":"images/headImg/cus.png","name":"客服2"},"msgid":1,"msgtime":1510040638936}', '2017-11-07');
INSERT INTO t_chatRecord (recordId, sendId, receiveId, content, recordTime) VALUES (1607, '10001', '15606911111', '{"sender":"10001","receiver":"15606911111","type":"touMessge","content":{"message":"范德萨发的","headImg":"images/headImg/cus.png","name":"客服2"},"msgid":1,"msgtime":1510040639971}', '2017-11-07');
INSERT INTO t_chatRecord (recordId, sendId, receiveId, content, recordTime) VALUES (1608, '10001', '15606911111', '{"sender":"10001","receiver":"15606911111","type":"touMessge","content":{"message":"发达发生的是空的缴费了撒砥砺奋进","headImg":"images/headImg/cus.png","name":"客服2"},"msgid":1,"msgtime":1510040681240}', '2017-11-07');
INSERT INTO t_chatRecord (recordId, sendId, receiveId, content, recordTime) VALUES (1609, '10001', '15606911111', '{"sender":"10001","receiver":"15606911111","type":"touMessge","content":{"message":"发达发生的富士达范德萨风口浪尖ad房间爱思缴费的记录","headImg":"images/headImg/cus.png","name":"客服2"},"msgid":1,"msgtime":1510040706600}', '2017-11-07');
INSERT INTO t_chatRecord (recordId, sendId, receiveId, content, recordTime) VALUES (1610, 'littleQ', '15606911237', '{"sender":"littleQ","receiver":"15606911237","type":"Message","content":{"message":"你好呀，我是小Q，你可以问我比如\"我的订单\",\"我的收货地址\"之类的问题哦，也可以输入\"人工\"转到人工客服","headImg":"images/headImg/LQ.jpeg","name":"小Q"},"msgid":1,"msgtime":1510044363434}', '2017-11-07');
INSERT INTO t_chatRecord (recordId, sendId, receiveId, content, recordTime) VALUES (1611, 'littleQ', '15606912345', '{"sender":"littleQ","receiver":"15606912345","type":"Message","content":{"message":"你好呀，我是小Q，你可以问我比如\"我的订单\",\"我的收货地址\"之类的问题哦，也可以输入\"人工\"转到人工客服","headImg":"images/headImg/LQ.jpeg","name":"小Q"},"msgid":1,"msgtime":1510044637493}', '2017-11-07');
INSERT INTO t_chatRecord (recordId, sendId, receiveId, content, recordTime) VALUES (1612, '15606912345', 'littleQ', '{"sender":"15606912345","receiver":"littleQ","type":"userMessage","content":{"message":"修改密码","headImg":"images\\headImg\\14.jpg","name":"aaaaaa"},"msgid":1,"msgtime":1510044646028}', '2017-11-07');
INSERT INTO t_chatRecord (recordId, sendId, receiveId, content, recordTime) VALUES (1613, 'littleQ', '15606912345', '{"sender":"littleQ","receiver":"15606912345","type":"Message","content":{"tips":["操作成功"]},"msgid":1,"msgtime":1510044646034}', '2017-11-07');
INSERT INTO t_chatRecord (recordId, sendId, receiveId, content, recordTime) VALUES (1614, 'littleQ', '15606912345', '{"sender":"littleQ","receiver":"15606912345","type":"control","content":"conpsw","msgid":1,"msgtime":1510044646034}', '2017-11-07');
INSERT INTO t_chatRecord (recordId, sendId, receiveId, content, recordTime) VALUES (1615, '15606911111', 'littleQ', '{"sender":"15606911111","receiver":"littleQ","type":"visitorMessage","content":{"message":"人工","headImg":"images\\headImg\\14.jpg","name":"方法"},"msgid":1,"msgtime":1510029741589,"headImg":"images\\headImg\\14.jpg"}', '2017-11-07');
INSERT INTO t_chatRecord (recordId, sendId, receiveId, content, recordTime) VALUES (1616, 'littleQ', '15606911111', '{"sender":"littleQ","receiver":"15606911111","type":"Message","content":{"tips":["正在转接人工客服，请稍等"],"headImg":"images\\headImg\\14.jpg"},"msgid":1,"msgtime":1510029741597,"headImg":"images\\headImg\\14.jpg"}', '2017-11-07');
INSERT INTO t_chatRecord (recordId, sendId, receiveId, content, recordTime) VALUES (1617, '15606911111', '10001', '{"sender":"15606911111","receiver":"10001","type":"visitorMessage","content":{"message":"大事发生大发","headImg":"images\\headImg\\14.jpg","name":"方法"},"msgid":1,"msgtime":1510029750413,"headImg":"images\\headImg\\14.jpg"}', '2017-11-07');
INSERT INTO t_chatRecord (recordId, sendId, receiveId, content, recordTime) VALUES (1618, '10001', '15606911111', '{"sender":"10001","receiver":"15606911111","type":"tovMessage","content":{"message":"范德萨发","headImg":"images\\headImg\\14.jpg","name":"客服2"},"msgid":1,"msgtime":1510029756402,"headImg":"images\\headImg\\14.jpg"}', '2017-11-07');
INSERT INTO t_chatRecord (recordId, sendId, receiveId, content, recordTime) VALUES (1619, '15606911111', '10001', '{"sender":"15606911111","receiver":"10001","type":"visitorMessage","content":{"message":"的撒发生大发","headImg":"images\\headImg\\14.jpg","name":"方法"},"msgid":1,"msgtime":1510029758767,"headImg":"images\\headImg\\14.jpg"}', '2017-11-07');
INSERT INTO t_chatRecord (recordId, sendId, receiveId, content, recordTime) VALUES (1620, '15606911111', 'littleQ', '{"sender":"15606911111","receiver":"littleQ","type":"visitorMessage","content":{"message":"人工","headImg":"images\\headImg\\14.jpg","name":"方法"},"msgid":1,"msgtime":1510040660982,"headImg":"images\\headImg\\14.jpg"}', '2017-11-07');
INSERT INTO t_chatRecord (recordId, sendId, receiveId, content, recordTime) VALUES (1621, 'littleQ', '15606911111', '{"sender":"littleQ","receiver":"15606911111","type":"Message","content":{"tips":["正在转接人工客服，请稍等"],"headImg":"images\\headImg\\14.jpg"},"msgid":1,"msgtime":1510040660988,"headImg":"images\\headImg\\14.jpg"}', '2017-11-07');
INSERT INTO t_chatRecord (recordId, sendId, receiveId, content, recordTime) VALUES (1622, '15606911111', '10001', '{"sender":"15606911111","receiver":"10001","type":"visitorMessage","content":{"message":"的撒发生大发","headImg":"images\\headImg\\14.jpg","name":"方法"},"msgid":1,"msgtime":1510040663397,"headImg":"images\\headImg\\14.jpg"}', '2017-11-07');
INSERT INTO t_chatRecord (recordId, sendId, receiveId, content, recordTime) VALUES (1623, '15606911111', '10001', '{"sender":"15606911111","receiver":"10001","type":"visitorMessage","content":{"message":"沙发斯蒂芬","headImg":"images\\headImg\\14.jpg","name":"方法"},"msgid":1,"msgtime":1510040664116,"headImg":"images\\headImg\\14.jpg"}', '2017-11-07');
INSERT INTO t_chatRecord (recordId, sendId, receiveId, content, recordTime) VALUES (1624, '10001', '15606911111', '{"sender":"10001","receiver":"15606911111","type":"tovMessage","content":{"message":"范德萨发三发生的发生开课了发斯蒂芬就卡了","headImg":"images\\headImg\\14.jpg","name":"客服2"},"msgid":1,"msgtime":1510040672680,"headImg":"images\\headImg\\14.jpg"}', '2017-11-07');
INSERT INTO t_chatRecord (recordId, sendId, receiveId, content, recordTime) VALUES (1625, '15606911111', 'littleQ', '{"sender":"15606911111","receiver":"littleQ","type":"visitorMessage","content":{"message":"发达发生的发","headImg":"images\\headImg\\14.jpg","name":"方法"},"msgid":1,"msgtime":1510045056135,"headImg":"images\\headImg\\14.jpg"}', '2017-11-07');
INSERT INTO t_chatRecord (recordId, sendId, receiveId, content, recordTime) VALUES (1626, 'littleQ', '15606911111', '{"sender":"littleQ","receiver":"15606911111","type":"Message","content":{"message":"小Q很抱歉哦，无法理解你所说的内容","headImg":"images\\headImg\\14.jpg","name":"小Q"},"msgid":1,"msgtime":1510045056141,"headImg":"images\\headImg\\14.jpg"}', '2017-11-07');
INSERT INTO t_chatRecord (recordId, sendId, receiveId, content, recordTime) VALUES (1627, '15606911111', 'littleQ', '{"sender":"15606911111","receiver":"littleQ","type":"visitorMessage","content":{"message":"法法师","headImg":"images\\headImg\\14.jpg","name":"方法"},"msgid":1,"msgtime":1510045058317,"headImg":"images\\headImg\\14.jpg"}', '2017-11-07');
INSERT INTO t_chatRecord (recordId, sendId, receiveId, content, recordTime) VALUES (1628, 'littleQ', '15606911111', '{"sender":"littleQ","receiver":"15606911111","type":"Message","content":{"message":"小Q很抱歉哦，无法理解你所说的内容","headImg":"images\\headImg\\14.jpg","name":"小Q"},"msgid":1,"msgtime":1510045058321,"headImg":"images\\headImg\\14.jpg"}', '2017-11-07');
INSERT INTO t_chatRecord (recordId, sendId, receiveId, content, recordTime) VALUES (1629, '15606911111', 'littleQ', '{"sender":"15606911111","receiver":"littleQ","type":"visitorMessage","content":{"message":"人工","headImg":"images\\headImg\\14.jpg","name":"方法"},"msgid":1,"msgtime":1510045233883,"headImg":"images\\headImg\\14.jpg"}', '2017-11-07');
INSERT INTO t_chatRecord (recordId, sendId, receiveId, content, recordTime) VALUES (1630, '15606911111', '10001', '{"sender":"15606911111","receiver":"10001","type":"visitorMessage","content":{"message":"发撒打发斯蒂芬","headImg":"images\\headImg\\14.jpg","name":"方法"},"msgid":1,"msgtime":1510040662712,"headImg":"images\\headImg\\14.jpg"}', '2017-11-07');
INSERT INTO t_chatRecord (recordId, sendId, receiveId, content, recordTime) VALUES (1631, 'littleQ', '15606911111', '{"sender":"littleQ","receiver":"15606911111","type":"Message","content":{"tips":["正在转接人工客服，请稍等"],"headImg":"images\\headImg\\14.jpg"},"msgid":1,"msgtime":1510045233888,"headImg":"images\\headImg\\14.jpg"}', '2017-11-07');
INSERT INTO t_chatRecord (recordId, sendId, receiveId, content, recordTime) VALUES (1632, 'littleQ', '15606911111', '{"sender":"littleQ","receiver":"15606911111","type":"Message","content":{"tips":["十分抱歉，目前暂无人工客服在线"],"headImg":"images\\headImg\\14.jpg"},"msgid":1,"msgtime":1510045233888,"headImg":"images\\headImg\\14.jpg"}', '2017-11-07');
INSERT INTO t_chatRecord (recordId, sendId, receiveId, content, recordTime) VALUES (1633, '15606911111', '10001', '{"sender":"15606911111","receiver":"10001","type":"visitorMessage","content":{"message":"范德萨发","headImg":"images\\headImg\\14.jpg","name":"方法"},"msgid":1,"msgtime":1510045303211,"headImg":"images\\headImg\\14.jpg"}', '2017-11-07');
INSERT INTO t_chatRecord (recordId, sendId, receiveId, content, recordTime) VALUES (1634, 'littleQ', '15606911111', '{"sender":"littleQ","receiver":"15606911111","type":"Message","content":{"message":"你好呀，我是小Q，你可以问我比如\"我的订单\",\"我的收货地址\"之类的问题哦，也可以输入\"人工\"转到人工客服","headImg":"images\\headImg\\14.jpg","name":"小Q"},"msgid":1,"msgtime":1510045309742,"headImg":"images\\headImg\\14.jpg"}', '2017-11-07');
INSERT INTO t_chatRecord (recordId, sendId, receiveId, content, recordTime) VALUES (1635, '15606911111', 'littleQ', '{"sender":"15606911111","receiver":"littleQ","type":"visitorMessage","content":{"message":"人工","headImg":"images\\headImg\\14.jpg","name":"方法"},"msgid":1,"msgtime":1510045311769,"headImg":"images\\headImg\\14.jpg"}', '2017-11-07');
INSERT INTO t_chatRecord (recordId, sendId, receiveId, content, recordTime) VALUES (1636, 'littleQ', '15606911111', '{"sender":"littleQ","receiver":"15606911111","type":"Message","content":{"tips":["正在转接人工客服，请稍等"],"headImg":"images\\headImg\\14.jpg"},"msgid":1,"msgtime":1510045311773,"headImg":"images\\headImg\\14.jpg"}', '2017-11-07');
INSERT INTO t_chatRecord (recordId, sendId, receiveId, content, recordTime) VALUES (1637, 'littleQ', '15606911111', '{"sender":"littleQ","receiver":"15606911111","type":"Message","content":{"message":"你好呀，我是小Q，你可以问我比如\"我的订单\",\"我的收货地址\"之类的问题哦，也可以输入\"人工\"转到人工客服","headImg":"images\\headImg\\14.jpg","name":"小Q"},"msgid":1,"msgtime":1510045323204,"headImg":"images\\headImg\\14.jpg"}', '2017-11-07');
INSERT INTO t_chatRecord (recordId, sendId, receiveId, content, recordTime) VALUES (1638, 'littleQ', '15606911111', '{"sender":"littleQ","receiver":"15606911111","type":"Message","content":{"message":"小Q很抱歉哦，无法理解你所说的内容","headImg":"images\\headImg\\14.jpg","name":"小Q"},"msgid":1,"msgtime":1510045324869,"headImg":"images\\headImg\\14.jpg"}', '2017-11-07');
INSERT INTO t_chatRecord (recordId, sendId, receiveId, content, recordTime) VALUES (1639, '15606911111', 'littleQ', '{"sender":"15606911111","receiver":"littleQ","type":"visitorMessage","content":{"message":"人工","headImg":"images\\headImg\\14.jpg","name":"方法"},"msgid":1,"msgtime":1510045337362,"headImg":"images\\headImg\\14.jpg"}', '2017-11-07');
INSERT INTO t_chatRecord (recordId, sendId, receiveId, content, recordTime) VALUES (1640, 'littleQ', '15606911111', '{"sender":"littleQ","receiver":"15606911111","type":"Message","content":{"tips":["正在转接人工客服，请稍等"],"headImg":"images\\headImg\\14.jpg"},"msgid":1,"msgtime":1510045337365,"headImg":"images\\headImg\\14.jpg"}', '2017-11-07');
INSERT INTO t_chatRecord (recordId, sendId, receiveId, content, recordTime) VALUES (1641, '15606911111', '10001', '{"sender":"15606911111","receiver":"10001","type":"visitorMessage","content":{"message":"发达发生的","headImg":"images\\headImg\\14.jpg","name":"方法"},"msgid":1,"msgtime":1510045341633,"headImg":"images\\headImg\\14.jpg"}', '2017-11-07');
INSERT INTO t_chatRecord (recordId, sendId, receiveId, content, recordTime) VALUES (1642, '15606911111', '10001', '{"sender":"15606911111","receiver":"10001","type":"visitorMessage","content":{"message":"防守打法的","headImg":"images\\headImg\\14.jpg","name":"方法"},"msgid":1,"msgtime":1510045351613,"headImg":"images\\headImg\\14.jpg"}', '2017-11-07');
INSERT INTO t_chatRecord (recordId, sendId, receiveId, content, recordTime) VALUES (1643, '15606911111', '10001', '{"sender":"15606911111","receiver":"10001","type":"visitorMessage","content":{"message":"发达发生的","headImg":"images\\headImg\\14.jpg","name":"方法"},"msgid":1,"msgtime":1510045355930,"headImg":"images\\headImg\\14.jpg"}', '2017-11-07');
INSERT INTO t_chatRecord (recordId, sendId, receiveId, content, recordTime) VALUES (1644, '10001', '15606911111', '{"sender":"10001","receiver":"15606911111","type":"tovMessage","content":{"message":"防守打法","headImg":"images\\headImg\\14.jpg","name":"客服2"},"msgid":1,"msgtime":1510045316216,"headImg":"images\\headImg\\14.jpg"}', '2017-11-07');
INSERT INTO t_chatRecord (recordId, sendId, receiveId, content, recordTime) VALUES (1645, 'littleQ', '15606911111', '{"sender":"littleQ","receiver":"15606911111","type":"Message","content":{"message":"你好呀，我是小Q，你可以问我比如\"我的订单\",\"我的收货地址\"之类的问题哦，也可以输入\"人工\"转到人工客服","headImg":"images\\headImg\\14.jpg","name":"小Q"},"msgid":1,"msgtime":1510045392547,"headImg":"images\\headImg\\14.jpg"}', '2017-11-07');
INSERT INTO t_chatRecord (recordId, sendId, receiveId, content, recordTime) VALUES (1646, '15606911111', 'littleQ', '{"sender":"15606911111","receiver":"littleQ","type":"visitorMessage","content":{"message":"个人中心","headImg":"images\\headImg\\14.jpg","name":"方法"},"msgid":1,"msgtime":1510045396909,"headImg":"images\\headImg\\14.jpg"}', '2017-11-07');
INSERT INTO t_chatRecord (recordId, sendId, receiveId, content, recordTime) VALUES (1647, 'littleQ', '15606911111', '{"sender":"littleQ","receiver":"15606911111","type":"Message","content":{"tips":["请登录后进行该操作"],"headImg":"images\\headImg\\14.jpg"},"msgid":1,"msgtime":1510045396917,"headImg":"images\\headImg\\14.jpg"}', '2017-11-07');
INSERT INTO t_chatRecord (recordId, sendId, receiveId, content, recordTime) VALUES (1648, '15606911111', 'littleQ', '{"sender":"15606911111","receiver":"littleQ","type":"visitorMessage","content":{"message":"注销","headImg":"images\\headImg\\14.jpg","name":"方法"},"msgid":1,"msgtime":1510045401828,"headImg":"images\\headImg\\14.jpg"}', '2017-11-07');
INSERT INTO t_chatRecord (recordId, sendId, receiveId, content, recordTime) VALUES (1649, 'littleQ', '15606911111', '{"sender":"littleQ","receiver":"15606911111","type":"Message","content":{"tips":["您尚未登录"],"headImg":"images\\headImg\\14.jpg"},"msgid":1,"msgtime":1510045401835,"headImg":"images\\headImg\\14.jpg"}', '2017-11-07');
INSERT INTO t_chatRecord (recordId, sendId, receiveId, content, recordTime) VALUES (1650, '15606911111', 'littleQ', '{"sender":"15606911111","receiver":"littleQ","type":"visitorMessage","content":{"message":"修改地址","headImg":"images\\headImg\\14.jpg","name":"方法"},"msgid":1,"msgtime":1510045406853,"headImg":"images\\headImg\\14.jpg"}', '2017-11-07');
INSERT INTO t_chatRecord (recordId, sendId, receiveId, content, recordTime) VALUES (1651, 'littleQ', '15606911111', '{"sender":"littleQ","receiver":"15606911111","type":"Message","content":{"message":"小Q很抱歉哦，无法理解你所说的内容","headImg":"images\\headImg\\14.jpg","name":"小Q"},"msgid":1,"msgtime":1510045406858,"headImg":"images\\headImg\\14.jpg"}', '2017-11-07');
INSERT INTO t_chatRecord (recordId, sendId, receiveId, content, recordTime) VALUES (1652, 'littleQ', '15606911111', '{"sender":"littleQ","receiver":"15606911111","type":"Message","content":{"tips":["请登录后进行该操作"],"headImg":"images\\headImg\\14.jpg"},"msgid":1,"msgtime":1510045409199,"headImg":"images\\headImg\\14.jpg"}', '2017-11-07');
INSERT INTO t_chatRecord (recordId, sendId, receiveId, content, recordTime) VALUES (1653, '15606911111', 'littleQ', '{"sender":"15606911111","receiver":"littleQ","type":"visitorMessage","content":{"message":"登录","headImg":"images\\headImg\\14.jpg","name":"方法"},"msgid":1,"msgtime":1510045414536,"headImg":"images\\headImg\\14.jpg"}', '2017-11-07');
INSERT INTO t_chatRecord (recordId, sendId, receiveId, content, recordTime) VALUES (1654, 'littleQ', '15606911111', '{"sender":"littleQ","receiver":"15606911111","type":"Message","content":{"tips":["操作成功"],"headImg":"images\\headImg\\14.jpg"},"msgid":1,"msgtime":1510045414543,"headImg":"images\\headImg\\14.jpg"}', '2017-11-07');
INSERT INTO t_chatRecord (recordId, sendId, receiveId, content, recordTime) VALUES (1655, 'littleQ', '15606911111', '{"sender":"littleQ","receiver":"15606911111","type":"control","content":"login","msgid":1,"msgtime":1510045414543,"headImg":"images\\headImg\\14.jpg"}', '2017-11-07');
INSERT INTO t_chatRecord (recordId, sendId, receiveId, content, recordTime) VALUES (1656, '15606911111', 'littleQ', '{"sender":"15606911111","receiver":"littleQ","type":"visitorMessage","content":{"message":"范德萨范德萨","headImg":"images\\headImg\\14.jpg","name":"方法"},"msgid":1,"msgtime":1510045324864,"headImg":"images\\headImg\\14.jpg"}', '2017-11-07');
INSERT INTO t_chatRecord (recordId, sendId, receiveId, content, recordTime) VALUES (1657, 'littleQ', '15606911111', '{"sender":"littleQ","receiver":"15606911111","type":"Message","content":{"message":"你好呀，我是小Q，你可以问我比如\"我的订单\",\"我的收货地址\"之类的问题哦，也可以输入\"人工\"转到人工客服","headImg":"images\\headImg\\14.jpg","name":"小Q"},"msgid":1,"msgtime":1510045334732,"headImg":"images\\headImg\\14.jpg"}', '2017-11-07');
INSERT INTO t_chatRecord (recordId, sendId, receiveId, content, recordTime) VALUES (1658, '15606911111', 'littleQ', '{"sender":"15606911111","receiver":"littleQ","type":"visitorMessage","content":{"message":"我的地址","headImg":"images\\headImg\\14.jpg","name":"方法"},"msgid":1,"msgtime":1510045409195,"headImg":"images\\headImg\\14.jpg"}', '2017-11-07');
INSERT INTO t_chatRecord (recordId, sendId, receiveId, content, recordTime) VALUES (1659, 'littleQ', '15606911111', '{"sender":"littleQ","receiver":"15606911111","type":"Message","content":{"message":"你好呀，我是小Q，你可以问我比如\"我的订单\",\"我的收货地址\"之类的问题哦，也可以输入\"人工\"转到人工客服","headImg":"images/headImg/LQ.jpeg","name":"小Q"},"msgid":1,"msgtime":1510045465771}', '2017-11-07');
INSERT INTO t_chatRecord (recordId, sendId, receiveId, content, recordTime) VALUES (1660, '15606911111', 'littleQ', '{"sender":"15606911111","receiver":"littleQ","type":"userMessage","content":{"message":"我的地址","headImg":"images\\headImg\\14.jpg","name":"方法"},"msgid":1,"msgtime":1510045476539}', '2017-11-07');
INSERT INTO t_chatRecord (recordId, sendId, receiveId, content, recordTime) VALUES (1661, 'littleQ', '15606911111', '{"sender":"littleQ","receiver":"15606911111","type":"Message","content":{"tips":["操作成功"]},"msgid":1,"msgtime":1510045476552}', '2017-11-07');
INSERT INTO t_chatRecord (recordId, sendId, receiveId, content, recordTime) VALUES (1662, 'littleQ', '15606911111', '{"sender":"littleQ","receiver":"15606911111","type":"control","content":"address","msgid":1,"msgtime":1510045476552}', '2017-11-07');
INSERT INTO t_chatRecord (recordId, sendId, receiveId, content, recordTime) VALUES (1663, 'littleQ', '15606911111', '{"sender":"littleQ","receiver":"15606911111","type":"Message","content":{"message":"你好呀，我是小Q，你可以问我比如\"我的订单\",\"我的收货地址\"之类的问题哦，也可以输入\"人工\"转到人工客服","headImg":"images/headImg/LQ.jpeg","name":"小Q"},"msgid":1,"msgtime":1510045478377}', '2017-11-07');
INSERT INTO t_chatRecord (recordId, sendId, receiveId, content, recordTime) VALUES (1664, '15606911111', 'littleQ', '{"sender":"15606911111","receiver":"littleQ","type":"userMessage","content":{"message":"添加地址","headImg":"images\\headImg\\14.jpg","name":"方法"},"msgid":1,"msgtime":1510045481484}', '2017-11-07');
INSERT INTO t_chatRecord (recordId, sendId, receiveId, content, recordTime) VALUES (1665, 'littleQ', '15606911111', '{"sender":"littleQ","receiver":"15606911111","type":"Message","content":{"tips":["操作成功"]},"msgid":1,"msgtime":1510045481492}', '2017-11-07');
INSERT INTO t_chatRecord (recordId, sendId, receiveId, content, recordTime) VALUES (1666, 'littleQ', '15606911111', '{"sender":"littleQ","receiver":"15606911111","type":"control","content":"addadd","msgid":1,"msgtime":1510045481492}', '2017-11-07');
INSERT INTO t_chatRecord (recordId, sendId, receiveId, content, recordTime) VALUES (1667, 'littleQ', '15606911111', '{"sender":"littleQ","receiver":"15606911111","type":"Message","content":{"message":"你好呀，我是小Q，你可以问我比如\"我的订单\",\"我的收货地址\"之类的问题哦，也可以输入\"人工\"转到人工客服","headImg":"images/headImg/LQ.jpeg","name":"小Q"},"msgid":1,"msgtime":1510045485601}', '2017-11-07');
INSERT INTO t_chatRecord (recordId, sendId, receiveId, content, recordTime) VALUES (1668, '15606911111', 'littleQ', '{"sender":"15606911111","receiver":"littleQ","type":"userMessage","content":{"message":"修改昵称","headImg":"images\\headImg\\14.jpg","name":"方法"},"msgid":1,"msgtime":1510045488377}', '2017-11-07');
INSERT INTO t_chatRecord (recordId, sendId, receiveId, content, recordTime) VALUES (1669, 'littleQ', '15606911111', '{"sender":"littleQ","receiver":"15606911111","type":"Message","content":{"tips":["操作成功"]},"msgid":1,"msgtime":1510045488383}', '2017-11-07');
INSERT INTO t_chatRecord (recordId, sendId, receiveId, content, recordTime) VALUES (1670, 'littleQ', '15606911111', '{"sender":"littleQ","receiver":"15606911111","type":"control","content":"connickname","msgid":1,"msgtime":1510045488383}', '2017-11-07');
INSERT INTO t_chatRecord (recordId, sendId, receiveId, content, recordTime) VALUES (1671, 'littleQ', '15606911111', '{"sender":"littleQ","receiver":"15606911111","type":"Message","content":{"message":"你好呀，我是小Q，你可以问我比如\"我的订单\",\"我的收货地址\"之类的问题哦，也可以输入\"人工\"转到人工客服","headImg":"images/headImg/LQ.jpeg","name":"小Q"},"msgid":1,"msgtime":1510045490033}', '2017-11-07');
INSERT INTO t_chatRecord (recordId, sendId, receiveId, content, recordTime) VALUES (1672, '15606911111', 'littleQ', '{"sender":"15606911111","receiver":"littleQ","type":"userMessage","content":{"message":"修改密码","headImg":"images\\headImg\\14.jpg","name":"方法"},"msgid":1,"msgtime":1510045492687}', '2017-11-07');
INSERT INTO t_chatRecord (recordId, sendId, receiveId, content, recordTime) VALUES (1673, 'littleQ', '15606911111', '{"sender":"littleQ","receiver":"15606911111","type":"Message","content":{"tips":["操作成功"]},"msgid":1,"msgtime":1510045492702}', '2017-11-07');
INSERT INTO t_chatRecord (recordId, sendId, receiveId, content, recordTime) VALUES (1674, 'littleQ', '15606911111', '{"sender":"littleQ","receiver":"15606911111","type":"control","content":"conpsw","msgid":1,"msgtime":1510045492702}', '2017-11-07');
INSERT INTO t_chatRecord (recordId, sendId, receiveId, content, recordTime) VALUES (1675, 'littleQ', '15606911111', '{"sender":"littleQ","receiver":"15606911111","type":"Message","content":{"message":"你好呀，我是小Q，你可以问我比如\"我的订单\",\"我的收货地址\"之类的问题哦，也可以输入\"人工\"转到人工客服","headImg":"images/headImg/LQ.jpeg","name":"小Q"},"msgid":1,"msgtime":1510045494217}', '2017-11-07');
INSERT INTO t_chatRecord (recordId, sendId, receiveId, content, recordTime) VALUES (1676, '15606911111', 'littleQ', '{"sender":"15606911111","receiver":"littleQ","type":"userMessage","content":{"message":"充值","headImg":"images\\headImg\\14.jpg","name":"方法"},"msgid":1,"msgtime":1510045502270}', '2017-11-07');
INSERT INTO t_chatRecord (recordId, sendId, receiveId, content, recordTime) VALUES (1677, 'littleQ', '15606911111', '{"sender":"littleQ","receiver":"15606911111","type":"Message","content":{"tips":["操作成功"]},"msgid":1,"msgtime":1510045502288}', '2017-11-07');
INSERT INTO t_chatRecord (recordId, sendId, receiveId, content, recordTime) VALUES (1678, 'littleQ', '15606911111', '{"sender":"littleQ","receiver":"15606911111","type":"control","content":"congetmon","msgid":1,"msgtime":1510045502288}', '2017-11-07');
INSERT INTO t_chatRecord (recordId, sendId, receiveId, content, recordTime) VALUES (1679, 'littleQ', '15606911111', '{"sender":"littleQ","receiver":"15606911111","type":"Message","content":{"message":"你好呀，我是小Q，你可以问我比如\"我的订单\",\"我的收货地址\"之类的问题哦，也可以输入\"人工\"转到人工客服","headImg":"images/headImg/LQ.jpeg","name":"小Q"},"msgid":1,"msgtime":1510045504384}', '2017-11-07');
INSERT INTO t_chatRecord (recordId, sendId, receiveId, content, recordTime) VALUES (1680, '15606911111', 'littleQ', '{"sender":"15606911111","receiver":"littleQ","type":"userMessage","content":{"message":"已过去定的","headImg":"images\\headImg\\14.jpg","name":"方法"},"msgid":1,"msgtime":1510045508511}', '2017-11-07');
INSERT INTO t_chatRecord (recordId, sendId, receiveId, content, recordTime) VALUES (1681, 'littleQ', '15606911111', '{"sender":"littleQ","receiver":"15606911111","type":"Message","content":{"message":"小Q很抱歉哦，无法理解你所说的内容","headImg":"images/headImg/LQ.jpeg","name":"小Q"},"msgid":1,"msgtime":1510045508527}', '2017-11-07');
INSERT INTO t_chatRecord (recordId, sendId, receiveId, content, recordTime) VALUES (1682, '15606911111', 'littleQ', '{"sender":"15606911111","receiver":"littleQ","type":"userMessage","content":{"message":"已过期订单","headImg":"images\\headImg\\14.jpg","name":"方法"},"msgid":1,"msgtime":1510045512112}', '2017-11-07');
INSERT INTO t_chatRecord (recordId, sendId, receiveId, content, recordTime) VALUES (1683, 'littleQ', '15606911111', '{"sender":"littleQ","receiver":"15606911111","type":"Message","content":{"tips":["操作成功"]},"msgid":1,"msgtime":1510045512117}', '2017-11-07');
INSERT INTO t_chatRecord (recordId, sendId, receiveId, content, recordTime) VALUES (1684, 'littleQ', '15606911111', '{"sender":"littleQ","receiver":"15606911111","type":"control","content":"conclose","msgid":1,"msgtime":1510045512117}', '2017-11-07');
INSERT INTO t_chatRecord (recordId, sendId, receiveId, content, recordTime) VALUES (1685, 'littleQ', '15606911111', '{"sender":"littleQ","receiver":"15606911111","type":"Message","content":{"message":"你好呀，我是小Q，你可以问我比如\"我的订单\",\"我的收货地址\"之类的问题哦，也可以输入\"人工\"转到人工客服","headImg":"images/headImg/LQ.jpeg","name":"小Q"},"msgid":1,"msgtime":1510045514865}', '2017-11-07');
INSERT INTO t_chatRecord (recordId, sendId, receiveId, content, recordTime) VALUES (1686, '15606911111', 'littleQ', '{"sender":"15606911111","receiver":"littleQ","type":"userMessage","content":{"message":"已支付订单","headImg":"images\\headImg\\14.jpg","name":"方法"},"msgid":1,"msgtime":1510045518836}', '2017-11-07');
INSERT INTO t_chatRecord (recordId, sendId, receiveId, content, recordTime) VALUES (1687, 'littleQ', '15606911111', '{"sender":"littleQ","receiver":"15606911111","type":"Message","content":{"tips":["操作成功"]},"msgid":1,"msgtime":1510045518840}', '2017-11-07');
INSERT INTO t_chatRecord (recordId, sendId, receiveId, content, recordTime) VALUES (1688, 'littleQ', '15606911111', '{"sender":"littleQ","receiver":"15606911111","type":"control","content":"conpayed","msgid":1,"msgtime":1510045518840}', '2017-11-07');
INSERT INTO t_chatRecord (recordId, sendId, receiveId, content, recordTime) VALUES (1689, 'littleQ', '15606911111', '{"sender":"littleQ","receiver":"15606911111","type":"Message","content":{"message":"你好呀，我是小Q，你可以问我比如\"我的订单\",\"我的收货地址\"之类的问题哦，也可以输入\"人工\"转到人工客服","headImg":"images/headImg/LQ.jpeg","name":"小Q"},"msgid":1,"msgtime":1510045520570}', '2017-11-07');
INSERT INTO t_chatRecord (recordId, sendId, receiveId, content, recordTime) VALUES (1690, '15606911111', 'littleQ', '{"sender":"15606911111","receiver":"littleQ","type":"userMessage","content":{"message":"全部订单","headImg":"images\\headImg\\14.jpg","name":"方法"},"msgid":1,"msgtime":1510045525633}', '2017-11-07');
INSERT INTO t_chatRecord (recordId, sendId, receiveId, content, recordTime) VALUES (1691, 'littleQ', '15606911111', '{"sender":"littleQ","receiver":"15606911111","type":"Message","content":{"message":"小Q很抱歉哦，无法理解你所说的内容","headImg":"images/headImg/LQ.jpeg","name":"小Q"},"msgid":1,"msgtime":1510045525638}', '2017-11-07');
INSERT INTO t_chatRecord (recordId, sendId, receiveId, content, recordTime) VALUES (1692, '15606911111', 'littleQ', '{"sender":"15606911111","receiver":"littleQ","type":"userMessage","content":{"message":"已过期订单","headImg":"images\\headImg\\14.jpg","name":"方法"},"msgid":1,"msgtime":1510045529571}', '2017-11-07');
INSERT INTO t_chatRecord (recordId, sendId, receiveId, content, recordTime) VALUES (1693, 'littleQ', '15606911111', '{"sender":"littleQ","receiver":"15606911111","type":"Message","content":{"tips":["操作成功"]},"msgid":1,"msgtime":1510045529576}', '2017-11-07');
INSERT INTO t_chatRecord (recordId, sendId, receiveId, content, recordTime) VALUES (1694, 'littleQ', '15606911111', '{"sender":"littleQ","receiver":"15606911111","type":"control","content":"conclose","msgid":1,"msgtime":1510045529576}', '2017-11-07');
INSERT INTO t_chatRecord (recordId, sendId, receiveId, content, recordTime) VALUES (1695, 'littleQ', '15606911111', '{"sender":"littleQ","receiver":"15606911111","type":"Message","content":{"message":"你好呀，我是小Q，你可以问我比如\"我的订单\",\"我的收货地址\"之类的问题哦，也可以输入\"人工\"转到人工客服","headImg":"images/headImg/LQ.jpeg","name":"小Q"},"msgid":1,"msgtime":1510045738539}', '2017-11-07');
INSERT INTO t_chatRecord (recordId, sendId, receiveId, content, recordTime) VALUES (1696, '15606911111', 'littleQ', '{"sender":"15606911111","receiver":"littleQ","type":"userMessage","content":{"message":"已过期订单","headImg":"images\\headImg\\14.jpg","name":"方法"},"msgid":1,"msgtime":1510045743819}', '2017-11-07');
INSERT INTO t_chatRecord (recordId, sendId, receiveId, content, recordTime) VALUES (1697, 'littleQ', '15606911111', '{"sender":"littleQ","receiver":"15606911111","type":"Message","content":{"tips":["操作成功"]},"msgid":1,"msgtime":1510045743824}', '2017-11-07');
INSERT INTO t_chatRecord (recordId, sendId, receiveId, content, recordTime) VALUES (1698, 'littleQ', '15606911111', '{"sender":"littleQ","receiver":"15606911111","type":"control","content":"conclose","msgid":1,"msgtime":1510045743824}', '2017-11-07');
INSERT INTO t_chatRecord (recordId, sendId, receiveId, content, recordTime) VALUES (1699, 'littleQ', '15606911111', '{"sender":"littleQ","receiver":"15606911111","type":"Message","content":{"message":"你好呀，我是小Q，你可以问我比如\"我的订单\",\"我的收货地址\"之类的问题哦，也可以输入\"人工\"转到人工客服","headImg":"images/headImg/LQ.jpeg","name":"小Q"},"msgid":1,"msgtime":1510045841451}', '2017-11-07');
INSERT INTO t_chatRecord (recordId, sendId, receiveId, content, recordTime) VALUES (1700, '15606911111', 'littleQ', '{"sender":"15606911111","receiver":"littleQ","type":"userMessage","content":{"message":"全部订单","headImg":"images\\headImg\\14.jpg","name":"方法"},"msgid":1,"msgtime":1510045844333}', '2017-11-07');
INSERT INTO t_chatRecord (recordId, sendId, receiveId, content, recordTime) VALUES (1701, 'littleQ', '15606911111', '{"sender":"littleQ","receiver":"15606911111","type":"Message","content":{"tips":["操作成功"]},"msgid":1,"msgtime":1510045844347}', '2017-11-07');
INSERT INTO t_chatRecord (recordId, sendId, receiveId, content, recordTime) VALUES (1702, 'littleQ', '15606911111', '{"sender":"littleQ","receiver":"15606911111","type":"control","content":"conall","msgid":1,"msgtime":1510045844347}', '2017-11-07');
INSERT INTO t_chatRecord (recordId, sendId, receiveId, content, recordTime) VALUES (1703, 'littleQ', '15606911111', '{"sender":"littleQ","receiver":"15606911111","type":"Message","content":{"message":"你好呀，我是小Q，你可以问我比如\"我的订单\",\"我的收货地址\"之类的问题哦，也可以输入\"人工\"转到人工客服","headImg":"images/headImg/LQ.jpeg","name":"小Q"},"msgid":1,"msgtime":1510045858304}', '2017-11-07');
INSERT INTO t_chatRecord (recordId, sendId, receiveId, content, recordTime) VALUES (1704, '15606911111', 'littleQ', '{"sender":"15606911111","receiver":"littleQ","type":"userMessage","content":{"message":"全部订单","headImg":"images\\headImg\\14.jpg","name":"方法"},"msgid":1,"msgtime":1510045863446}', '2017-11-07');
INSERT INTO t_chatRecord (recordId, sendId, receiveId, content, recordTime) VALUES (1705, 'littleQ', '15606911111', '{"sender":"littleQ","receiver":"15606911111","type":"Message","content":{"tips":["操作成功"]},"msgid":1,"msgtime":1510045863451}', '2017-11-07');
INSERT INTO t_chatRecord (recordId, sendId, receiveId, content, recordTime) VALUES (1706, 'littleQ', '15606911111', '{"sender":"littleQ","receiver":"15606911111","type":"control","content":"conall","msgid":1,"msgtime":1510045863451}', '2017-11-07');
INSERT INTO t_chatRecord (recordId, sendId, receiveId, content, recordTime) VALUES (1707, 'littleQ', '15606911111', '{"sender":"littleQ","receiver":"15606911111","type":"Message","content":{"message":"你好呀，我是小Q，你可以问我比如\"我的订单\",\"我的收货地址\"之类的问题哦，也可以输入\"人工\"转到人工客服","headImg":"images/headImg/LQ.jpeg","name":"小Q"},"msgid":1,"msgtime":1510045871825}', '2017-11-07');
INSERT INTO t_chatRecord (recordId, sendId, receiveId, content, recordTime) VALUES (1708, '15606911111', 'littleQ', '{"sender":"15606911111","receiver":"littleQ","type":"userMessage","content":{"message":"全部订单","headImg":"images\\headImg\\14.jpg","name":"方法"},"msgid":1,"msgtime":1510045874914}', '2017-11-07');
INSERT INTO t_chatRecord (recordId, sendId, receiveId, content, recordTime) VALUES (1709, 'littleQ', '15606911111', '{"sender":"littleQ","receiver":"15606911111","type":"Message","content":{"tips":["操作成功"]},"msgid":1,"msgtime":1510045874919}', '2017-11-07');
INSERT INTO t_chatRecord (recordId, sendId, receiveId, content, recordTime) VALUES (1710, 'littleQ', '15606911111', '{"sender":"littleQ","receiver":"15606911111","type":"control","content":"conall","msgid":1,"msgtime":1510045874919}', '2017-11-07');
INSERT INTO t_chatRecord (recordId, sendId, receiveId, content, recordTime) VALUES (1711, 'littleQ', '15606911111', '{"sender":"littleQ","receiver":"15606911111","type":"Message","content":{"message":"你好呀，我是小Q，你可以问我比如\"我的订单\",\"我的收货地址\"之类的问题哦，也可以输入\"人工\"转到人工客服","headImg":"images/headImg/LQ.jpeg","name":"小Q"},"msgid":1,"msgtime":1510045881700}', '2017-11-07');
INSERT INTO t_chatRecord (recordId, sendId, receiveId, content, recordTime) VALUES (1712, '15606911111', 'littleQ', '{"sender":"15606911111","receiver":"littleQ","type":"userMessage","content":{"message":"全部订单","headImg":"images\\headImg\\14.jpg","name":"方法"},"msgid":1,"msgtime":1510045885114}', '2017-11-07');
INSERT INTO t_chatRecord (recordId, sendId, receiveId, content, recordTime) VALUES (1713, 'littleQ', '15606911111', '{"sender":"littleQ","receiver":"15606911111","type":"Message","content":{"tips":["操作成功"]},"msgid":1,"msgtime":1510045885120}', '2017-11-07');
INSERT INTO t_chatRecord (recordId, sendId, receiveId, content, recordTime) VALUES (1714, 'littleQ', '15606911111', '{"sender":"littleQ","receiver":"15606911111","type":"control","content":"conall","msgid":1,"msgtime":1510045885120}', '2017-11-07');
INSERT INTO t_chatRecord (recordId, sendId, receiveId, content, recordTime) VALUES (1715, 'littleQ', '15606911111', '{"sender":"littleQ","receiver":"15606911111","type":"Message","content":{"message":"你好呀，我是小Q，你可以问我比如\"我的订单\",\"我的收货地址\"之类的问题哦，也可以输入\"人工\"转到人工客服","headImg":"images/headImg/LQ.jpeg","name":"小Q"},"msgid":1,"msgtime":1510040728230}', '2017-11-07');
INSERT INTO t_chatRecord (recordId, sendId, receiveId, content, recordTime) VALUES (1716, 'littleQ', '156069112546', '{"sender":"littleQ","receiver":"156069112546","type":"Message","content":{"message":"你好呀，我是小Q，你可以问我比如\"我的订单\",\"我的收货地址\"之类的问题哦，也可以输入\"人工\"转到人工客服","headImg":"images/headImg/LQ.jpeg","name":"小Q"},"msgid":1,"msgtime":1510116953504}', '2017-11-08');
INSERT INTO t_chatRecord (recordId, sendId, receiveId, content, recordTime) VALUES (1717, 'littleQ', '156069112546', '{"sender":"littleQ","receiver":"156069112546","type":"Message","content":{"message":"你好呀，我是小Q，你可以问我比如\"我的订单\",\"我的收货地址\"之类的问题哦，也可以输入\"人工\"转到人工客服","headImg":"images/headImg/LQ.jpeg","name":"小Q"},"msgid":1,"msgtime":1510116959145}', '2017-11-08');
INSERT INTO t_chatRecord (recordId, sendId, receiveId, content, recordTime) VALUES (1718, '156069112546', 'littleQ', '{"sender":"156069112546","receiver":"littleQ","type":"userMessage","content":{"message":"fsdaf&nbsp;","headImg":"images\\headImg\\14.jpg","name":"fdsafasd"},"msgid":1,"msgtime":1510116961333}', '2017-11-08');
INSERT INTO t_chatRecord (recordId, sendId, receiveId, content, recordTime) VALUES (1719, 'littleQ', '156069112546', '{"sender":"littleQ","receiver":"156069112546","type":"Message","content":{"message":"小Q很抱歉哦，无法理解你所说的内容","headImg":"images/headImg/LQ.jpeg","name":"小Q"},"msgid":1,"msgtime":1510116961352}', '2017-11-08');
INSERT INTO t_chatRecord (recordId, sendId, receiveId, content, recordTime) VALUES (1720, '156069112546', 'littleQ', '{"sender":"156069112546","receiver":"littleQ","type":"userMessage","content":{"message":"nlkanlsfd&nbsp;","headImg":"images\\headImg\\14.jpg","name":"fdsafasd"},"msgid":1,"msgtime":1510116962849}', '2017-11-08');
INSERT INTO t_chatRecord (recordId, sendId, receiveId, content, recordTime) VALUES (1721, 'littleQ', '156069112546', '{"sender":"littleQ","receiver":"156069112546","type":"Message","content":{"message":"小Q很抱歉哦，无法理解你所说的内容","headImg":"images/headImg/LQ.jpeg","name":"小Q"},"msgid":1,"msgtime":1510116962862}', '2017-11-08');
INSERT INTO t_chatRecord (recordId, sendId, receiveId, content, recordTime) VALUES (1722, '156069112546', 'littleQ', '{"sender":"156069112546","receiver":"littleQ","type":"userMessage","content":{"message":"fsadfasd&nbsp;","headImg":"images\\headImg\\14.jpg","name":"fdsafasd"},"msgid":1,"msgtime":1510116964218}', '2017-11-08');
INSERT INTO t_chatRecord (recordId, sendId, receiveId, content, recordTime) VALUES (1723, 'littleQ', '156069112546', '{"sender":"littleQ","receiver":"156069112546","type":"Message","content":{"message":"小Q很抱歉哦，无法理解你所说的内容","headImg":"images/headImg/LQ.jpeg","name":"小Q"},"msgid":1,"msgtime":1510116964229}', '2017-11-08');
INSERT INTO t_chatRecord (recordId, sendId, receiveId, content, recordTime) VALUES (1724, '156069112546', 'littleQ', '{"sender":"156069112546","receiver":"littleQ","type":"userMessage","content":{"message":"fsdafsdf&nbsp;","headImg":"images\\headImg\\14.jpg","name":"fdsafasd"},"msgid":1,"msgtime":1510116965482}', '2017-11-08');
INSERT INTO t_chatRecord (recordId, sendId, receiveId, content, recordTime) VALUES (1725, 'littleQ', '156069112546', '{"sender":"littleQ","receiver":"156069112546","type":"Message","content":{"message":"小Q很抱歉哦，无法理解你所说的内容","headImg":"images/headImg/LQ.jpeg","name":"小Q"},"msgid":1,"msgtime":1510116965491}', '2017-11-08');
INSERT INTO t_chatRecord (recordId, sendId, receiveId, content, recordTime) VALUES (1726, 'littleQ', '156069112546', '{"sender":"littleQ","receiver":"156069112546","type":"Message","content":{"message":"你好呀，我是小Q，你可以问我比如\"我的订单\",\"我的收货地址\"之类的问题哦，也可以输入\"人工\"转到人工客服","headImg":"images/headImg/LQ.jpeg","name":"小Q"},"msgid":1,"msgtime":1510117861367}', '2017-11-08');
INSERT INTO t_chatRecord (recordId, sendId, receiveId, content, recordTime) VALUES (1727, '156069112546', 'littleQ', '{"sender":"156069112546","receiver":"littleQ","type":"userMessage","content":{"message":"人工","headImg":"images\\headImg\\14.jpg","name":"fdsafasd"},"msgid":1,"msgtime":1510117864389}', '2017-11-08');
INSERT INTO t_chatRecord (recordId, sendId, receiveId, content, recordTime) VALUES (1728, 'littleQ', '156069112546', '{"sender":"littleQ","receiver":"156069112546","type":"Message","content":{"tips":["正在转接人工客服，请稍等"]},"msgid":1,"msgtime":1510117864415}', '2017-11-08');
INSERT INTO t_chatRecord (recordId, sendId, receiveId, content, recordTime) VALUES (1729, 'littleQ', '156069112546', '{"sender":"littleQ","receiver":"156069112546","type":"Message","content":{"tips":["十分抱歉，目前暂无人工客服在线"]},"msgid":1,"msgtime":1510117864415}', '2017-11-08');
INSERT INTO t_chatRecord (recordId, sendId, receiveId, content, recordTime) VALUES (1730, 'littleQ', '156069112546', '{"sender":"littleQ","receiver":"156069112546","type":"Message","content":{"message":"你好呀，我是小Q，你可以问我比如\"我的订单\",\"我的收货地址\"之类的问题哦，也可以输入\"人工\"转到人工客服","headImg":"images/headImg/LQ.jpeg","name":"小Q"},"msgid":1,"msgtime":1510119186078}', '2017-11-08');
INSERT INTO t_chatRecord (recordId, sendId, receiveId, content, recordTime) VALUES (1731, 'littleQ', '156069112546', '{"sender":"littleQ","receiver":"156069112546","type":"Message","content":{"message":"你好呀，我是小Q，你可以问我比如\"我的订单\",\"我的收货地址\"之类的问题哦，也可以输入\"人工\"转到人工客服","headImg":"images/headImg/LQ.jpeg","name":"小Q"},"msgid":1,"msgtime":1510119306992}', '2017-11-08');
INSERT INTO t_chatRecord (recordId, sendId, receiveId, content, recordTime) VALUES (1732, '156069112546', 'littleQ', '{"sender":"156069112546","receiver":"littleQ","type":"userMessage","content":{"message":"人工","headImg":"images\\headImg\\14.jpg","name":"fdsafasd"},"msgid":1,"msgtime":1510119309470}', '2017-11-08');
INSERT INTO t_chatRecord (recordId, sendId, receiveId, content, recordTime) VALUES (1733, 'littleQ', '156069112546', '{"sender":"littleQ","receiver":"156069112546","type":"Message","content":{"tips":["正在转接人工客服，请稍等"]},"msgid":1,"msgtime":1510119309472}', '2017-11-08');
INSERT INTO t_chatRecord (recordId, sendId, receiveId, content, recordTime) VALUES (1734, '10001', '156069112546', '{"sender":"10001","receiver":"156069112546","type":"touMessge","content":{"message":"你好","headImg":"images/headImg/cus.png","name":"客服2"},"msgid":1,"msgtime":1510119314965}', '2017-11-08');
INSERT INTO t_chatRecord (recordId, sendId, receiveId, content, recordTime) VALUES (1735, '156069112546', '10001', '{"sender":"156069112546","receiver":"10001","type":"userMessage","content":{"message":"我不会","headImg":"images\\headImg\\14.jpg","name":"fdsafasd"},"msgid":1,"msgtime":1510119319409}', '2017-11-08');
INSERT INTO t_chatRecord (recordId, sendId, receiveId, content, recordTime) VALUES (1736, 'littleQ', '156069112546', '{"sender":"littleQ","receiver":"156069112546","type":"Message","content":{"message":"你好呀，我是小Q，你可以问我比如\"我的订单\",\"我的收货地址\"之类的问题哦，也可以输入\"人工\"转到人工客服","headImg":"images/headImg/LQ.jpeg","name":"小Q"},"msgid":1,"msgtime":1510122488546}', '2017-11-08');
INSERT INTO t_chatRecord (recordId, sendId, receiveId, content, recordTime) VALUES (1737, 'littleQ', '156069112546', '{"sender":"littleQ","receiver":"156069112546","type":"Message","content":{"message":"你好呀，我是小Q，你可以问我比如\"我的订单\",\"我的收货地址\"之类的问题哦，也可以输入\"人工\"转到人工客服","headImg":"images/headImg/LQ.jpeg","name":"小Q"},"msgid":1,"msgtime":1510122493766}', '2017-11-08');
INSERT INTO t_chatRecord (recordId, sendId, receiveId, content, recordTime) VALUES (1738, 'littleQ', '156069112546', '{"sender":"littleQ","receiver":"156069112546","type":"Message","content":{"message":"你好呀，我是小Q，你可以问我比如\"我的订单\",\"我的收货地址\"之类的问题哦，也可以输入\"人工\"转到人工客服","headImg":"images/headImg/LQ.jpeg","name":"小Q"},"msgid":1,"msgtime":1510122498177}', '2017-11-08');
INSERT INTO t_chatRecord (recordId, sendId, receiveId, content, recordTime) VALUES (1739, 'littleQ', '156069112546', '{"sender":"littleQ","receiver":"156069112546","type":"Message","content":{"message":"你好呀，我是小Q，你可以问我比如\"我的订单\",\"我的收货地址\"之类的问题哦，也可以输入\"人工\"转到人工客服","headImg":"images/headImg/LQ.jpeg","name":"小Q"},"msgid":1,"msgtime":1510122505605}', '2017-11-08');
INSERT INTO t_chatRecord (recordId, sendId, receiveId, content, recordTime) VALUES (1740, '156069112546', 'littleQ', '{"sender":"156069112546","receiver":"littleQ","type":"userMessage","content":{"message":"jklfdasl","headImg":"images\\headImg\\14.jpg","name":"fdsafasd"},"msgid":1,"msgtime":1510122510841}', '2017-11-08');
INSERT INTO t_chatRecord (recordId, sendId, receiveId, content, recordTime) VALUES (1741, 'littleQ', '156069112546', '{"sender":"littleQ","receiver":"156069112546","type":"Message","content":{"message":"小Q很抱歉哦，无法理解你所说的内容","headImg":"images/headImg/LQ.jpeg","name":"小Q"},"msgid":1,"msgtime":1510122510849}', '2017-11-08');
INSERT INTO t_chatRecord (recordId, sendId, receiveId, content, recordTime) VALUES (1742, '156069112546', 'littleQ', '{"sender":"156069112546","receiver":"littleQ","type":"userMessage","content":{"message":"我的订单","headImg":"images\\headImg\\14.jpg","name":"fdsafasd"},"msgid":1,"msgtime":1510122515534}', '2017-11-08');
INSERT INTO t_chatRecord (recordId, sendId, receiveId, content, recordTime) VALUES (1743, 'littleQ', '156069112546', '{"sender":"littleQ","receiver":"156069112546","type":"Message","content":{"tips":["操作成功"]},"msgid":1,"msgtime":1510122515535}', '2017-11-08');
INSERT INTO t_chatRecord (recordId, sendId, receiveId, content, recordTime) VALUES (1744, 'littleQ', '156069112546', '{"sender":"littleQ","receiver":"156069112546","type":"control","content":"order","msgid":1,"msgtime":1510122515535}', '2017-11-08');
INSERT INTO t_chatRecord (recordId, sendId, receiveId, content, recordTime) VALUES (1745, 'littleQ', '156069112546', '{"sender":"littleQ","receiver":"156069112546","type":"Message","content":{"message":"你好呀，我是小Q，你可以问我比如\"我的订单\",\"我的收货地址\"之类的问题哦，也可以输入\"人工\"转到人工客服","headImg":"images/headImg/LQ.jpeg","name":"小Q"},"msgid":1,"msgtime":1510122521489}', '2017-11-08');
INSERT INTO t_chatRecord (recordId, sendId, receiveId, content, recordTime) VALUES (1746, '156069112546', 'littleQ', '{"sender":"156069112546","receiver":"littleQ","type":"userMessage","content":{"message":"已支付订单","headImg":"images\\headImg\\14.jpg","name":"fdsafasd"},"msgid":1,"msgtime":1510122525277}', '2017-11-08');
INSERT INTO t_chatRecord (recordId, sendId, receiveId, content, recordTime) VALUES (1747, 'littleQ', '156069112546', '{"sender":"littleQ","receiver":"156069112546","type":"Message","content":{"tips":["操作成功"]},"msgid":1,"msgtime":1510122525279}', '2017-11-08');
INSERT INTO t_chatRecord (recordId, sendId, receiveId, content, recordTime) VALUES (1748, 'littleQ', '156069112546', '{"sender":"littleQ","receiver":"156069112546","type":"control","content":"conpayed","msgid":1,"msgtime":1510122525279}', '2017-11-08');
INSERT INTO t_chatRecord (recordId, sendId, receiveId, content, recordTime) VALUES (1749, '136008127777', 'littleQ', '{"sender":"136008127777","receiver":"littleQ","type":"visitorMessage","content":{"message":"登录","headImg":"images\\headImg\\14.jpg","name":"章安"},"msgid":1,"msgtime":1510140017934,"headImg":"images\\headImg\\14.jpg"}', '2017-11-08');
INSERT INTO t_chatRecord (recordId, sendId, receiveId, content, recordTime) VALUES (1750, 'littleQ', '136008127777', '{"sender":"littleQ","receiver":"136008127777","type":"Message","content":{"tips":["正在转接人工客服，请稍等"],"headImg":"images\\headImg\\14.jpg"},"msgid":1,"msgtime":1510140029199,"headImg":"images\\headImg\\14.jpg"}', '2017-11-08');
INSERT INTO t_chatRecord (recordId, sendId, receiveId, content, recordTime) VALUES (1751, 'littleQ', '136008127777', '{"sender":"littleQ","receiver":"136008127777","type":"Message","content":{"tips":["十分抱歉，目前暂无人工客服在线"],"headImg":"images\\headImg\\14.jpg"},"msgid":1,"msgtime":1510140029199,"headImg":"images\\headImg\\14.jpg"}', '2017-11-08');
INSERT INTO t_chatRecord (recordId, sendId, receiveId, content, recordTime) VALUES (1752, 'littleQ', '136008127777', '{"sender":"littleQ","receiver":"136008127777","type":"Message","content":{"tips":["操作成功"],"headImg":"images\\headImg\\14.jpg"},"msgid":1,"msgtime":1510140017938,"headImg":"images\\headImg\\14.jpg"}', '2017-11-08');
INSERT INTO t_chatRecord (recordId, sendId, receiveId, content, recordTime) VALUES (1753, 'littleQ', '136008127777', '{"sender":"littleQ","receiver":"136008127777","type":"Message","content":{"tips":["正在转接人工客服，请稍等"],"headImg":"images\\headImg\\14.jpg"},"msgid":1,"msgtime":1510140037242,"headImg":"images\\headImg\\14.jpg"}', '2017-11-08');
INSERT INTO t_chatRecord (recordId, sendId, receiveId, content, recordTime) VALUES (1754, '136008127777', '10001', '{"sender":"136008127777","receiver":"10001","type":"visitorMessage","content":{"message":"你好","headImg":"images\\headImg\\14.jpg","name":"章安"},"msgid":1,"msgtime":1510140040586,"headImg":"images\\headImg\\14.jpg"}', '2017-11-08');
INSERT INTO t_chatRecord (recordId, sendId, receiveId, content, recordTime) VALUES (1755, '136008127777', 'littleQ', '{"sender":"136008127777","receiver":"littleQ","type":"visitorMessage","content":{"message":"人工","headImg":"images\\headImg\\14.jpg","name":"章安"},"msgid":1,"msgtime":1510140037235,"headImg":"images\\headImg\\14.jpg"}', '2017-11-08');
INSERT INTO t_chatRecord (recordId, sendId, receiveId, content, recordTime) VALUES (1756, '10001', '136008127777', '{"sender":"10001","receiver":"136008127777","type":"tovMessage","content":{"message":"我不好","headImg":"images\\headImg\\14.jpg","name":"客服2"},"msgid":1,"msgtime":1510140051133,"headImg":"images\\headImg\\14.jpg"}', '2017-11-08');
INSERT INTO t_chatRecord (recordId, sendId, receiveId, content, recordTime) VALUES (1757, '10001', '136008127777', '{"sender":"10001","receiver":"136008127777","type":"tovMessage","content":{"message":"、、、","headImg":"images\\headImg\\14.jpg","name":"客服2"},"msgid":1,"msgtime":1510140065719,"headImg":"images\\headImg\\14.jpg"}', '2017-11-08');
INSERT INTO t_chatRecord (recordId, sendId, receiveId, content, recordTime) VALUES (1758, '136008127777', '10001', '{"sender":"136008127777","receiver":"10001","type":"visitorMessage","content":{"message":"人呢","headImg":"images\\headImg\\14.jpg","name":"章安"},"msgid":1,"msgtime":1510140097300,"headImg":"images\\headImg\\14.jpg"}', '2017-11-08');
INSERT INTO t_chatRecord (recordId, sendId, receiveId, content, recordTime) VALUES (1759, '136008127777', '10001', '{"sender":"136008127777","receiver":"10001","type":"visitorMessage","content":{"message":"范德萨","headImg":"images\\headImg\\14.jpg","name":"章安"},"msgid":1,"msgtime":1510140104745,"headImg":"images\\headImg\\14.jpg"}', '2017-11-08');
INSERT INTO t_chatRecord (recordId, sendId, receiveId, content, recordTime) VALUES (1760, '136008127777', '10001', '{"sender":"136008127777","receiver":"10001","type":"visitorMessage","content":{"message":"、、、","headImg":"images\\headImg\\14.jpg","name":"章安"},"msgid":1,"msgtime":1510140062495,"headImg":"images\\headImg\\14.jpg"}', '2017-11-08');
INSERT INTO t_chatRecord (recordId, sendId, receiveId, content, recordTime) VALUES (1761, 'littleQ', '136008127777', '{"sender":"littleQ","receiver":"136008127777","type":"control","content":"login","msgid":1,"msgtime":1510140017938,"headImg":"images\\headImg\\14.jpg"}', '2017-11-08');
INSERT INTO t_chatRecord (recordId, sendId, receiveId, content, recordTime) VALUES (1762, '136008127777', 'littleQ', '{"sender":"136008127777","receiver":"littleQ","type":"visitorMessage","content":{"message":"人工","headImg":"images\\headImg\\14.jpg","name":"章安"},"msgid":1,"msgtime":1510140029182,"headImg":"images\\headImg\\14.jpg"}', '2017-11-08');
INSERT INTO t_chatRecord (recordId, sendId, receiveId, content, recordTime) VALUES (1763, '136008127777', '10001', '{"sender":"136008127777","receiver":"10001","type":"visitorMessage","content":{"message":"人呢？","headImg":"images\\headImg\\14.jpg","name":"章安"},"msgid":1,"msgtime":1510140088475,"headImg":"images\\headImg\\14.jpg"}', '2017-11-08');
INSERT INTO t_chatRecord (recordId, sendId, receiveId, content, recordTime) VALUES (1764, '15606911234', '10001', '{"sender":"15606911234","receiver":"10001","type":"visitorMessage","content":{"message":"发生大法师","headImg":"images\\headImg\\14.jpg","name":"aaaaaa"},"msgid":1,"msgtime":1510145670027,"headImg":"images\\headImg\\14.jpg"}', '2017-11-08');
INSERT INTO t_chatRecord (recordId, sendId, receiveId, content, recordTime) VALUES (1765, '10001', '15606911234', '{"sender":"10001","receiver":"15606911234","type":"tovMessage","content":{"message":"分撒旦法","headImg":"images\\headImg\\14.jpg","name":"客服2"},"msgid":1,"msgtime":1510145681474,"headImg":"images\\headImg\\14.jpg"}', '2017-11-08');
INSERT INTO t_chatRecord (recordId, sendId, receiveId, content, recordTime) VALUES (1766, '10001', '15606911234', '{"sender":"10001","receiver":"15606911234","type":"tovMessage","content":{"message":"<img src=\"data:image/png;base64,iVBORw0KGgoAAAANSUhEUgAAAUgAAADICAYAAACK03hfAAAOOklEQVR4Xu2dTc8mRRWGb4hjJErQpWwYfoHOzoWJsnI5w84dsGUzzC8AfwGww4WR2bjF2ZKYceIPABL34sYdARIMX0bMzVSRnsd+Ps7bX1V9rkrezMP7Vnefc53iSnVXP92PiQYBCEAAAqMEHoMLBCAAAQiME0CQjAwIQAACRwggSIYGBCAAAQTJGIAABCAQI8AMMsaL3hCAQCICCDJRsUkVAhCIEUCQMV70hgAEEhFAkImKTaoQgECMAIKM8aI3BCCQiACCTFRsUoUABGIEEGSMF70hAIFEBBBkomKTKgQgECOAIGO86A0BCCQigCATFZtUIQCBGAEEGeNFbwhAIBEBBJmo2KQKAQjECCDIGC96QwACiQggyETFJlUIQCBGAEHGeNEbAhBIRABBJio2qUIAAjECCDLGi94QgEAiAggyUbFJFQIQiBFAkDFe9IYABBIRQJCJik2qEIBAjACCjPGiNwQgkIgAgkxUbFKFAARiBBBkjBe9IQCBRAQQZKJikyoEIBAjgCBjvOgNAQgkIoAgExWbVCEAgRgBBBnjRW8IQCARAQSZqNikCgEIxAggyBgvekMAAokIIMhExSZVCEAgRgBBxnjRGwIQSEQAQSYqNqlCAAIxAggyxoveEIBAIgIIMlGxSRUCEIgRQJAxXvSGAAQSEUCQiYpNqhCAQIwAgozxojcEIJCIAIJMVGxShQAEYgQQZIwXvSEAgUQEEGSiYpMqBCAQI4AgY7zoDQEIJCKAIBMVm1QhAIEYAQQZ40VvCEAgEQEEmajYpAoBCMQIIMgYL3pDAAKJCCDIRMUmVQhAIEYAQcZ40RsCEEhEAEEmKjapQgACMQIIMsaL3hCAQCICCDJRsUkVAhCIEUCQMV70hgAEEhFAkImKTaoQgECMAIKM8aI3BCCQiACCTFRsUoUABGIEEGSMF70hAIFEBBBkomKTKgQgECOAIGO86A0BCCQigCATFZtUIQCBGAEEGeNFbwhAIBEBBJmo2KQKAQjECCDIGC96QwACiQggyETFJlUIQCBGAEHGeNEbAhBIRABBJio2qUIAAjECCDLGi94QgEAiAggyUbFJFQIQiBFAkDFe9IYABBIRQJCJik2qEIBAjACCjPGiNwQgkIgAgkxUbFKFAARiBBBkjBe9IQCBRAQQZKJikyoEIBAjgCBjvOgNAQgkIoAgExWbVCEAgRgBBBnjRW8IQCARAQSZqNikCgEIxAggyBiv1nrfknRT0m8l/eDC4N6X9En58We3+rtPy+cLd0U3COybAILsq77XJf1KksXonyUbIl2SLvvuggCCbL9MPy+zRAvRn4ftA0l/Lj91NnguI+/jx+Wn7m/4u5+d28Hg719Ieqsc/0FgO7pCoAsCCLLdMlli/5L0xEGI94qQ/irpwwXDj4rUp+1V1o6RBoHuCSDIdkv4hqTbkr6W9KeBfFqK2BJ9sZzuPzMIrMrSErcs/d80CHRHAEG2WbJfS7pfQrvRycKJr4/6MoCFeXiaPpxZIss2xxxRjRBAkG0OC586e0b2O0mvtRniyaiqLC1MLyoNm2eVFqZnlkteIugQGyG3RgBBtlaRh/HUBZfDRZk2oz0dla+l1lV335I0bM7zbWTZY1lzxIwgc9S5lSyrLH0JwdJ8ahCYZ5OeWd7t5JJCK0yJY0ECCHJBuOz6LIE6szyU5VeSfiPJp+M0CGxGAEFuhp4DHxCos8qXJV0rf7MgX+JaJWNlKwIIcivyHPcUAS9MvTI4Bfd/v8ntQgyatQkgyLWJc7xLCfh6pe8FfaFs4NuDLE1fo6RBYBUCCHIVzBxkAgGfensGWW8X8mm3b3/i+uQEqGx6GQEEeRknem1PwDege0ZZV759e9AdTru3L8yeI0CQe67u/nLzabdPs18dnHZbmp5R0iAwOwEEOTtSdrgCAX9TxzPIetr9uaSnmU2uQD7ZIRBksoLvLF1fn3y33Bbkb+U8hyR3VuGN00GQGxeAw08m4NNuL9j4ARlIcjJOdjAkgCAZD3sggCT3UMUGc0CQDRaFkK5EAEleCRsbnSKAIBkfeyKAJPdUzQZyQZANFIEQZiUwlORnkp6cde/sLBUBBJmq3GmStSQ/kvS4pGd52EWaus+eKIKcHSk7bISAny3pB/T6aUC+Z5IGgTABBBlGxgadEPA3bl4vD7fw1xRpEAgTQJBhZGzQCQG/ruK9cnrt02waBMIEEGQYGRt0RMCPSPPDLbgO2VHRWgoVQbZUDWKZmwDXIecmmmx/CDJZwZOly3XIZAWfO10EOTdR9tcSgXod8gtJT7QUGLH0QQBB9lEnorw6gW/Kpoz1qzNMuyWDJm3pUyReZ5AfSPJnGgRCBBBkCBedOyPg50Xel/RAkj/TIBAigCBDuOjcGYFbkt6RdE+SP9MgECKAIEO46NwZAb8N0e+v8Ttr/JkGgRABBBnCRefOCCDIzgrWWrgIsrWKEM+cBOqN4s9L8mcaBEIEEGQIF507I+B31fjNh36Zlz/TIBAigCBDuOjcGQG/xMsv87pRXujVWfiEuzUBBLl1BTj+UgT80NyPy84Z50tR3vl+GTg7L3DS9CxH3//om8P/LelHSTmQ9kQCCHIiQDZvjsBQjv4GjW8Q92PPaBAIE0CQYWRs0DAB5NhwcXoMDUH2WDViHiOAHBkXsxNAkLMjZYcbEECOG0DPcEgEmaHK+84ROe67vptmhyA3xc/BJxJAjhMBsvlpAgiSEdIrAeTYa+U6ihtBdlQsQv2OAHJkMKxCAEGugpmDzEgAOc4Ik11xis0Y2AcB3/B9U9LLkr4viZvA91HXprNgBtl0edIH56eAW4r+1zPH2vyWwp/yDZn042NxAAhyccTNHuC6pGcOorOExl5uNfY+F/cbSmuuRL+W9BdJvzjY/z/LMx3f5sk8c6FmP+cIIMhzhPr+uyXmx31ZhpbcLyV9r6OU/i7pD0WMH3YUN6HuhACC3EkhiwCrDC3Gc2/x84zsUDp+qIOfoXjYxh42635XfQiEhV1PnQ/jdFx1Zuv9vyLp7n7KRCY9EUCQPVXrYaw+rbUILRaLxjI89s5ny8Yi848lZyFuNROrUnxxJF6/ddCvRPCPpei+PpX208DdHPtLG8be3ygh4lkIIMhZMC62E4vCMqwS9L/+3Vjzqm6VYf33qjO8uRJyvC+URZZh3J8WGVp8VYpjx7RM35D0VPmjX8LlNxTSILAKAQS5CubQQapU6u0sYxs/GMjQM8It3rcyXOSpp8l14WZssadKsc4UL4XifVmSFq2b8/VscoucL42ZfjshgCDbKOSxmdZ/Jf2tyMCzQsth7BrhnFnUU3jvc0x4565tDmP5UtJbg9nilDh9XJ921+uT/nxnwnXQKbGwbRICCHLbQvsU8vflxucayZK3s1h4Pl317K+e8lbhDX93CZXhIk+dzdVrnMcWey7Z77k+9V3X7scizjla/H0SAQQ5Cd+kjT+T9MNJe1huY5/Cu9WV6qHwpqxezxUxizhzkWQ/JwkgyO0GyBaC9EKOZTcU3uHsbzsi8SOziBNnxhYBAggyAIuuTRI4XMT5XNLTXJtsslbdBYUguysZAR8h4Gup70q6VhZzvNJNg8AkAghyEj42boyAF6F8ycALURakV7ppELgyAQR5ZXRs2CgBX5f8Y4ntxgq3RTWKgbDmIIAg56DIPloj4BvLb5f7Ri3Jrb9R1Bof4rmQAIK8EBTduiPg25H8NU1/c+f57qIn4CYIIMgmykAQCxDwvZKWpK9H+vvbvsGcBoEQAQQZwkXnzgh4Zft+ifk5vr/dWfUaCBdBNlAEQliUQP1qoq9DPsv1yEVZ727nCHJ3JSWhEQK+9cfPlvQptxdtaBC4iACCvAgTnTon4G/bWI5+EtCb5SnlnadE+GsQQJBrUOYYLRDwTeTvlUC8qu3VbRoEThJAkAyQTAT8fpvXy3VIL9os/WzNTGx3mSuC3GVZSeoEAX/90E8n99OUnoQUBE4RQJCMj2wEfD3yI0mPl1XtrV5ilo17l/kiyC7LRtATCdRVba5FTgS5980R5N4rTH5jBOq9kXzDhvHBIg1jAAIHBOo3bPxqichLyACZjAAzyGQFJ91vCfg65MeFBf8PMCiOEmBwMDiyEvDijG8c55mRWUfABXkjyAsg0WWXBHyj+E2ePL7L2s6WFIKcDSU76oxAvWmcrx52Vrg1w0WQa9LmWC0RqAs1PMCipao0FguCbKwghLMqgW9YqFmVd3cHQ5DdlYyAZyRQX8vAw3RnhLqnXSHIPVWTXKIE6vey70jyi75oEHiEAIJkQGQmUF8Re1eSP9MggCAZAxAoBOozIn1PpF/HQIMAgmQMQGBAoC7U/IT31TAuDglwis2YyE6gPtmHhZrsI2EkfwTJoMhOwIszt3l3dvZhMJ4/gmRcZCdwS9I7ku5J8mcaBL4jgCAZDNkJXJf0D0n/kXQtOwzyf5QAgmREQEDiGzWMglECCJKBAQEEyRg4QgBBMjQgINVnQ/peSF7ixYjgGiRjAAIDAtzqw3DgFJsxAIEjBBAkQwNBMgYggCAZAxECXIOM0KLvXgkwg9xrZSfmhSAnAmTzXRCo36bhsWe7KOd8SSDI+Viyp34JvCbpVb5u2G8Bl4ocQS5Flv32RABB9lStFWNFkCvC5lDNEkCQzZZm28AQ5Lb8OXobBBBkG3VoLgoE2VxJCGgDAvUVsA8k+TMNAt8SQJAMBAg8lOJ9SQiS0fAIAQTJgIAAgmQMHCGAIBkaEECQjAEEyRiAwFEC9e2G70u6AScIVALMIBkLEHhIgIfmMhL+jwCCZFBAAEEyBjjFZgxA4CQBn15/wm0+jJIhAWaQjAcIQAACzCAZAxCAAARiBJhBxnjRGwIQSETgf0T0fdjY0baOAAAAAElFTkSuQmCC\">","headImg":"images\\headImg\\14.jpg","name":"客服2"},"msgid":1,"msgtime":1510145685883,"headImg":"images\\headImg\\14.jpg"}', '2017-11-08');
INSERT INTO t_chatRecord (recordId, sendId, receiveId, content, recordTime) VALUES (1767, 'littleQ', '15606911234', '{"sender":"littleQ","receiver":"15606911234","type":"Message","content":{"message":"你好呀，我是小Q，你可以问我比如\"我的订单\",\"我的收货地址\"之类的问题哦，也可以输入\"人工\"转到人工客服","headImg":"images/headImg/LQ.jpeg","name":"小Q"},"msgid":1,"msgtime":1510146112884}', '2017-11-08');
INSERT INTO t_chatRecord (recordId, sendId, receiveId, content, recordTime) VALUES (1768, '15606911117', '10001', '{"sender":"15606911117","receiver":"10001","type":"visitorMessage","content":{"message":"发的撒发生大发","headImg":"images\\headImg\\14.jpg","name":"aaaaaa"},"msgid":1,"msgtime":1510145677325,"headImg":"images\\headImg\\14.jpg"}', '2017-11-08');
INSERT INTO t_chatRecord (recordId, sendId, receiveId, content, recordTime) VALUES (1769, '10001', '15606911117', '{"sender":"10001","receiver":"15606911117","type":"tovMessage","content":{"message":"<img src=\"data:image/jpeg;base64,/9j/4AAQSkZJRgABAQAAAQABAAD/2wBDAAMCAgICAgMCAgIDAwMDBAYEBAQEBAgGBgUGCQgKCgkICQkKDA8MCgsOCwkJDRENDg8QEBEQCgwSExIQEw8QEBD/2wBDAQMDAwQDBAgEBAgQCwkLEBAQEBAQEBAQEBAQEBAQEBAQEBAQEBAQEBAQEBAQEBAQEBAQEBAQEBAQEBAQEBAQEBD/wAARCADIAUgDASIAAhEBAxEB/8QAFQABAQAAAAAAAAAAAAAAAAAAAAn/xAAUEAEAAAAAAAAAAAAAAAAAAAAA/8QAFAEBAAAAAAAAAAAAAAAAAAAAAP/EABQRAQAAAAAAAAAAAAAAAAAAAAD/2gAMAwEAAhEDEQA/AJVAAAAAAAAAAAAAAAAAAAAAAAAAAAAAAAAAAAAAAAAAAAAAAAAAAAAAAAAAAAAAAAAAAAAAAAAAAAAAAAAAAAAAAAAAAAAAAAAAAAAAAAAAAAAAAAAAAAAAAAAAAAAAAAAAAAAAAAAAAAAAAAAAAAAAAAAAAAAAAAAAAAAAAAAAAAAAAAAAAAAAAAAAAAAAAAAAAAAAAAAAAAAAAAAAAAAAAAAAAAAAAAAAAAAAAAAAAAAAAAAAAAAAAAAAAAAAAAAAAAAAAAAAAAAAAAAAAAAAAAAAAAAAAAAAAAAAAAAAAAAAAAAAAAAAAAAAAAAAAAAAAAAAAAAAAAAAAAAAAAAAAAAAAAAAAAAAAAAAAAAAAAAAAAAAAAAAAAAAAAAAAAAAAAAAAAAAAAAAAAAAAAAAAAAAAAAAAAAAAAAAAAAAAAAAAAAAAAAAAAAAAAAAAAAAAAAAAAAAAAAAAAAAAAAAAAAAAAAAAAAAAAAAAAAAAAAAAAAAAAAAAAAAAAAAAAAAAAAAAAAAAAAAAAAAAAAAAAAAAAAAAAAAA//Z\">","headImg":"images\\headImg\\14.jpg","name":"客服2"},"msgid":1,"msgtime":1510156654538,"headImg":"images\\headImg\\14.jpg"}', '2017-11-08');
INSERT INTO t_chatRecord (recordId, sendId, receiveId, content, recordTime) VALUES (1770, '15606911117', '10001', '{"sender":"15606911117","receiver":"10001","type":"visitorMessage","content":{"message":"范德萨发生发","headImg":"images\\headImg\\14.jpg","name":"aaaaaa"},"msgid":1,"msgtime":1510156649305,"headImg":"images\\headImg\\14.jpg"}', '2017-11-08');
INSERT INTO t_chatRecord (recordId, sendId, receiveId, content, recordTime) VALUES (1771, '15606911117', '10001', '{"sender":"15606911117","receiver":"10001","type":"visitorMessage","content":{"message":"<img src=\"data:image/png;base64,iVBORw0KGgoAAAANSUhEUgAAAUgAAADICAYAAACK03hfAAAZ3UlEQVR4Xu2dXchux1XH15L6UTVtY1o1WGiDiootSRBaxGLbmxovNAn2QqWQRCt4ITR+YCs2NNGjRlRMC0JvSpML6U1LzsELKwomYKFFsDn4FTClJygYaQ49gVONkDryP5kd9vuc5333WnvP557/hoON79rz8ZvZ/2fNzJoZFT4kQAIkQAJHCSi5kAAJkAAJHCdAgWTPIAESIIFTCFAg2TVIgARIgALJPkACJEACPgL0IH28aE0CJDAQAQrkQI3NqpIACfgIUCB9vGhNAiQwEAEK5ECNzaqSAAn4CFAgfbxoTQIkMBABCuRAjc2qkgAJ+AhQIH28aE0CJDAQAQrkQI3NqpIACfgIUCB9vGhNAiQwEAEK5ECNzaqSAAn4CFAgfbxoTQIkMBABCuRAjc2qkgAJ+AhQIH28aE0CJDAQAQrkQI3NqpIACfgIUCB9vGhNAiQwEAEK5ECNzaqSAAn4CFAgfbxoTQIkMBABCuRAjc2qkgAJ+AhQIH28aE0CJDAQAQrkQI3NqpIACfgIUCB9vGhNAiQwEAEK5ECNzaqSAAn4CFAgfbxoTQIkMBABCuRAjc2qkgAJ+AhQIH28aE0CJDAQAQrkQI3NqpIACfgIUCB9vGhNAiQwEAEK5ECNzaqSAAn4CFAgfbxoTQIkMBABCuRAjc2qkgAJ+AhQIH28aE0CJDAQAQrkQI3NqpIACfgIUCB9vGhNAiQwEAEK5ECNzaqSAAn4CFAgfbxoTQIkMBABCuRAjc2qkgAJ+AhQIH28aE0CJDAQAQrkQI3NqpIACfgIUCB9vGhNAiQwEAEK5ECNzaqSAAn4CFAgfbxoTQIkMBABCuRAjc2qkgAJ+AhQIH28aE0CJDAQAQrkQI3NqpIACfgIUCB9vGhNAiQwEAEK5ECNzaqSAAn4CFAgfbxoTQIkMBABCuRAjT1VNYTwZhF506zq75r9b/wN//C8TkRuMyB6XkR+T1UfMdjShAS6IUCB7KapfAUNIUDcbhURiN+Pi8iPiMhrfam4rS+o6l3ut/gCCTRKgALZaMN4ihVCgJcHMYTnB0HEf0MgazwPqOq5GhkzTxJITYACmZpoxvQOvEKIIYTQMgTOWKrrkv66iLxeVa+UzJR5kUAOAhTIHFQTpNmYV+it0T+oKob0fEigawIUyEaaLwriL4rIz8IDa6RYW4rxq1y02YKP77ZAgAJZsRVCCO8UESxq4N+0clyxREmzfk5Vb06aIhMjgcIEKJAFgcc5xDvjQgpEsdZCSpFaqyr7VxHSzCQXAXbgXGRjujHmcC6KmXNsKvnbVfWppkrEwpCAgwAF0gHLahrnE++ZhdxYX92b3d2qen5vlWJ9xiFAgUzU1iEEeIkYNiMOsYf5xIsiMoXiXBIR/JueJ2b/+5Kqzv8mIYQviMjbDOgeUtUHDXY0IYEmCVAgVzbLbD5xWmRZmVLW114QEQxxIXgQuadSDHlDCBC9jxhK/jlVfYfBjiYk0CQBCqSjWeJ84q+LyPsaXGCBRwgxhBBCECGGWYK1Qwj4UXjcgO6qqt5gsKMJCTRJgAK50CxxPnEaPrewayWLV+jpnZHJFy3vcCXbQok2rRKgQB5pmdkiS+34xKsi8jkR+Xxur9DbQUMIwfIOBdJCiTatEqBAxpZpZJEF3iGGx1j5PZ9riJyiM1IgU1BkGq0TGFogZ6JYM2j72UkUewqJoUC2/mmzfCkIDCWQDa08Y0Fl8hK7DKSmQKb4/JhG6wR2L5Bx5Xm+57lWm1yYeYon4gprFWhLvhTILfT4bi8EdiuQIYT7Y6xerf3OmE+85iVCGFueT1zTWSmQa6jxnd4I7FIgQwhY6IDXWPrBfOI0dJ7vRildjuz5USCzI2YGDRDYnUCGED4sIr9bkC2Csf9cRP74cEtewTIUz4oCWRw5M6xAYI8CCcHKfjlVD6E4OfsTBTInXabdCoE9CqQpgNnZAN3EJzrrtdqcArkaHV/siAAF8vTGemWRpaf4xFJ9jwJZijTzqUmAAnmS/rTIglVnnmN4Rs+kQNb8bJl3KQJ7FEh4fq9xAJxE8dEUR4E58u3alALZdfOx8EYCexRIxD/+qbH+wsMUrKRO2lEg13HjW30R2J1AAn8I4WkR+QFLU1AgLZSut6FAruPGt/oisFeBxO6ZyyLyDQvNcVlV93AHdfFeR4FMjzxui33TLGVc3TG/vgP9en4m6RtF5Ptm9ghx+7iq/lb60o2Z4i4FMnqRloBxXm6/st9TII961Ye7t3A/0fyBuM23vh7+98rWuO61Z0Tkl1R117u5UsE6K53dCmQUSaxE4zTwY88FVcUxZ3xWEBhdIEMIHxORnxORlkcgEEhcnEahXNHH8cquBTKKJBZt4E3eFBlh6H1OVR9ZyYyvvTzPawrI39scbwjhXhH5ExH5jo46AgQSo6Uuj9aryXn3AlkT7p7zHkkg4zmiHxAR/NjWOh0qRXd6NHqU3R+3lwKGJQ0KpIUSba4jMIJA7kgYD9uPQmn8pimQRlA0e5nAbKXVOq+FO7Sn53BV9hDr4aIG/o6Ly7DogPlkrNJimHgx5/masY649xvD6T0/mGbCHGWW64H3AI4CuYdWTFiHEAJWYrG6eoeI/GiBk5G2lB4iPYkmho34t1o8BxLGOXPwg1B+lEJ5fVekQG75PDt+Nw4fbxUReG0QRHh3Ldz7nYLqoWjC67yiqk8eSzyEAAbwGI95sCnK00MaFMojrUSB7KHrbixj9IwghhDA6d88AHljDl29PoknRBMLLuBye1c1yFtY8LlfVR/Lm00fqVMg+2gncylDCBBA7MbA/528w55XXs1134EhDlqZh+JMYj6v2om5X8Q4xtAjzPXOd+FsxYHpigdHF0oK5NZuVPH9KIZzz3DkIWLFlngl6y+JyH/MCnJtaD/772medPp/XUp5TUcUSswnpjxR/79F5A9U9VwLgEuXgQJZmvjG/OJtjb8pIjdvTIqvpyGAeU14WtZV/TS5npJKnFtGvCb+pRTK86p6d9bCN5g4BbLBRjlWpNjx/0JE3tFJkfdezBex+tvqwRCZhPKB0TxJCmQHn3EcSv+liHx3B8UdrYhNr/5GocT8JHYCbX0w3P6ekcKBKJBbu0zm9+OQ2nwAcObiMPnTCbQulIhagFDes7ERES+J4fsQDwWy0WaOv/yfFJHWThzCSisOJH67Ed1DM7tjq7LzZJ6aeycxPGmKz8RKPBah8N8pV2uN1TCbjSCUt49y8AUF0tzvyxnGwOXHKx6MgIUHrMBe+3f4McTVUoj30hNUdenQ4qU0jv49TjtMojkdJNuaeDa75znyw4r34RmWlvZAnxgidpQCaekOBW1CCBgGYVdHiWeKu8MK7CSGiye9hBDOOmdzXu4XVLV4DGb8gUG+H3J4ujl5tyyU8MrR57xCOcRh0xTInJ+FI+04nIRXliuWEbc3Tl4hBHFVDF4c+n/VWLU/U9VfMdomNQshYGoCXnhLT+tCiR8+a2gQphJu2fuCDQWygc8nfswQx1Te1sUohvAGr3mHqTqyY3gNsviAFj3S1E0QRfzLTp4/FU8Omk4cgsD+kIh8U+ryxTZp7qTv+CP9LyLyamOddx8bSYE09oRcZiEEzANtCcF4SUS+ICKfjkKYNWDZMbzGqTpVDr8IIYCBZ8gIsZofy/ZKc8fh+pohqKXLNHclwoopnne3EiRvAe61oUB6iSWyj5Pk8Bq3iAg8xbtKemkhBAytLMOwU0UnEcKjyawIizIJ+UhCGUKA12+NFIAtVrV3eaYkBTLn13pK2iGEh0Xk10TkGzdkXzwezTmvVzwUJP7o/K1jaI1Fqnd5QlYyCyUCsX+79n1JsY7gaH2q/BhaC7fFjgK5hd6Kdx1D1NNSx0d9r6piQr3oE0LAIoMl0PhZVS1+nFoIAYtQOLzD+qxeiY3zdSkCr4+V9bOq+pPWSuSwc7T1lH2V+eYcdZ+nSYHMTXiW/orh32HpEJ+IIXWV4YxjeF3Du/XO5Sa59jejUD6mqtWufIgLXRg+W6ZT0E+fUNV3F/ycimRFgSyC+eVMQggYQllXCA9LVnUY4xx2FR1eO8sGrvDC35zyhyaTUN6nqvDaqzzOiAWUsWp5c0CiQOageiTNFZ1tSgXxixhSZ12dXsLgWG0vGhwePZ1/dR7kcXeuKYoMp+hUFR1nRMDuYiMpkEvKkOjvzpXBKdcLURyrDKnnVXeUv+jQMITwjyLyFkczFRn+JxbKaiIZF76+6OBbtP0d5VplSoFchc330krvcfUCgq90y9bOjySbd3ZY0hVzugiLwqp1sR+chEJZdNri4MfRu/11N7GRFMhlfdhs4fC+kNe/i8hPe0JPNhdwIYGGh9fPi8hNjvpXExmUcePdMRB1CM/8zhpH1debRpFHvtbYyN0cZkGBXN9vTG86vcevicgbS3o4lko4wmeKDq9CCMFS/mhTdZHrwCPD6vTHROQGR/lhWlMkcUbAcLGRFEhnD/WaO73HanNNp9Urrs5iX7PlKVp+h0A+qaq5DgGxcDlqE0L4OxH5MWcCNUXSeooTqnRVRN5acpeXk6PJnAJpwrTOyOk9VgmuXqpZCOETIvILS3bx7zeW9H4dAtlsEPOKgGygxnAXw+1ic6lxigDB/8jbGhv5tKriwI9uHwpkxqbbgfeI04W+IiKvMmBKEnhtyOeaiWPh6Cuq+p3WdGvYOaYw5sWrJZK4bsFzBUgzi41r2pYCuYaa4Z2deI+e3Smlh9fWObEmh9fzLhQXQRDn6tkmWdOT9GzpfE5Vu72imAJpELs1JjvwHq0CNOEpPby2lq95gYweMbz1VSJZ+voDh/d+rW+oarc6023B14hWqXd24j16vITLqvr6UnyjoOxKIDeK5KOqel9h/p7RRdXwqi1cKJBb6J3yruNQB6RQdGhqqe6KQ1OLzzM59l934UFO7RK9M3iS1oWQ6dWiJwDFaYHLImK5lK3Y5gFL//bYUCA9tAy28azHDxpMYdLcynUM68HWMuv1D1Xq4BDxIlsLje1tMtsgkn+tqu8xZZLAKISAk+zfZkiqmRhUQ1lPmFAgvcQW7EMInt0dLXqPnusKcDrRD9eIdXMIZJcf5waRLObNO9qgaIRDyk+aApmS5svhJ9bdHVU8r7Oq6zwxHElVEx/Hx1mtjFu7lncxJOZXbNXYMc2BGzRv2cqjxvsUyMTUHQLZlPe44iZA010uifG+ktwIAonKOhf8rvEptWrs2WVVqkyp+xsFMjFRq0C21mEcB1JMxKqe2OIob7ce5AR6hUgWaxtrf487f6qeabrmU6dArqF2xjvWDtOSQDqGSlPNqy98OA5yLSYWibvSieScIlnsR8HRDk2NmKxtRYG0kjLadSqQnpjH5NcVGNEeCoZ1MWkXAhmH258XkbcbeBULbXLsJS8m2gY+ZhMKpBmVzbA3gXTM5U0Amohpc3guexLIu0TkcUNPvKKqNxrsNps4Di0uJtqbKzVLgAKZkqZjFbuFIXacZMeVBd9uxNBMJx9UIBGb+lVjWxXZveKYnikm2kY+JjMKpAmT3agXDzKuWv+biFi3CGJofVuNmMdj9EMIz4nIdxlapohQGMqRxMSxx79IPGTsR1bRLrpfPwVwCmQKirM0ehDI+Kv/KedNgE3NIfXAOXHXupacY86vWHC2Y2ttd9MdFMjEvbj1D3fFnCMIVY15PMWDNAXktzCVkbKLOVaziwVnO6Y7ini1KXlTIFPSbHgOMs43YoL/thVVbu6Xv/UfohWMTa94grNFpMhJ6o6Y1OrhYSbIXKTxYrLbt/jhRq8Dp0BbD6CYV7jJTt0iZ3sv2WbpGNIWiT10eLXNLPJZW4AepJWU0a6lDzdOoH9SRBAesuZ5SUTeUPruE0tBQwjPiMj3Gmyb834NZT7TJIRgvTyryC2TjpXsYtsgtzKe3qdApiIZ02lFIGOnhTjioqW1zwOqem7tyznfc8x77VEgrffCFLuf2trvSw37U/U9CmQqkg0J5MqFmEMSn1DV9yfGkyy5wQUS88g4s9PyFAmtcYQfdfWDRYG0dDGHjfWXNMfq6saFmKmWGFYjpKdJz3Eq5MgCCQbWfiYiRXY+OdqjqXCxpU+bArlEyPl3a8dNKZBxrvGPRORe4xWtp9XqSaTRSjD4Wegd8YDdhZZYupxDkD6jqu+1pLnFxjFq+StVvWNLXiXfpUAmpl1SIOMBt3dGYdxak65+2R0fZFf1sjaio/5FLlRzHLb8gqquiaawoklqR4FMitM+9FnrQcZh9AfiyvSWBZip5s8iLVXFiT7dPA6B2KtAWm91DKpquVhrU9t7Tj9f2/c3FXDlyxTIleBOey2HBxmH0PAUsXq5JtD7tOI+hjRbDONZapbRBdIzD1lKkHL0/aV+kPvvFMjEhFN2ksRD6HlNcfAE5hoRT9fl4zhmq0gsYA2IKftaivK3Vp4UdaJApqA4S8PaSUTk6CkzGYbQhzXsZiHmrKZxBCd3t3vD2iVbO9EohHBVRL7NUP4iWyAN5Vg0oUAuIvIZODqJL+E01ruZj6NAXpvvbupU9dbKk+KToUCmoHjSg/ysiPxE4mS3JvdfInJHbwsx9CDPbvbWBKm18mz9aPA+BTIFxZMCad0GljjnU5P7exF5T48LMYkE8hlV/f5SsEvm05ogtVaeFG1BgUxB8aRAWsMvEud8XXKXReScqj6SO6Na6Vvne0ut4pbm4BCk1nbTdLPdkAKZoVdbP9wMWSOmESvTj/SwG2Zr/a2cdyyQD4rIRwwci8w9tybYBi6LJhTIRUR+gxDCfzqvM/BncvINxDOe7zlsZw0Aq0D2emn9EpPWYkFbK88SP8vfKZAWSk4bR4yeM+UT5hfhKUZhvLIloV7fDSE8LyI3GcpfxIMylCOpSWuC1Fp5UsCmQKageCQNx6GmnhIMNYReAhNC+LSI/MySnYjsMhayNUFqrTyGfrFoQoFcRLTeIHqSHzZ6OWdlNOQQeom844CELu9kNtQfpzfhUOSlp8gNhxTIpWbg348SiLtjfkNE3icirzViwnbAj4vIw3sL0THWf9HMeSfzru7HBpzWguUpkItdlgYkUJaA4yTr3Z0L2aBA4u4j3Jy59HQz5cEh9lJT8u9NE3AcnFtkmFkSVoMCaY0BpkCW7CjMa1wCjitHL6nqLXsi5RDIIruJHOWhQO6pI7Iu7RKI87tfNpawm1NkLPXxzMGWCJanQFpajTYkUJhACAFxoJbFr/tU9dHCxcuWnWN6och91BTIbE3NhElgPQFHzOluDs91iNE1sIU8SFwBYvHmr6rqDetbvNybXKQpx5o5ZSLg2Ln0lKrenqkYxZKNQ2vci229k+g5Vb25RAGt2z9LCHaK+lIgU1BkGlUJeC6MEpEbe48rdcQbTu1SJMTJMx9Mgaz6yTDz0QhYPRcRKXL0Vy7+zh8DFOOfVPWtucozTzeEgLMBcOPm0vN1VX3VklELf6cH2UIrsAybCTiO2vqMqr53c4aVEggh4HreW43Zf01E3lLq6DvHYlmRu7qNjM40o0CmoMg0qhNwDDtfVNVXVy/wigI45lqLDq2RmWNfPMz/UFU/tAJB8VcokMWRM8McBJyrut2F+8T5vX8WkW818isajO2IJHhRRG7uZR6YAmnsbTRrn4BjHrKrXTVR/LHH+XWOVih2OIdncUZEugq1okA6ehxN2ybgOEAXFWnei4zCg+PMsMfZ8xQ9INg59O/mPhoAp0B6uh1tmyYQQnhYRD5oLGSzXmQURtw1g/Mevc+zqmqNj/SmfdTecaJS8bJtrSAFcitBvt8UgZ69yBgAjjAZXB3sGU7P26Coh+ac+y0Sj5myQ1IgU9JkWtUJOE73QVmb8SLjMBVe41phRH0+qqoQ12KPZz+4iHR3WAgFslhXYkalCDiGfChStbnIGPSNKQEcNPstG/m8JCJvKLk6HD1e3OBpKXuX53FSIDf2Sr7eHoFWvcgoKHfGRReI4hZv8RD8A6p6rmRrOOd8u9zBRIEs2aOYVzECrXiR0UuEKEIQb8sE4FOq+vOZ0j412RACYhq/2ZDvC6qa8sfAkGUaEwpkGo5MpTECTi/y/0Tkd2KM3qUtVcnsJR4W7X9E5PdLe44ohJNv8bnRLW04f5cCmYok02mOgNOLnMqPA3URzPzEYYWiNzgdzDvFJsIzgmeI//uDxvm4raxw4+X9NQ//deycQV27W5yZGogCubWr8v1mCTi9nGbrMSsYhBEn5jxScjHmGJg9HkxxrJ4UyB4+C5ZxNYGVXuTq/DK++Fj0GnG9RPXHIZDdHExBgazerViA0gR24EVeiMK4aW40NXfjELvbxRkOsVP3GKbXLAHHamtLdfiSiLz/2FxoC4U07qApuqsnBxcOsXNQZZpNEXAeplC77JfjHGPRmMY1lV44g7O7bYUcYq/pBXxnFwQcJ46Xri8WXs6LCFbNz9defPFWPnqSD4rIO+O7mBLAItJ1UQDetFuwpwfZQiuwDEUIRE/yIRF5TZEMT8/kYhRFCCKuUODTKAEKZKMNw2LlIxC9Hhwldk++XE6k3LWXWIhRk9lQIJtsFhaqBIF47iKEEvejWLbMeYqFucS/EZGH6SV6sLVlS4Fsqz1YmkoE4sELvywi006ZYyX5XxF5WkQQi4ih8RSTOM23XaEYVmrATNlSIDOBZbIkQAL9E6BA9t+GrAEJkEAmAhTITGCZLAmQQP8EKJD9tyFrQAIkkIkABTITWCZLAiTQPwEKZP9tyBqQAAlkIkCBzASWyZIACfRPgALZfxuyBiRAApkIUCAzgWWyJEAC/ROgQPbfhqwBCZBAJgIUyExgmSwJkED/BCiQ/bcha0ACJJCJAAUyE1gmSwIk0D8BCmT/bcgakAAJZCLw/7t7DFC03dR+AAAAAElFTkSuQmCC\">","headImg":"images\\headImg\\14.jpg","name":"aaaaaa"},"msgid":1,"msgtime":1510146003871,"headImg":"images\\headImg\\14.jpg"}', '2017-11-08');
INSERT INTO t_chatRecord (recordId, sendId, receiveId, content, recordTime) VALUES (1772, '10001', '15606911117', '{"sender":"10001","receiver":"15606911117","type":"tovMessage","content":{"message":"法法","headImg":"images\\headImg\\14.jpg","name":"客服2"},"msgid":1,"msgtime":1510146100205,"headImg":"images\\headImg\\14.jpg"}', '2017-11-08');
INSERT INTO t_chatRecord (recordId, sendId, receiveId, content, recordTime) VALUES (1773, '15606911117', '10001', '{"sender":"15606911117","receiver":"10001","type":"visitorMessage","content":{"message":"法师法师‘’","headImg":"images\\headImg\\14.jpg","name":"aaaaaa"},"msgid":1,"msgtime":1510145999278,"headImg":"images\\headImg\\14.jpg"}', '2017-11-08');
INSERT INTO t_chatRecord (recordId, sendId, receiveId, content, recordTime) VALUES (1774, '10001', '15606911117', '{"sender":"10001","receiver":"15606911117","type":"tovMessage","content":{"message":"发大师法是否","headImg":"images\\headImg\\14.jpg","name":"客服2"},"msgid":1,"msgtime":1510146123659,"headImg":"images\\headImg\\14.jpg"}', '2017-11-08');
INSERT INTO t_chatRecord (recordId, sendId, receiveId, content, recordTime) VALUES (1775, '10001', '15606911117', '{"sender":"10001","receiver":"15606911117","type":"tovMessage","content":{"message":"撒旦法司法暗示法s&nbsp;","headImg":"images\\headImg\\14.jpg","name":"客服2"},"msgid":1,"msgtime":1510146110516,"headImg":"images\\headImg\\14.jpg"}', '2017-11-08');
INSERT INTO t_chatRecord (recordId, sendId, receiveId, content, recordTime) VALUES (1776, 'littleQ', '15606911111', '{"sender":"littleQ","receiver":"15606911111","type":"Message","content":{"message":"你好呀，我是小Q，你可以问我比如\"我的订单\",\"我的收货地址\"之类的问题哦，也可以输入\"人工\"转到人工客服","headImg":"images/headImg/LQ.jpeg","name":"小Q"},"msgid":1,"msgtime":1510197932286}', '2017-11-09');
INSERT INTO t_chatRecord (recordId, sendId, receiveId, content, recordTime) VALUES (1777, 'littleQ', '15606911111', '{"sender":"littleQ","receiver":"15606911111","type":"Message","content":{"message":"你好呀，我是小Q，你可以问我比如\"我的订单\",\"我的收货地址\"之类的问题哦，也可以输入\"人工\"转到人工客服","headImg":"images/headImg/LQ.jpeg","name":"小Q"},"msgid":1,"msgtime":1510205315268}', '2017-11-09');
INSERT INTO t_chatRecord (recordId, sendId, receiveId, content, recordTime) VALUES (1778, '15606911111', 'littleQ', '{"sender":"15606911111","receiver":"littleQ","type":"userMessage","content":{"message":"人工","headImg":"images\\headImg\\14.jpg","name":"方法"},"msgid":1,"msgtime":1510205320427}', '2017-11-09');
INSERT INTO t_chatRecord (recordId, sendId, receiveId, content, recordTime) VALUES (1779, 'littleQ', '15606911111', '{"sender":"littleQ","receiver":"15606911111","type":"Message","content":{"tips":["正在转接人工客服，请稍等"]},"msgid":1,"msgtime":1510205320428}', '2017-11-09');
INSERT INTO t_chatRecord (recordId, sendId, receiveId, content, recordTime) VALUES (1780, 'littleQ', '15606911111', '{"sender":"littleQ","receiver":"15606911111","type":"Message","content":{"tips":["十分抱歉，目前暂无人工客服在线"]},"msgid":1,"msgtime":1510205320428}', '2017-11-09');
INSERT INTO t_chatRecord (recordId, sendId, receiveId, content, recordTime) VALUES (1781, 'littleQ', '15606911111', '{"sender":"littleQ","receiver":"15606911111","type":"Message","content":{"message":"你好呀，我是小Q，你可以问我比如\"我的订单\",\"我的收货地址\"之类的问题哦，也可以输入\"人工\"转到人工客服","headImg":"images/headImg/LQ.jpeg","name":"小Q"},"msgid":1,"msgtime":1510205448423}', '2017-11-09');
INSERT INTO t_chatRecord (recordId, sendId, receiveId, content, recordTime) VALUES (1782, '15606911111', 'littleQ', '{"sender":"15606911111","receiver":"littleQ","type":"userMessage","content":{"message":"人工","headImg":"images\\headImg\\14.jpg","name":"方法"},"msgid":1,"msgtime":1510205452546}', '2017-11-09');
INSERT INTO t_chatRecord (recordId, sendId, receiveId, content, recordTime) VALUES (1783, 'littleQ', '15606911111', '{"sender":"littleQ","receiver":"15606911111","type":"Message","content":{"tips":["正在转接人工客服，请稍等"]},"msgid":1,"msgtime":1510205452548}', '2017-11-09');
INSERT INTO t_chatRecord (recordId, sendId, receiveId, content, recordTime) VALUES (1784, '10001', '15606911111', '{"sender":"10001","receiver":"15606911111","type":"touMessge","content":{"message":"的撒发生大发","headImg":"images/headImg/cus.png","name":"客服2"},"msgid":1,"msgtime":1510205460275}', '2017-11-09');
INSERT INTO t_chatRecord (recordId, sendId, receiveId, content, recordTime) VALUES (1785, '10001', '15606911111', '{"sender":"10001","receiver":"15606911111","type":"touMessge","content":{"message":"大事发生","headImg":"images/headImg/cus.png","name":"客服2"},"msgid":1,"msgtime":1510205554085}', '2017-11-09');
INSERT INTO t_chatRecord (recordId, sendId, receiveId, content, recordTime) VALUES (1786, 'littleQ', '15606911111', '{"sender":"littleQ","receiver":"15606911111","type":"Message","content":{"message":"你好呀，我是小Q，你可以问我比如\"我的订单\",\"我的收货地址\"之类的问题哦，也可以输入\"人工\"转到人工客服","headImg":"images/headImg/LQ.jpeg","name":"小Q"},"msgid":1,"msgtime":1510205559974}', '2017-11-09');
INSERT INTO t_chatRecord (recordId, sendId, receiveId, content, recordTime) VALUES (1787, '15606911111', 'littleQ', '{"sender":"15606911111","receiver":"littleQ","type":"userMessage","content":{"message":"人工","headImg":"images\\headImg\\14.jpg","name":"方法"},"msgid":1,"msgtime":1510205562169}', '2017-11-09');
INSERT INTO t_chatRecord (recordId, sendId, receiveId, content, recordTime) VALUES (1788, 'littleQ', '15606911111', '{"sender":"littleQ","receiver":"15606911111","type":"Message","content":{"tips":["正在转接人工客服，请稍等"]},"msgid":1,"msgtime":1510205562178}', '2017-11-09');
INSERT INTO t_chatRecord (recordId, sendId, receiveId, content, recordTime) VALUES (1789, '10001', '15606911111', '{"sender":"10001","receiver":"15606911111","type":"touMessge","content":{"message":"阿斯顿发生大法","headImg":"images/headImg/cus.png","name":"客服2"},"msgid":1,"msgtime":1510205566697}', '2017-11-09');
INSERT INTO t_chatRecord (recordId, sendId, receiveId, content, recordTime) VALUES (1790, '15606911111', '10001', '{"sender":"15606911111","receiver":"10001","type":"userMessage","content":{"message":"大师傅大是","headImg":"images\\headImg\\14.jpg","name":"方法"},"msgid":1,"msgtime":1510205628102}', '2017-11-09');
INSERT INTO t_chatRecord (recordId, sendId, receiveId, content, recordTime) VALUES (1791, '15606911111', 'littleQ', '{"sender":"15606911111","receiver":"littleQ","type":"userMessage","content":{"message":"人工","headImg":"images\\headImg\\14.jpg","name":"方法"},"msgid":1,"msgtime":1510205789631}', '2017-11-09');
INSERT INTO t_chatRecord (recordId, sendId, receiveId, content, recordTime) VALUES (1792, 'littleQ', '15606911111', '{"sender":"littleQ","receiver":"15606911111","type":"Message","content":{"tips":["正在转接人工客服，请稍等"]},"msgid":1,"msgtime":1510205789632}', '2017-11-09');
INSERT INTO t_chatRecord (recordId, sendId, receiveId, content, recordTime) VALUES (1793, 'littleQ', '15606911111', '{"sender":"littleQ","receiver":"15606911111","type":"Message","content":{"message":"你好呀，我是小Q，你可以问我比如\"我的订单\",\"我的收货地址\"之类的问题哦，也可以输入\"人工\"转到人工客服","headImg":"images/headImg/LQ.jpeg","name":"小Q"},"msgid":1,"msgtime":1510205947532}', '2017-11-09');
INSERT INTO t_chatRecord (recordId, sendId, receiveId, content, recordTime) VALUES (1794, '15606911111', 'littleQ', '{"sender":"15606911111","receiver":"littleQ","type":"userMessage","content":{"message":"人工","headImg":"images\\headImg\\14.jpg","name":"方法"},"msgid":1,"msgtime":1510205950158}', '2017-11-09');
INSERT INTO t_chatRecord (recordId, sendId, receiveId, content, recordTime) VALUES (1795, 'littleQ', '15606911111', '{"sender":"littleQ","receiver":"15606911111","type":"Message","content":{"tips":["正在转接人工客服，请稍等"]},"msgid":1,"msgtime":1510205950162}', '2017-11-09');
INSERT INTO t_chatRecord (recordId, sendId, receiveId, content, recordTime) VALUES (1796, 'littleQ', '15759312500', '{"sender":"littleQ","receiver":"15759312500","type":"Message","content":{"message":"你好呀，我是小Q，你可以问我比如\"我的订单\",\"我的收货地址\"之类的问题哦，也可以输入\"人工\"转到人工客服","headImg":"images/headImg/LQ.jpeg","name":"小Q"},"msgid":1,"msgtime":1510209183719}', '2017-11-09');
INSERT INTO t_chatRecord (recordId, sendId, receiveId, content, recordTime) VALUES (1797, 'littleQ', '15759312500', '{"sender":"littleQ","receiver":"15759312500","type":"Message","content":{"message":"你好呀，我是小Q，你可以问我比如\"我的订单\",\"我的收货地址\"之类的问题哦，也可以输入\"人工\"转到人工客服","headImg":"images/headImg/LQ.jpeg","name":"小Q"},"msgid":1,"msgtime":1510209193396}', '2017-11-09');
INSERT INTO t_chatRecord (recordId, sendId, receiveId, content, recordTime) VALUES (1798, 'littleQ', '15759312500', '{"sender":"littleQ","receiver":"15759312500","type":"Message","content":{"message":"你好呀，我是小Q，你可以问我比如\"我的订单\",\"我的收货地址\"之类的问题哦，也可以输入\"人工\"转到人工客服","headImg":"images/headImg/LQ.jpeg","name":"小Q"},"msgid":1,"msgtime":1510209214029}', '2017-11-09');
INSERT INTO t_chatRecord (recordId, sendId, receiveId, content, recordTime) VALUES (1799, '15759312500', 'littleQ', '{"sender":"15759312500","receiver":"littleQ","type":"userMessage","content":{"message":"<img src=\"./images/expression/59.gif\" style=\"padding: 3px;\"><img src=\"data:image/png;base64,iVBORw0KGgoAAAANSUhEUgAAAUgAAADICAYAAACK03hfAAAK2ElEQVR4Xu3cbY4lNRJG4Ww2AIj9IPjBrpFALAhYAaBGXL76Vt2MtB1pO575O2E74rxRZ7Kqpflw+A8CCCCAwFMCH3BBAAEEEHhOgCBtBgIIIPAGAYK0GggggABB2gEEEEAgRsAXZIyXagQQKESAIAuFbVQEEIgRIMgYL9UIIFCIAEEWCtuoCCAQI0CQMV6qEUCgEAGCLBS2URFAIEaAIGO8VCOAQCECBFkobKMigECMAEHGeKlGAIFCBAiyUNhGRQCBGAGCjPFSjQAChQgQZKGwjYoAAjECBBnjpRoBBAoRIMhCYRsVAQRiBAgyxks1AggUIkCQhcI2KgIIxAgQZIyXagQQKESAIAuFbVQEEIgRIMgYL9UIIFCIAEEWCtuoCCAQI0CQMV6qEUCgEAGCLBS2URFAIEaAIGO8VCOAQCECBFkobKMigECMAEHGeKlGAIFCBAiyUNhGRQCBGAGCjPFSjQAChQgQZKGwjYoAAjECBBnjpRoBBAoRIMhCYRsVAQRiBAgyxks1AggUIkCQhcI2KgIIxAgQZIyXagQQKESAIAuFbVQEEIgRIMgYL9UIIFCIAEEWCtuoCCAQI0CQMV6qEUCgEAGCLBS2URFAIEaAIGO8VCOAQCECBFkobKMigECMAEHGeKlGAIFCBAiyUNhGRQCBGAGCjPFSjQAChQgQZKGwjYoAAjECBBnjpRoBBAoR2FWQvx7H8XmhHO8c9SPrL+9swNsIjCKwqyB/HwXMvU8J7LpH4i5OYNfFfghy1/lmWVucZ0lCH0MI7CoQP7hD1uWTS3HO4eyVmwgQ5E3gN3mWIDcJ0hjPCRCkzWghQJAt9JydngBBTh/R1A0S5NTxaK6VAEG2Eqx9niBr57/99AS5fcRDByTIoXhdfjcBgrw7gbXfJ8i189P9CwIEaUVaCBBkCz1npydAkNNHNHWDBDl1PJprJUCQrQRrnyfI2vlvPz1Bbh/x0AEJcihel99NgCDvTmDt9wly7fx07x9p7MBAAgQ5EK6r7yfgC/L+DFbugCBXTk/vLwkQ5EtECt4hQJDWY2sCBLl1vMOHI8jhiD1wJwGCvJP++m8T5PoZmuAdAgRpPVoIEGQLPWenJ0CQ00c0dYMEOXU8mmslQJCtBGufJ8ja+W8/PUFuH/HQAQlyKF6X302AIO9OYO33CXLt/HT/ggBBWpEWAgTZQs/Z6QkQ5PQRTd0gQU4dj+ZaCRBkK8Ha5wmydv7bT0+Q20c8dECCHIrX5XcTIMi7E1j7fYJcOz/d+0caOzCQAEEOhOvq+wn4grw/g5U7IMiV09P7SwIE+RJR94KHVLpfvPCFH5l8tnD/Wt+UAEHmB0uQz5nvuov5G+bFbgR2XcqZf/WbubfoYvWYpccd0b7VI3CKAEGewtS1aCch9Jilxx1dA3IZAg8CBJm/CzsJoccsPe7IT9GLJQgQZH7MOwmhxyw97shP0YslCBBkfsw7CaHHLD3uyE/RiyUIEGR+zDsJoccsPe7IT9GLJQgQZH7MOwmhxyw97shP0YslCBBkfsw7CaHHLD3uyE/RiyUIEGR+zDsJoccsPe7IT9GLJQgQZH7MOwmhxyw97shP0YslCBBkfsw7CaHHLD3uyE/RiyUIEGR+zDsJoccsPe7IT9GLJQgQZH7MOwmhxyw97shP0YslCBBkfsw7CaHHLI87fjqO4+v8OLq8+ONxHN92ucklUxEgyPw4ekglv+vnL/aY5XHHLDNd7WPXn6WrPLY4t2uoPX5wRwU8c2/RmXvM8n9BrraTPRhEuatPIrDaMp7FMvPSztzbWb6Puh6zEGSUuvo0AgSZhvrvh3pIJb/rvF+xV9vJnfKcZa+m6WO1ZTwLbualnbm3s3x9Qf5Daqc8o/lvX0+Q+RHv9APVYxa/YufvoBdPEiDIk6A6lvWQSsd2mq7qMQtBNkXg8EgCBDmS7ri/2+V3PW4WgpwlTX18QoAg85eix1dXftcE+RbznfKcZa+m6YMg86PY6Qeqxyy+IPN30IsnCRDkSVAdy3pIpWM7TVf1mIUgmyJweCQBghxJd9yvpfldj5uFIGdJUx/+BjnBDvT46ppgjD9b6DELQc6Spj4IcoId6CGVCcYgyL9C2CnPWfZqmj78ip0fxU4/UD1m8QWZv4NePElgd0GexKCskUDLHhFkI3zHxxFoWexxXbXf/MtxHF+0X+OGEwR+Po7jqxN1b5UQZAM8R8cS2FWQY6m13d7j19K2DuY6TZBz5aGbfxEgyPx1IMj/MifI/B304kkCBHkSVMcygiTIjuvkqpEECHIk3ed3EyRB5m+dFy8RIMhL2JoOESRBNi2Qw3kECDKP9eMlgiTI/K3z4iUCBHkJW9MhgiTIpgVyOI8AQeax9gX5/t9kH//tajvpf/Dyf4bSXlxtGdPADHzID5QvyIHr5eqeBAiyJ81zdxEkQZ7bFFW3EyDI/AgIkiDzt86LlwgQ5CVsTYcIkiCbFsjhPAIEmcfaP9L4R5r8bfNiEwGCbMJ36bAvSF+QlxbHoXwCBJnPnCAJMn/rvHiJAEFewtZ0iCAJsmmBHM4jQJB5rP0N0t8g87fNi00ECLIJ36XDviB9QV5aHIfyCRBkPnOCJMj8rfPiJQIEeQlb0yGCJMimBXI4jwBB5rH2N0h/g8zfNi82ESDIJnyXDvuC9AV5aXEcyidAkPnMCZIg87fOi5cIEOQlbE2HCJIgmxbI4TwCBJnH2t8g/Q0yf9u82ESAIJvwXTrsC9IX5KXFcSifAEHmMydIgszfOi9eIkCQl7A1HSJIgmxaIIfzCBBkHmt/g/Q3yPxt82ITAYJswnfpsC9IX5CXFsehfAIEmc/8Icj8l9d4cbWd9D94a+zVpS5XW8ZLQ0526LfjOHD/9CvywWQ1NgQ52Q9Yz3ZWW8aes7trLgKrimbVvudKf9JuCHLSYAq2tapoVu274IrFRybIODMnxhBYVTSr9j0mxc1uJcjNAl14nFVFs2rfC69KXusEmcfaS+8TWFU0q/ZtH08QIMgTkJSkEFhVNKv2nRLq6o8Q5OoJ7tP/qqJZte99NmfgJAQ5EK6rQwRWFc2qfYfCqVpMkFWTn2/uVUWzat/zbcCEHRHkhKEUbWlV0azad9E1i41NkDFeqscRWFU0q/Y9LsmNbibIjcJcfJTV/088/CwtvoDP2hfqhqEuOtIPx3F8s2jv3x/H8d2ivWv7HQIEaT0QQACBNwgQpNVAAAEECNIOIIAAAjECviBjvFQjgEAhAgRZKGyjIoBAjABBxnipRgCBQgQIslDYRkUAgRgBgozxUo0AAoUIEGShsI2KAAIxAgQZ46UaAQQKESDIQmEbFQEEYgQIMsZLNQIIFCJAkIXCNioCCMQIEGSMl2oEEChEgCALhW1UBBCIESDIGC/VCCBQiABBFgrbqAggECNAkDFeqhFAoBABgiwUtlERQCBGgCBjvFQjgEAhAgRZKGyjIoBAjABBxnipRgCBQgQIslDYRkUAgRgBgozxUo0AAoUIEGShsI2KAAIxAgQZ46UaAQQKESDIQmEbFQEEYgQIMsZLNQIIFCJAkIXCNioCCMQIEGSMl2oEEChEgCALhW1UBBCIESDIGC/VCCBQiABBFgrbqAggECNAkDFeqhFAoBABgiwUtlERQCBGgCBjvFQjgEAhAgRZKGyjIoBAjABBxnipRgCBQgQIslDYRkUAgRgBgozxUo0AAoUI/AE6uUfYZHFbAQAAAABJRU5ErkJggg==\">","headImg":"images\\headImg\\14.jpg","name":"开讲话稿"},"msgid":1,"msgtime":1510209225097}', '2017-11-09');
INSERT INTO t_chatRecord (recordId, sendId, receiveId, content, recordTime) VALUES (1800, 'littleQ', '15759312500', '{"sender":"littleQ","receiver":"15759312500","type":"Message","content":{"message":"小Q很抱歉哦，无法理解你所说的内容","headImg":"images/headImg/LQ.jpeg","name":"小Q"},"msgid":1,"msgtime":1510209225099}', '2017-11-09');
INSERT INTO t_chatRecord (recordId, sendId, receiveId, content, recordTime) VALUES (1801, '15759312500', 'littleQ', '{"sender":"15759312500","receiver":"littleQ","type":"userMessage","content":{"message":"傻逼","headImg":"images\\headImg\\14.jpg","name":"开讲话稿"},"msgid":1,"msgtime":1510209238065}', '2017-11-09');
INSERT INTO t_chatRecord (recordId, sendId, receiveId, content, recordTime) VALUES (1802, 'littleQ', '15759312500', '{"sender":"littleQ","receiver":"15759312500","type":"Message","content":{"message":"小Q很抱歉哦，无法理解你所说的内容","headImg":"images/headImg/LQ.jpeg","name":"小Q"},"msgid":1,"msgtime":1510209238065}', '2017-11-09');
INSERT INTO t_chatRecord (recordId, sendId, receiveId, content, recordTime) VALUES (1803, '15759312500', '10001', '{"sender":"15759312500","receiver":"10001","type":"userMessage","content":{"message":"人工","headImg":"images\\headImg\\14.jpg","name":"开讲话稿"},"msgid":1,"msgtime":1510209453519}', '2017-11-09');
INSERT INTO t_chatRecord (recordId, sendId, receiveId, content, recordTime) VALUES (1804, '15759312500', '10001', '{"sender":"15759312500","receiver":"10001","type":"userMessage","content":{"message":"撒的发生","headImg":"images\\headImg\\14.jpg","name":"开讲话稿"},"msgid":1,"msgtime":1510209455607}', '2017-11-09');
INSERT INTO t_chatRecord (recordId, sendId, receiveId, content, recordTime) VALUES (1805, '10001', '15759312500', '{"sender":"10001","receiver":"15759312500","type":"touMessge","content":{"message":"。。mm","headImg":"images/headImg/cus.png","name":"客服2"},"msgid":1,"msgtime":1510209460296}', '2017-11-09');
INSERT INTO t_chatRecord (recordId, sendId, receiveId, content, recordTime) VALUES (1806, '10001', '15759312500', '{"sender":"10001","receiver":"15759312500","type":"touMessge","content":{"message":"<img src=\"data:image/png;base64,iVBORw0KGgoAAAANSUhEUgAAAUgAAADICAYAAACK03hfAAAP+klEQVR4Xu2dvatmVxXGnxDUUZRJOi0kTmeXTGFhIWMqQYTEzm5MJ2mSdGKT5C+I04jaxOkFHWyFGAgBq5i/ILERrFSImGgx8ujZcHLmvh/rvedr7fU7cJl77+z3nLV+a5/nrv39mLggAAEIQOBKAo/BBQIQgAAEriaAQFIzIAABCBwggEBSNSAAAQggkNQBCEAAAjECZJAxXpSGAAQKEUAgCwUbVyEAgRgBBDLGi9IQgEAhAghkoWDjKgQgECOAQMZ4URoCEChEAIEsFGxchQAEYgQQyBgvSkMAAoUIIJCFgo2rEIBAjAACGeNFaQhAoBABBLJQsHEVAhCIEUAgY7woDQEIFCKAQBYKNq5CAAIxAghkjBelIQCBQgQQyELBxlUIQCBGAIGM8aI0BCBQiAACWSjYuAoBCMQIIJAxXpSGAAQKEUAgCwUbVyEAgRgBBDLGi9IQgEAhAghkoWDjKgQgECOAQMZ4URoCEChEAIEsFGxchQAEYgQQyBgvSkMAAoUIIJCFgo2rEIBAjAACGeNFaQhAoBABBLJQsHEVAhCIEUAgY7woDQEIFCKAQBYKNq5CAAIxAghkjBelIQCBQgQQyELBxlUIQCBGAIGM8aI0BCBQiAACWSjYuAoBCMQIIJAxXpSGAAQKEUAgCwUbVyEAgRgBBDLGi9IQgEAhAghkoWDjKgQgECOAQMZ4URoCEChEAIEsFGxchQAEYgQQyBgvSkMAAoUIIJCFgo2rEIBAjAACGeNFaQhAoBABBLJQsHEVAhCIEUAgY7woDQEIFCKAQBYKNq5CAAIxAghkjBelIQCBQgQQyELBxlUIQCBGAIGM8aI0BCBQiAACWSjYuAoBCMQIIJAxXpSGAAQKEUAgCwUbVyEAgRgBBDLGi9IQgEAhAghkoWDjKgQgECOAQMZ4URoCEChEAIEsFGxchQAEYgQQyBgvSkMAAoUIIJCFgo2rEIBAjAACGeNFaQhAoBABBLJQsHEVAhCIEUAgY7woDQEIFCKAQBYKNq5CAAIxAghkjBelIQCBQgQQyELBxlUIQCBGAIGM8aI0BCBQiAACWSjYuAoBCMQIIJAxXpSGAAQKEUAgCwUbVyEAgRgBBDLGi9IQgEAhAghkoWDjKgQgECOAQMZ4URoCmQn8UNKrkv4u6XZmR9ayHYFcizTPgcC2BP4l6cZgwvuSntnWnBxPRyBzxAkrIXBdAmOBnN7rY0k/kvRgyC6v+6xuPo9AdhNKHIHASQJuYv9c0ucOlHTT+6eS7kv68OTdChRAIAsEGRchcILA85JelnRnVO5Xku5J+lNleghk5ejjOwQ+TcD9khbKu6Nf/2HIKt38LnchkOVCjsMQOEnga5LcHLdY3hxK/1vSdyRZMMtcCGSZUOMoBMIEnpDk5vcvJX1m+LQF8oUqfZQIZLjO8AEIlCTw2iSj9M/uo/TATrcXAtltaHEMArMTcEbpUe7WR2lxdDPco95dXghkl2HFKQgsSuDbkpxBtlFvN7tf77F/EoFctB5xcwh0TcADOc4o20COpwa90lOzG4Hsuv7iHAQWJ+Bmt5vZXuPtq002d0aZ/kIg04cQByCwCwKeGuQMsjW7vbTxC7uw7BpGIJDXgMdHIQCBRwi4f/L3kh4fpgNZNNNeCGTa0GE4BHZLwH2Tbw6DNs/u1sozDEMgz4BEEQhAIEzAfZEevLFApl19g0CG484HIACBMwh4GpAHbiyOabNIBPKMSFMEAhAIE/DotrdMcxZ5K+vSRAQyHHc+AAEInEnAcyRfGlbauF8y3YVApgsZBkMgDQFP/flgsDZlFolApqlrGAqBlAQ8zcdrt72xhSeUp7oQyFThwlgIpCPQskiPajuLTLX7DwKZrr5hMATSEfBItlfYePmhR7fTXAhkmlBhKATSEvDqmreG7PHJTF4gkJmiha0QyEugZZHejTzN8kMEMm+Fw3IIZCLQlh/6bJtDx87uzh8EcnchwSAIdEvg4eBZGt1JY2i3VQbHIFCHgM/YflrS7SznbSOQdSonnkJgawKtHzLNBhYI5NZVhudDoA6B30p6LtM+kQhkncqJpxDYmkDb4SfNfEgEcusqw/MhUIcAAlkn1ngKAQgECbQJ429L8ve7v8ggdx8iDIRANwQQyG5CiSMQgMDcBMYbV6RYckgGOXcV4H4QgMAxAqkmiyOQVGYIQGBNAu0wL2eQu9/6DIFcs2rwLAhAINVkcQSSCgsBCKxJAIFckzbPggAEUhFoB3mlmCxOBpmqbmEsBNITSDVZHIFMX99wAAKpCLR9Ie9L2v1RsAhkqrqFsRBITyDVZHEEMn19wwEIpCLQBNJ7Q3pfyF1fCOSuw4NxEOiSQJrJ4ghkl/UPpyCwWwItg/xE0o3dWjkYhkDuPULYB4G+CPhEw7uS7kl6ee+uIZB7jxD2QaAvAm2p4S1JH+7dNQRy7xHCPgj0Q6BN8Xlf0jMZ3EIgM0QJGyHQB4F2Js0rkryiZvcXArn7EGEgBLog8ISkvw2epNjJx7YikF3UPZyAwO4JeEDmDUkPJD2/e2sHAxHILJHCTgjkJuCJ4U9nOvKVDDJ3hcN6CGQh0I5a+IckN7XTXGSQaUKFoRBIS6BtcZZig4oxZQQybZ3DcAikIeD5jk9JelaSN8xNcyGQaUKFoRBISaAtLfyzJDe1U10IZKpwYSwE0hFItbRwSheBTFffMBgCqQikWlqIQKaqWxgLgdQE0i0tRCBT1zeMh0AqAumWFiKQqeoXxkIgLYGUSwsRyLT1DcMhkIpAyqWFCGSqOoaxEEhLIOXSQgQybX3DcAikIZB2aSECmaaOYSgE0hJIu7QQgUxb5zAcAikIeHDmr5I+m3FpIQKZoo5hJARSErA4vjUcp/BPSV9M6cXIaFbSZI8g9kNgHwTG4ugzZ7wG26toUl8IZOrwYTwEdkFgLI7elMIHcqUXR5NFIHdRvzACAqkJtA0pvCGuM0dvb+bdw9tlwWwb5frf8YmG4/9zeQurpwhNL/9uKrqHyjqDnUWgEcjU9RLjIbAoAYvZKaH7uqQvS3q404TrI0lfvVQwEchF6xc3h0AqAs7m7kp6cRiFvtR4Z5LjLHCc/U2zvmlmOM0wr8pC2++Olb05Mt4Z7guXOINAXkKNz0CgHwJNFH3S4HRD22NC911J35Dk0WovK/z1pVnagijtm3cwt1hedBY3ArlgdLg1BHZK4JAoeoDFO/A447qqH7C5M+1zPFZ2awQW/t8MRtw+4dcjtiKQW4eP50NgHQLXFcVm5WuSXh1++P4gqOt4cPlT2soeN+9vRTJdBPJy6HwSAnsnMJcoNj/bBrj+2X16ziSzXG5q3xma3D487KwLgTwLE4UgkIbA3KLYgzjaBw/oePqR+yPvDf2mJ4OKQJ5ERAEI7J7AUqLYizg2P8zpvUj3AAK5+7qPgRC4ksDSotibODZ/2ka+7o90U/voABMCydsHgVwE3A/4i8k8xXNHn6OejvscL5omE33gSuXbKLwnkX/p2DMRyJUiwmMgcE0CXsLn0WP/6+s/kn52xpScSx/rDNU787jv7r4ki2Uv1/ck/W5g6G3ZDl4IZC8hx49eCXjy9psjYfTkbTcTlxxB7lkcXU9aBvm6JE9bQiB7fXvwq1sCFkZnjC1zszB6Pp+/ZtmI4QC53sXRGfEHQ2bsOZEe2UYgu32NcKw3An6BX5pkNp6W4kxnSWE0x97F0T62ftW3R1k5AtnbW4Q/XRKwCFoc29Zg7vvz745mOTORqCCORtUmjJ810Z0+yJlqF7eBwDUIOKtxc7ptFuHsxsLol3mNa9zs9F6K4/0a13j+Ws8Yn7bo709m5AjkWqHhORB4lIBHpD0A04TR4uQBmLWE0RZ1eVTCgcrW1pGfPSqPQPLaQmB9AtMpO57H6Jd3yZHpq7x0pviupM9L6uYcmSPhdFfFU5HTFhHI9V8OnliXwKGR6aNTTRbC1VaU+PYfS/rKOU3OhWxZ47b+o+R5nf5jNN338uDzEcg1QsMzqhNwM/aNDabsXMV9Oq9yrRHyrevA2XMfx4YikFuHjef3TKBN2XG2tsXI9JStN491n6dt8bxK/7xmf+dWsQ7NfUQgtwoTz61EwCPTzhqbMHpk2r9bY8rOlPM0g30w2HJyFLeTgIXmPiKQnUQdN3ZJwGL0l2HgwwauPWVnCsUDMT5ywE1rZ43u7/RqnEpXaO4jAlmpauDr2gR8pstzkj6R9IONjyQYH4/gUWpnUns+P2aJWIXnPiKQS4SBe0Lg/9mZJ3w7U3PmtkVz2nGwKDhrbBO+T27K0HHwwnMfEciOawOubUZgfHqeN2LdavBj3PfpKS3+eStbNgvG8GD/gfjjsHfmRTFhFHvrEPL8HgiM1zFvtbGs+z49Qm2h9lVtIGZaj8bdC57n6cnw4QuBDCPjAxD4FIHxUr2zl7DNzHC8ZHGN/SJnNn/W2/mPlf9QzNK9gEDOGhtuVpBAG5TZaqleO/PZ6LecSrSH0M8+KIVA7iGs2JCVwJaDMrNmSlkDMOprnC1rHLNAIJPXDMzfjMCWgzJemePRcjfvPRBjW6pN32mBnz1rRCA3e6d4cCcEthqUmQ7EuM/TYlllRcy4+qySQZNBdvLG4sZqBLYalJmuo/b0Hfd/VrwWzRrJICtWKXyei8DagzIWZDennSm2gRiLJVmjtPgEeDLIuV4b7lOBwJqDMl4Nc1fST4aJzua71RzLPcR2tayRDHIP4caGbATWGpTxcyyMbcK3OXmi8zeLDsSs0td4qDKSQWZ7TbF3CwJLD8q0bNH9iuPdrj0I441eqy4V3CRrJIPc4hXjmZkJuL/vpqS5V8pclS162o4nf1sYK/Yzup5smjUikJlfVWzfgsDD4aFPziBaZIvHI7h51ohAbvGK8czMBJpAXqdLimzxcA1wxuh+1xdHA1KLj1CfUyGvE/Bz7k8ZCPRA4FKBJFs8HH1vKuw/Gv5qx1LsbkAKgezh9cWHpQlEBZJs8eqIHBJF97t6fqn7XXe1ZBKBXPrV4v49EDgmkN5qzIfRu5nor29JenzkdPWR6HSiSB9kD68sPqxJoAmkxdBfFkI3n9ueg1NbfB7Nj4uORLu53ETRrMbNZ28J5yzR2eJWx1GE6g0ZZAgXhYsSaAJ5lft+6f2yu2no+Yr+PsXLP2Msx6I4nuDuR6QTRTLIGWsGtypB4CNJNyS9MwihxdAiWHUCt4PerSgikCXeaZyEwOwE3K3g5rObztNM0WfguOncsujZH77FDWlib0GdZ0IgD4Emil4GOe1zbaJoYexy1Q8CmaeiYikE1iJQWhRpYq9VzXgOBPIQcHZ4ZzhHe5wp+pTE1nTuNlM8FCYyyDwVGEshMDeBtsTP/YnjXYSaKFoQq+5a/j/WCOTcVY77QWDfBBDFQHwQyAAsikIgOYH3JgMtXuLnUefymSJN7OQ1G/MhMAMBz9/0/MVdrnuewb/Zb0EGOTtSbggBCPRC4L+78zXnVYdXrwAAAABJRU5ErkJggg==\">","headImg":"images/headImg/cus.png","name":"客服2"},"msgid":1,"msgtime":1510209464729}', '2017-11-09');
INSERT INTO t_chatRecord (recordId, sendId, receiveId, content, recordTime) VALUES (1807, 'littleQ', '15759312500', '{"sender":"littleQ","receiver":"15759312500","type":"Message","content":{"message":"你好呀，我是小Q，你可以问我比如\"我的订单\",\"我的收货地址\"之类的问题哦，也可以输入\"人工\"转到人工客服","headImg":"images/headImg/LQ.jpeg","name":"小Q"},"msgid":1,"msgtime":1510210278277}', '2017-11-09');
INSERT INTO t_chatRecord (recordId, sendId, receiveId, content, recordTime) VALUES (1808, '15759312500', 'littleQ', '{"sender":"15759312500","receiver":"littleQ","type":"userMessage","content":{"message":"已支付订单","headImg":"images\\headImg\\14.jpg","name":"开讲话稿"},"msgid":1,"msgtime":1510210283890}', '2017-11-09');
INSERT INTO t_chatRecord (recordId, sendId, receiveId, content, recordTime) VALUES (1809, 'littleQ', '15759312500', '{"sender":"littleQ","receiver":"15759312500","type":"Message","content":{"tips":["操作成功"]},"msgid":1,"msgtime":1510210283906}', '2017-11-09');
INSERT INTO t_chatRecord (recordId, sendId, receiveId, content, recordTime) VALUES (1810, 'littleQ', '15759312500', '{"sender":"littleQ","receiver":"15759312500","type":"control","content":"conpayed","msgid":1,"msgtime":1510210283906}', '2017-11-09');
INSERT INTO t_chatRecord (recordId, sendId, receiveId, content, recordTime) VALUES (1811, 'littleQ', '15759312500', '{"sender":"littleQ","receiver":"15759312500","type":"Message","content":{"message":"你好呀，我是小Q，你可以问我比如\"我的订单\",\"我的收货地址\"之类的问题哦，也可以输入\"人工\"转到人工客服","headImg":"images/headImg/LQ.jpeg","name":"小Q"},"msgid":1,"msgtime":1510210357979}', '2017-11-09');
INSERT INTO t_chatRecord (recordId, sendId, receiveId, content, recordTime) VALUES (1812, '15759312500', 'littleQ', '{"sender":"15759312500","receiver":"littleQ","type":"userMessage","content":{"message":"已支付订单","headImg":"images\\headImg\\14.jpg","name":"开讲话稿"},"msgid":1,"msgtime":1510210362798}', '2017-11-09');
INSERT INTO t_chatRecord (recordId, sendId, receiveId, content, recordTime) VALUES (1813, 'littleQ', '15759312500', '{"sender":"littleQ","receiver":"15759312500","type":"Message","content":{"tips":["操作成功"]},"msgid":1,"msgtime":1510210362819}', '2017-11-09');
INSERT INTO t_chatRecord (recordId, sendId, receiveId, content, recordTime) VALUES (1814, 'littleQ', '15759312500', '{"sender":"littleQ","receiver":"15759312500","type":"control","content":"conpayed","msgid":1,"msgtime":1510210362819}', '2017-11-09');
INSERT INTO t_chatRecord (recordId, sendId, receiveId, content, recordTime) VALUES (1815, 'littleQ', '15759312500', '{"sender":"littleQ","receiver":"15759312500","type":"Message","content":{"message":"你好呀，我是小Q，你可以问我比如\"我的订单\",\"我的收货地址\"之类的问题哦，也可以输入\"人工\"转到人工客服","headImg":"images/headImg/LQ.jpeg","name":"小Q"},"msgid":1,"msgtime":1510210365296}', '2017-11-09');
INSERT INTO t_chatRecord (recordId, sendId, receiveId, content, recordTime) VALUES (1816, '15759312500', 'littleQ', '{"sender":"15759312500","receiver":"littleQ","type":"userMessage","content":{"message":"已过期订单","headImg":"images\\headImg\\14.jpg","name":"开讲话稿"},"msgid":1,"msgtime":1510210371067}', '2017-11-09');
INSERT INTO t_chatRecord (recordId, sendId, receiveId, content, recordTime) VALUES (1817, 'littleQ', '15759312500', '{"sender":"littleQ","receiver":"15759312500","type":"Message","content":{"tips":["操作成功"]},"msgid":1,"msgtime":1510210371069}', '2017-11-09');
INSERT INTO t_chatRecord (recordId, sendId, receiveId, content, recordTime) VALUES (1818, 'littleQ', '15759312500', '{"sender":"littleQ","receiver":"15759312500","type":"control","content":"conclose","msgid":1,"msgtime":1510210371069}', '2017-11-09');
INSERT INTO t_chatRecord (recordId, sendId, receiveId, content, recordTime) VALUES (1819, 'littleQ', '15759312500', '{"sender":"littleQ","receiver":"15759312500","type":"Message","content":{"message":"你好呀，我是小Q，你可以问我比如\"我的订单\",\"我的收货地址\"之类的问题哦，也可以输入\"人工\"转到人工客服","headImg":"images/headImg/LQ.jpeg","name":"小Q"},"msgid":1,"msgtime":1510210373455}', '2017-11-09');
INSERT INTO t_chatRecord (recordId, sendId, receiveId, content, recordTime) VALUES (1820, '15759312500', 'littleQ', '{"sender":"15759312500","receiver":"littleQ","type":"userMessage","content":{"message":"全部订单","headImg":"images\\headImg\\14.jpg","name":"开讲话稿"},"msgid":1,"msgtime":1510210376220}', '2017-11-09');
INSERT INTO t_chatRecord (recordId, sendId, receiveId, content, recordTime) VALUES (1821, 'littleQ', '15759312500', '{"sender":"littleQ","receiver":"15759312500","type":"Message","content":{"tips":["操作成功"]},"msgid":1,"msgtime":1510210376220}', '2017-11-09');
INSERT INTO t_chatRecord (recordId, sendId, receiveId, content, recordTime) VALUES (1822, 'littleQ', '15759312500', '{"sender":"littleQ","receiver":"15759312500","type":"control","content":"conall","msgid":1,"msgtime":1510210376220}', '2017-11-09');
INSERT INTO t_chatRecord (recordId, sendId, receiveId, content, recordTime) VALUES (1823, 'littleQ', '15759312500', '{"sender":"littleQ","receiver":"15759312500","type":"Message","content":{"message":"你好呀，我是小Q，你可以问我比如\"我的订单\",\"我的收货地址\"之类的问题哦，也可以输入\"人工\"转到人工客服","headImg":"images/headImg/LQ.jpeg","name":"小Q"},"msgid":1,"msgtime":1510210878602}', '2017-11-09');
INSERT INTO t_chatRecord (recordId, sendId, receiveId, content, recordTime) VALUES (1824, 'littleQ', '15759312500', '{"sender":"littleQ","receiver":"15759312500","type":"Message","content":{"message":"你好呀，我是小Q，你可以问我比如\"我的订单\",\"我的收货地址\"之类的问题哦，也可以输入\"人工\"转到人工客服","headImg":"images/headImg/LQ.jpeg","name":"小Q"},"msgid":1,"msgtime":1510211812351}', '2017-11-09');
INSERT INTO t_chatRecord (recordId, sendId, receiveId, content, recordTime) VALUES (1825, '15759312500', 'littleQ', '{"sender":"15759312500","receiver":"littleQ","type":"userMessage","content":{"message":"大发发<img src=\"data:image/png;base64,iVBORw0KGgoAAAANSUhEUgAAAUgAAADICAYAAACK03hfAAALr0lEQVR4Xu3dvao0WRUG4DX+oYjoHahXMMaCqFegsYmamDqRgYmaDSYamRioibFegQrmo96AmhgrDIwioizogqI5x9Nrdled3Xs9DQe+0V0/61nFy95d1d1vhBcBAgQIPCnwBhcCBAgQeFpAQLoyCBAg8IyAgHRpECBAQEC6BggQIFATMIOseRlNgEAjAQHZqNlKJUCgJiAga15GEyDQSEBANmq2UgkQqAkIyJqX0QQINBIQkI2arVQCBGoCArLmZTQBAo0EBGSjZiuVAIGagICseRlNgEAjAQHZqNlKJUCgJiAga15GEyDQSEBANmq2UgkQqAkIyJqX0QQINBIQkI2arVQCBGoCArLmZTQBAo0EBGSjZiuVAIGagICseRlNgEAjAQHZqNlKJUCgJiAga15GEyDQSEBANmq2UgkQqAkIyJqX0QQINBIQkI2arVQCBGoCArLmZTQBAo0EBGSjZiuVAIGagICseRlNgEAjAQHZqNlKJUCgJiAga15GEyDQSEBANmq2UgkQqAkIyJqX0QQINBIQkI2arVQCBGoCArLmZTQBAo0EBGSjZiuVAIGagICseRlNgEAjAQHZqNlKJUCgJiAga15GEyDQSEBANmq2UgkQqAkIyJqX0QQINBIQkI2arVQCBGoCArLmZTQBAo0EBGSjZiuVAIGagICseRlNgEAjAQHZqNlKJUCgJiAga15GEyDQSEBANmq2UgkQqAkIyJqX0QQINBIQkI2arVQCBGoCArLmZTQBAo0EBGSjZiuVAIGagICseRlNgEAjAQHZqNlKJUCgJiAga15GEyDQSEBANmq2UgkQqAkIyJqX0QQINBIQkI2arVQCBGoCArLmZTQBAo0EBGSjZiuVAIGagICseRlNgEAjAQHZqNlKJUCgJiAga15GEyDQSEBANmq2UgkQqAkIyJqX0QQINBIQkI2arVQCBGoCArLmZTQBAo0EBGSjZiuVAIGagICseRlNgEAjAQHZqNlKJUCgJiAga15GEyDQSEBANmq2UgkQqAkIyJqX0QQINBIQkI2arVQCBGoCArLmZTQBAo0EBGSjZiuVAIGagICseRlNgEAjAQHZqNlKJUCgJiAga15GEyDQSEBANmq2UgkQqAkIyJqX0QQINBIQkI2arVQCBGoCArLmZTQBAo0EBGSjZiuVAIGagICseRlNgEAjAQHZqNlKJUCgJiAga15GEyDQSEBANmq2UgkQqAkIyJqX0QQINBIQkI2arVQCBGoCArLmZTQBAo0EBGSjZiuVAIGagICseRlNgEAjAQHZqNlKJUCgJiAga15GEyDQSEBANmq2UgkQqAkIyJqX0QQINBIQkMc1+7cR8cXjdj/Nnv8ZEW9HxC8i4i/TnJUTIXAHAQF5B8RndtElIPfl/yoifh4Rvz6O1Z4JnCcgIM+zXvVIX42Ib0TEV3YF5kwyg9KsctWuN6lLQDZp9AllfuYSlBmWn94dz6zyBHyHOEZAQB7j2n2vT80q34uIz0fEH7rjqP9xBATk4/TqEc90m1V+NyI+HBF/j4hvRkTOKr0ITC8gIKdv0RIn+KnLe5Lb+5Tfj4gfLFGZIpYWEJBLt3e64jIYv3c5q5xF5mwyZ5VeBKYUEJBTtmXpk8r3J/MO9ycj4t2I+MTS1SruoQUE5EO372FP/nMR8c7l7F2DD9vG9U/cxbl+j2et8L8CctbWOK9NQEC6Fu4pkDdj3oyIvHudfzlTzP/tS8WD5KeQvlzcxnACdxcQkHcnXX6H9wrB/wf1u/cRqsvDK/B8AQF5vvkjHjFvrOQjOl+LiI+8UECGW96ZzgfC8yOH+Zf/vr5bbYn9iFdCs3MWkM0afmO5OUvMQMxgzOVx/vf+dWsIPne43OdvIuJfEfHRG8/JMAKnCwjI08mnPWC+Z5ihmJ+lzvcO968/Xj79ks8u3uOjgvmYz9cvD4vns5FeBKYUEJBTtuW0k8qZ3DZTzIDcv/IryzIQ84bJPb/nMWejf77MSj97532fBudAPQQEZI8+b1VmOOWX+ObSOf/2S+d/7GaJGYpHfcIlZ6g/iwg3Ynpdew9ZrYB8yLaVTnpbOudsMUNx//rrJRRzyXuPpfMtJ7Z9kXB+zDCP60VgWgEBOW1rhk4s30Pcls7X7yfmzC2Xzvl3z6XzLSecYZ3L65yt5r+PmqXeci7GEHhRQEC+SPQwAzJw8sZHfrXY/lGcDKOctW2h+JqhtH1ZRX7TeC61vQhMLSAgp27PTSeXQZPBuP+0yr8j4ie7YLxpRwcPyvP8aUR86PIpmQxtLwJTCwjIqdvz7MnlsvnbT9xoyZlZvq83U/hkMOZXnG13yfNXED/2mOzOupuAgHycjucd55wpvrULmzz7fEbxx5cl9Gsun68lr4MxbwjlEtuNmce55tqfqYCc/xLIO88ZjPs70Pm+YgZNBuPZN1peEhOMLwn5/x9GQEDO2apcjuYSOsNm/6xiPrydwTjjb7oIxjmvJWc1ICAgB/DuvOn2+edcQu8fzcmlac4UMxhnWkJn+duy/4e7O+eW0ne+MOzu9QQE5OvZb0fOu8+5hN4/9rJ9qiWD8awHuCsSOcPNGy/7T+PknfNveY+xwmjs7AIC8vU6lLOvv13d0c2HuHOmOOuNjAzEXPrvHynKc95uEr2epiMTOEBAQB6AesMuMxzz675yKZ1f+fX2JRRnu+GyX0bv755vM9y8Kz3jOd/QAkMIvCwgIF82uveIfTjmIzo5G5vtvcWs+all9Mzvh967T/ZHIATkuRfBI4SjZfS514SjTSwgIM9rzqzhuN09z5ns/icVLKPPuzYcaVIBAXlOY2YLxwzD7Xshr7/tJ+9Gf2fSx4rO6ZajELgICMjjL4UZwjHfT9wC8anfmMkH0PPz2/k342NFx3fJEQg8ISAgj70sXjMc873ELRSvf04hbw5tgTjjp3KO7Yq9E7hRQEDeCPU+hp0djrlU3s8S96e8/07Ie//GzPugsQmBxxAQkMf16b3LT5oe8ShPzgjfvDxHmUvmL0TEB69KufcvER4nZc8EJhUQkMc15j8R8YFLkP1p4DDXYZgzxevfqc7d582VX+5+iXDGZysHGGxK4HwBAXmceb63l78LU/lxqlvDMJfMeTNlu6mS//aJluN6ac9NBQTkcY3Pj+b9KCKe+/0VYXicvT0TuIuAgLwL45M7yaXwO8XdmxkWwQwncKSAgDxSN+LdiPj4M4fI9yh/b5l8bAPsncCIgIAc0bMtAQJLCwjIpdurOAIERgQE5IiebQkQWFpAQC7dXsURIDAiICBH9GxLgMDSAgJy6fYqjgCBEQEBOaJnWwIElhYQkEu3V3EECIwICMgRPdsSILC0gIBcur2KI0BgREBAjujZlgCBpQUE5NLtVRwBAiMCAnJEz7YECCwtICCXbq/iCBAYERCQI3q2JUBgaQEBuXR7FUeAwIiAgBzRsy0BAksLCMil26s4AgRGBATkiJ5tCRBYWkBALt1exREgMCIgIEf0bEuAwNICAnLp9iqOAIERAQE5omdbAgSWFhCQS7dXcQQIjAgIyBE92xIgsLSAgFy6vYojQGBEQECO6NmWAIGlBQTk0u1VHAECIwICckTPtgQILC0gIJdur+IIEBgREJAjerYlQGBpAQG5dHsVR4DAiICAHNGzLQECSwsIyKXbqzgCBEYEBOSInm0JEFhaQEAu3V7FESAwIiAgR/RsS4DA0gICcun2Ko4AgREBATmiZ1sCBJYWEJBLt1dxBAiMCAjIET3bEiCwtICAXLq9iiNAYERAQI7o2ZYAgaUFBOTS7VUcAQIjAgJyRM+2BAgsLSAgl26v4ggQGBEQkCN6tiVAYGkBAbl0exVHgMCIgIAc0bMtAQJLCwjIpdurOAIERgQE5IiebQkQWFpAQC7dXsURIDAiICBH9GxLgMDSAgJy6fYqjgCBEQEBOaJnWwIElhYQkEu3V3EECIwICMgRPdsSILC0gIBcur2KI0BgREBAjujZlgCBpQX+B5hS78kiwc/tAAAAAElFTkSuQmCC\">","headImg":"images\\headImg\\14.jpg","name":"开讲话稿"},"msgid":1,"msgtime":1510211818940}', '2017-11-09');
INSERT INTO t_chatRecord (recordId, sendId, receiveId, content, recordTime) VALUES (1826, 'littleQ', '15759312500', '{"sender":"littleQ","receiver":"15759312500","type":"Message","content":{"message":"小Q很抱歉哦，无法理解你所说的内容","headImg":"images/headImg/LQ.jpeg","name":"小Q"},"msgid":1,"msgtime":1510211818942}', '2017-11-09');
INSERT INTO t_chatRecord (recordId, sendId, receiveId, content, recordTime) VALUES (1827, 'littleQ', '15759312500', '{"sender":"littleQ","receiver":"15759312500","type":"Message","content":{"message":"你好呀，我是小Q，你可以问我比如\"我的订单\",\"我的收货地址\"之类的问题哦，也可以输入\"人工\"转到人工客服","headImg":"images/headImg/LQ.jpeg","name":"小Q"},"msgid":1,"msgtime":1510212589732}', '2017-11-09');
INSERT INTO t_chatRecord (recordId, sendId, receiveId, content, recordTime) VALUES (1828, 'littleQ', '15759312500', '{"sender":"littleQ","receiver":"15759312500","type":"Message","content":{"message":"你好呀，我是小Q，你可以问我比如\"我的订单\",\"我的收货地址\"之类的问题哦，也可以输入\"人工\"转到人工客服","headImg":"images/headImg/LQ.jpeg","name":"小Q"},"msgid":1,"msgtime":1510212614583}', '2017-11-09');
INSERT INTO t_chatRecord (recordId, sendId, receiveId, content, recordTime) VALUES (1829, '15759312500', 'littleQ', '{"sender":"15759312500","receiver":"littleQ","type":"userMessage","content":{"message":"人工","headImg":"images\\headImg\\14.jpg","name":"开讲话稿"},"msgid":1,"msgtime":1510212632660}', '2017-11-09');
INSERT INTO t_chatRecord (recordId, sendId, receiveId, content, recordTime) VALUES (1830, 'littleQ', '15759312500', '{"sender":"littleQ","receiver":"15759312500","type":"Message","content":{"tips":["正在转接人工客服，请稍等"]},"msgid":1,"msgtime":1510212632671}', '2017-11-09');
INSERT INTO t_chatRecord (recordId, sendId, receiveId, content, recordTime) VALUES (1831, '10001', '15759312500', '{"sender":"10001","receiver":"15759312500","type":"touMessge","content":{"message":"发的撒发生大发圣诞快乐就","headImg":"images/headImg/cus.png","name":"客服2"},"msgid":1,"msgtime":1510212639131}', '2017-11-09');
INSERT INTO t_chatRecord (recordId, sendId, receiveId, content, recordTime) VALUES (1832, '10001', '15759312500', '{"sender":"10001","receiver":"15759312500","type":"touMessge","content":{"message":"撒打发斯蒂芬康拉砂轮机发神经","headImg":"images/headImg/cus.png","name":"客服2"},"msgid":1,"msgtime":1510212651395}', '2017-11-09');
INSERT INTO t_chatRecord (recordId, sendId, receiveId, content, recordTime) VALUES (1833, 'littleQ', '15759312500', '{"sender":"littleQ","receiver":"15759312500","type":"Message","content":{"message":"你好呀，我是小Q，你可以问我比如\"我的订单\",\"我的收货地址\"之类的问题哦，也可以输入\"人工\"转到人工客服","headImg":"images/headImg/LQ.jpeg","name":"小Q"},"msgid":1,"msgtime":1510212671075}', '2017-11-09');
INSERT INTO t_chatRecord (recordId, sendId, receiveId, content, recordTime) VALUES (1834, '15759312500', 'littleQ', '{"sender":"15759312500","receiver":"littleQ","type":"userMessage","content":{"message":"人工","headImg":"images\\headImg\\14.jpg","name":"开讲话稿"},"msgid":1,"msgtime":1510212672821}', '2017-11-09');
INSERT INTO t_chatRecord (recordId, sendId, receiveId, content, recordTime) VALUES (1835, 'littleQ', '15759312500', '{"sender":"littleQ","receiver":"15759312500","type":"Message","content":{"tips":["正在转接人工客服，请稍等"]},"msgid":1,"msgtime":1510212672830}', '2017-11-09');
INSERT INTO t_chatRecord (recordId, sendId, receiveId, content, recordTime) VALUES (1836, '10001', '15759312500', '{"sender":"10001","receiver":"15759312500","type":"touMessge","content":{"message":"阿斯顿发生","headImg":"images/headImg/cus.png","name":"客服2"},"msgid":1,"msgtime":1510212676145}', '2017-11-09');
INSERT INTO t_chatRecord (recordId, sendId, receiveId, content, recordTime) VALUES (1837, '10001', '15759312500', '{"sender":"10001","receiver":"15759312500","type":"touMessge","content":{"message":"sad发生大法师发","headImg":"images/headImg/cus.png","name":"客服2"},"msgid":1,"msgtime":1510212679676}', '2017-11-09');
INSERT INTO t_chatRecord (recordId, sendId, receiveId, content, recordTime) VALUES (1838, '10001', '15759312500', '{"sender":"10001","receiver":"15759312500","type":"touMessge","content":{"message":"链接链接鹿鼎记说了缴费拉收到了福建爱神的箭了","headImg":"images/headImg/cus.png","name":"客服2"},"msgid":1,"msgtime":1510212687266}', '2017-11-09');
INSERT INTO t_chatRecord (recordId, sendId, receiveId, content, recordTime) VALUES (1839, '10001', '15759312500', '{"sender":"10001","receiver":"15759312500","type":"touMessge","content":{"message":"的法师法师法师六块腹肌暗精灵房间爱思法拉利就卡了大姐夫卡刷卡飞啦拉卡拉卡夫卡大健康加福利啦","headImg":"images/headImg/cus.png","name":"客服2"},"msgid":1,"msgtime":1510212697311}', '2017-11-09');
INSERT INTO t_chatRecord (recordId, sendId, receiveId, content, recordTime) VALUES (1840, '10001', '15759312500', '{"sender":"10001","receiver":"15759312500","type":"touMessge","content":{"message":"大幅拉升代理费4","headImg":"images/headImg/cus.png","name":"客服2"},"msgid":1,"msgtime":1510212698271}', '2017-11-09');
INSERT INTO t_chatRecord (recordId, sendId, receiveId, content, recordTime) VALUES (1841, '10001', '15759312500', '{"sender":"10001","receiver":"15759312500","type":"touMessge","content":{"message":"<img src=\"data:image/png;base64,iVBORw0KGgoAAAANSUhEUgAAAUgAAADICAYAAACK03hfAAAQG0lEQVR4Xu2du64tRxGGy+ZmIAAkRIr9BIYUYQEREAEpCZA4IAGewPAEhoSAxPgJuEgkEGCEREACfgJwAiFYwtjYWEY/TKE+s9et1vRMX+obaWuvc3ZPd9dXPf+qvs5jxgUBCEAAAicJPAYXCEAAAhA4TQCBpGVAAAIQOEMAgaRpQAACEEAgaQMQgAAEYgSIIGO8SA0BCCQigEAmcjamQgACMQIIZIwXqSEAgUQEEMhEzsZUCEAgRgCBjPEiNQQgkIgAApnI2ZgKAQjECCCQMV6khgAEEhFAIBM5G1MhAIEYAQQyxovUEIBAIgIIZCJnYyoEIBAjgEDGeJEaAhBIRACBTORsTIUABGIEEMgYL1JDAAKJCCCQiZyNqRCAQIwAAhnjRWoIQCARAQQykbMxFQIQiBFAIGO8SA0BCCQigEAmcjamQgACMQIIZIwXqSEAgUQEEMhEzsZUCEAgRgCBjPEiNQQgkIgAApnI2ZgKAQjECCCQMV6khgAEEhFAIBM5G1MhAIEYAQQyxovUEIBAIgIIZCJnYyoEIBAjgEDGeJEaAhBIRACBTORsTIUABGIEEMgYL1JDAAKJCCCQiZyNqRCAQIwAAhnjRWoIQCARAQQykbMxFQIQiBFAIGO8SA0BCCQigEAmcjamQgACMQIIZIwXqSEAgUQEEMhEzsZUCEAgRgCBjPEiNQQgkIgAApnI2ZgKAQjECCCQMV6khgAEEhFAIBM5G1MhAIEYAQQyxovUEIBAIgIIZCJnYyoEIBAjgEDGeJEaAhBIRACBTORsTIUABGIEEMgYL1JDAAKJCCCQiZyNqRCAQIwAAhnjRWoIQCARAQQykbMxFQIQiBFAIGO8SA0BCCQigEAmcjamQgACMQIIZIwXqSEAgUQEEMhEzsZUCEAgRgCBjPEiNQQgkIgAApnI2ZgKAQjECCCQMV6khgAEEhFAIBM5G1MhAIEYAQQyxovUEIBAIgIIZCJnYyoEIBAjgEDGeJEaAhBIRACBTORsTIUABGIEEMgYL1JDAAKJCCCQiZyNqRCAQIwAAhnjRWoIQCARAQQykbMxFQIQiBFAIGO8SA0BCCQigEAmcjamQgACMQIIZIwXqSEAgUQEEMhEzsZUCEAgRgCBjPEiNQQgkIgAApnI2ZgKAQjECCCQMV6khgAEEhFAIBM5G1MhAIEYAQQyxovUEIBAIgIIZCJnYyoEIBAjgEDGeJEaAhBIRACBTORsTIUABGIEEMgYL1JDAAKJCCCQiZyNqRCAQIwAAhnjRWoIQCARAQQykbMxFQIQiBFAIGO8SA0BCCQigEAmcjamQgACMQIIZIwXqSEAgUQEEMhEzsZUCEAgRgCBjPEiNQQgkIgAApnI2ZgKAQjECCCQMV6khgAEEhFAIBM5G1MhAIEYAQQyxovUEIBAIgIIZCJnYyoEIBAjgEDGeJEaAhBIRACBTORsTIUABGIEEMgYL1JDAAKJCCCQiZyNqRCAQIwAAhnjRWoIQCARAQQykbMxFQIQiBFAIGO8SA0BCCQigEAmcjamQgACMQIIZIwXqSEAgUQEEMhEzsZUCEAgRgCBjPEiNQQgkIgAApnI2ZgKAQjECCCQMV6khgAEEhFAIBM5G1MhAIEYAQQyxovUcQKfNbN3ltv02a9PmNmHl3+Un/Vff15+ytL+aGZ/XxX/0urfr5qZ0nFBoAoBBLIKxjSZPGlmH1+s1Wf96JLQSeTWn1uC+YeZPYNgtnTB+GUjkOP7cE8LvmxmXzKzr5rZe+8s6DfFfWUUWH5eR4yl+J6KOP3/yojUxfnpVT2/bWY/uLPu3JacAAKZvAGszFckKEGUMEp8vAvsyV4pur7q7np3tvystOuu79GUVe/vmtm3loJ/ambfONFFP7pelDcYAQRyMIftUF1Fa6UolkW8bGYSF/2MOLYnof+xmX1oEcevdCDeO7iQLPcigEDuRbbvfDVe+LUlSvSxQ6/xzxYRkSiq6zv6pS8AieRnFkMUWX5vdKOo/zEEEMhjOPdQio8nquvskyuql2Z+JYbqFuv3eqa4h7rXqIOE8bklI0XDiiZn+AKowYY8zhBAIOdtGpfGEzWWWIrivBQetUxfDoomNROvLwKNS4oDFwROEkAg52oYM48n1vKUvjgkkhp31aXP35k4cq7FLWU+COT4bs80nljTW1r+o263JnBeN7MP1MycvOYggECO60cJ4+/M7P2FCVnGE2t5TQx/b2bvWaLI79fKmHzmIIBAjunHcsLhLTP7YTHJMqZF7WqtcclfL13sp+hqt3NEjyUjkD165XydFPG8UGzr0w4RdRW5thHQDL6WAb1oZl/flhV3z0QAgRzHmxJCLVPRJINmofUgt96xUpueH2zhh1f4lsNyr7eXeerwCv1tvaunrOO5ez5oZr9YEn5y0EXxtX1BfmaGQPbfDCQSihp937GiRnWxR1uvGBG/1l75p5n9aIkoR9xB1JrfNOUjkH27UlHi80vUqAkY/bvHdXu1xE9bGyX8fnhFGQ2uo+X1EWnuyVPRpv/t0j3rQy78HtVFzNX9Riz7fl6q1w6BrI60SoZ6yBU1aveLLm3/kzj2FDWemkW/ZHxE/KpAvCMTMRb3v5jZz83si8XxbsoOsbwD6si3IJD9eU+iqIdUItlr1FjWUQRHEL9bPe0TNtqvraEMfRFIOGWzn4WJWN5Kc/B0CGQ/DpQgqjvts6g6R1Gfe9svrLWCfoyYup2aPOopst3qUV/2o3y07Kfkj1hupTvY/QhkHw7TQ6moURMyihoVufS2aFkC/pNiskjb83qrYy1vavuhTjvS2KMOtTh1IZa1aHecDwLZ1jkSHS3d8bWM6qqqK9db1CgxkDi6gKuOsy0xKluC/CIfaBvi526wFbFs+xztVjoCuRvaqxnrIdRkgG8V9DGvqzcenMAnLnysUdHuTF3qczh9t9KbZva+APNzYql8nl1mwwPZkbQlAQSyHX1133SizGtm9ulOl5B4V1OUMu4yedvMHj8xFnlrq3Gx/Oay31v3KTIVV61nzfBFcyurLtMhkG3c4tGJxhv1EPXWpVZXWl1q1U111BCAHupsl3+J6dzIrfYrEhdHX28pcdQYLkLZcatCII93jsbvJD66bhnfOrqG6kKrfr6lUfXNukBagqaVBTWjZ/HVF6S/AkJCKSHWEEtvX5RHt73uykMgj3WJIjKdHCPx6XEW2AVBVLTMSOKYuRsof/1hES4t+al5SSjF2w/uVd6KUhHKmpQ35oVAbgQYvF0vs9fBCDUjkmAVTiZf79zpdcKohq3RPPQFodns9ZrIaD7n0ms4QxGllhX5pYhSXe+ZVwrU4rdrPgjkrngfydxng3V+48c6i8xcuHvduXOclx6WVHMc8pIdLpSK2iXIuiSQ+rJCKBu1AATyOPC+ha3GgH/tWr+zZMhRXw/J7jEOecl/iuZVpn5cKDUGrAkd9Ty4DiSAQB4D27evKUJTpNDbuJ4LJO3hYXvYcxzyFqFUz8P3gGst5eeJKI95aFUKD8QxrL2b1uvYHgJ5uR3sPQ55rRVKJHU+pd6d411v9USY9b5GbuPfEciNAG+4XRHjn5Z0H+kwelTVEMjLjjxqHPJac9JkTtn11r9ZR3mN2oa/I5Ab4N14q+9G6W3muqw+AnnZmUePQ17rems80me9Fd2qfoxP3vhARpIhkBFa8bQacP/bcttey0TitXp4BwJ5maKPQ76xes1uDfb35rFecM6M970kL9yHQO4AtcjStxTqRHA/HXzfEu/LHYG8zq1XRhqfVETpM97qsWgTQm8TgdcJd5gCgdzPKYoeNfao3z1uKaSLHfN9rwIpK3xpkI7O0+X7vDUpyLWBAAK5Ad6VW31huLbs+RsJ9yttW849P/zbLKt39wiMNCGoCNL3eb9uZp9KvJd+s/cRyM0Iz2ag8SqdI9jjwvB1pUd4+Pfz1G05j8RIX8i/LJYFaRJHs91cQQIIZBBYIPlID9RIdQ24oGrS0Rip260xcH9/kCZx9PoIxiYDzQKBDMAKJh3pgRqprkE3VEs+KiNNDqrbrUkciaN6ND2+W72ao2pmhEDWpPloXn7AQO/jj6r1v83sXTueWLMf5eNyHlUgRUjRpETRxyY1660JHKLJK+0HgTzuAeu5pF52ivTMaGSBdK7leZ86AEOHk3BdIIBA0jxEoKedIr16ZAaBFFsteleXW9HjCL2bpu0BgWyKv5vC/bQhoorzLplFILtpdCNUBIEcwUvH1NEFoNcDNY6hgEC25txV+QhkV+5oWhk/0FdLQZjlfOgKIsimzbNN4QhkG+49lur7xns9s7I1MwSytQcalI9ANoDeaZH+OtoRtkYejdC3jf7LzJ44unDKa0cAgWzHvreSy6PZaBePekcnd+u1ByNsG+2tXQ1dHx6Eod1XvfKaxX56gNOHqht+IUOPHl9Z3id0ZNmU1ZgAAtnYAZ0V76ef6zxB7bbg+t97X4gek7YEBDKp48+Y7dFS7wf8HuU1osejSHdaDgLZqWMaVctfMPa2mX2UvbpEj43aYTfFIpDduKKbiuiQVc3UaiuaTkLXuGTGi+gxo9dXNiOQNII1Ac1ma9G4JmsyiyRjjzwbhkDSCM4R8Akb/T3b8haiR56L/xJAIGkIlwhkFEkd3PErM3t3wi8Gnga62LSBIAGPpnSbBFPR5IyXJqheKI4A6+kd2DPyHsImIsgh3NS8kjOLpMZc9d4W7UXX9erymXWgzZtd+wogkO19MEoNdNCqJm/0bhPNbGuGe/Qj+yX8zy+vJJAfXlwODx7drlHaVPf1RCC7d1FXFSxFUmslf7uIpQRTs7466GKES+OMzxXdadVbp6pnXdI0gs+a1BGBbIJ96ELVJf3rhVNtJJQSGv95eRHPHoxW3RUxKnLUpf3V6lprbJULAg8IIJA0insJaFJDP4rG9FvRpdZOnrvUPS/FU8J5ZFfW3xEtkdSlcy81znhkHe5lzX2NCCCQjcBPXKyEUj+leOqwh1OXBFM/Lp4SzS3dXIm1Drb1l1Gtf6sO2meu7rTK5YLARQIIJA3kCAKK2lw4XTz9Hc2nyvfuuYunusL6fIsAnrNHh91+YRHjI2ymjAkIIJATOHFgE7xrXornuWjzFjN9kkgRqa7171vyIA0E/k8AgaQx9EigHNeUeD5jZo8Xs+QIYI9em7BOCOSETsUkCECgDgEEsg5HcoEABCYkgEBO6FRMggAE6hBAIOtwJBcIQGBCAgjkhE7FJAhAoA4BBLIOR3KBAAQmJIBATuhUTIIABOoQQCDrcCQXCEBgQgII5IROxSQIQKAOAQSyDkdygQAEJiSAQE7oVEyCAATqEEAg63AkFwhAYEICCOSETsUkCECgDgEEsg5HcoEABCYkgEBO6FRMggAE6hBAIOtwJBcIQGBCAgjkhE7FJAhAoA4BBLIOR3KBAAQmJIBATuhUTIIABOoQQCDrcCQXCEBgQgII5IROxSQIQKAOAQSyDkdygQAEJiSAQE7oVEyCAATqEEAg63AkFwhAYEIC/wGZKu/YaCQeiAAAAABJRU5ErkJggg==\">","headImg":"images/headImg/cus.png","name":"客服2"},"msgid":1,"msgtime":1510212701672}', '2017-11-09');
INSERT INTO t_chatRecord (recordId, sendId, receiveId, content, recordTime) VALUES (1842, 'littleQ', '15759312500', '{"sender":"littleQ","receiver":"15759312500","type":"Message","content":{"message":"你好呀，我是小Q，你可以问我比如\"我的订单\",\"我的收货地址\"之类的问题哦，也可以输入\"人工\"转到人工客服","headImg":"images/headImg/LQ.jpeg","name":"小Q"},"msgid":1,"msgtime":1510212730558}', '2017-11-09');
INSERT INTO t_chatRecord (recordId, sendId, receiveId, content, recordTime) VALUES (1843, 'littleQ', '15759312500', '{"sender":"littleQ","receiver":"15759312500","type":"Message","content":{"message":"你好呀，我是小Q，你可以问我比如\"我的订单\",\"我的收货地址\"之类的问题哦，也可以输入\"人工\"转到人工客服","headImg":"images/headImg/LQ.jpeg","name":"小Q"},"msgid":1,"msgtime":1510212734827}', '2017-11-09');
INSERT INTO t_chatRecord (recordId, sendId, receiveId, content, recordTime) VALUES (1844, 'littleQ', '15759312500', '{"sender":"littleQ","receiver":"15759312500","type":"Message","content":{"message":"你好呀，我是小Q，你可以问我比如\"我的订单\",\"我的收货地址\"之类的问题哦，也可以输入\"人工\"转到人工客服","headImg":"images/headImg/LQ.jpeg","name":"小Q"},"msgid":1,"msgtime":1510212824294}', '2017-11-09');
INSERT INTO t_chatRecord (recordId, sendId, receiveId, content, recordTime) VALUES (1845, 'littleQ', '15759312500', '{"sender":"littleQ","receiver":"15759312500","type":"Message","content":{"message":"你好呀，我是小Q，你可以问我比如\"我的订单\",\"我的收货地址\"之类的问题哦，也可以输入\"人工\"转到人工客服","headImg":"images/headImg/LQ.jpeg","name":"小Q"},"msgid":1,"msgtime":1510212829769}', '2017-11-09');
INSERT INTO t_chatRecord (recordId, sendId, receiveId, content, recordTime) VALUES (1846, '15759312500', 'littleQ', '{"sender":"15759312500","receiver":"littleQ","type":"userMessage","content":{"message":"范德萨发","headImg":"images\\headImg\\14.jpg","name":"开讲话稿"},"msgid":1,"msgtime":1510212838956}', '2017-11-09');
INSERT INTO t_chatRecord (recordId, sendId, receiveId, content, recordTime) VALUES (1847, 'littleQ', '15759312500', '{"sender":"littleQ","receiver":"15759312500","type":"Message","content":{"message":"小Q很抱歉哦，无法理解你所说的内容","headImg":"images/headImg/LQ.jpeg","name":"小Q"},"msgid":1,"msgtime":1510212838957}', '2017-11-09');
INSERT INTO t_chatRecord (recordId, sendId, receiveId, content, recordTime) VALUES (1848, 'littleQ', '15759312500', '{"sender":"littleQ","receiver":"15759312500","type":"Message","content":{"message":"你好呀，我是小Q，你可以问我比如\"我的订单\",\"我的收货地址\"之类的问题哦，也可以输入\"人工\"转到人工客服","headImg":"images/headImg/LQ.jpeg","name":"小Q"},"msgid":1,"msgtime":1510212873267}', '2017-11-09');
INSERT INTO t_chatRecord (recordId, sendId, receiveId, content, recordTime) VALUES (1849, 'littleQ', '15759312500', '{"sender":"littleQ","receiver":"15759312500","type":"Message","content":{"message":"你好呀，我是小Q，你可以问我比如\"我的订单\",\"我的收货地址\"之类的问题哦，也可以输入\"人工\"转到人工客服","headImg":"images/headImg/LQ.jpeg","name":"小Q"},"msgid":1,"msgtime":1510212878382}', '2017-11-09');
INSERT INTO t_chatRecord (recordId, sendId, receiveId, content, recordTime) VALUES (1850, '15759312500', 'littleQ', '{"sender":"15759312500","receiver":"littleQ","type":"userMessage","content":{"message":"地方撒旦","headImg":"images\\headImg\\14.jpg","name":"开讲话稿"},"msgid":1,"msgtime":1510212883034}', '2017-11-09');
INSERT INTO t_chatRecord (recordId, sendId, receiveId, content, recordTime) VALUES (1851, 'littleQ', '15759312500', '{"sender":"littleQ","receiver":"15759312500","type":"Message","content":{"message":"小Q很抱歉哦，无法理解你所说的内容","headImg":"images/headImg/LQ.jpeg","name":"小Q"},"msgid":1,"msgtime":1510212883041}', '2017-11-09');
INSERT INTO t_chatRecord (recordId, sendId, receiveId, content, recordTime) VALUES (1852, 'littleQ', '15759312500', '{"sender":"littleQ","receiver":"15759312500","type":"Message","content":{"message":"你好呀，我是小Q，你可以问我比如\"我的订单\",\"我的收货地址\"之类的问题哦，也可以输入\"人工\"转到人工客服","headImg":"images/headImg/LQ.jpeg","name":"小Q"},"msgid":1,"msgtime":1510212885596}', '2017-11-09');
INSERT INTO t_chatRecord (recordId, sendId, receiveId, content, recordTime) VALUES (1853, 'littleQ', '15759312500', '{"sender":"littleQ","receiver":"15759312500","type":"Message","content":{"message":"你好呀，我是小Q，你可以问我比如\"我的订单\",\"我的收货地址\"之类的问题哦，也可以输入\"人工\"转到人工客服","headImg":"images/headImg/LQ.jpeg","name":"小Q"},"msgid":1,"msgtime":1510212889191}', '2017-11-09');
INSERT INTO t_chatRecord (recordId, sendId, receiveId, content, recordTime) VALUES (1854, 'littleQ', '15759312500', '{"sender":"littleQ","receiver":"15759312500","type":"Message","content":{"message":"你好呀，我是小Q，你可以问我比如\"我的订单\",\"我的收货地址\"之类的问题哦，也可以输入\"人工\"转到人工客服","headImg":"images/headImg/LQ.jpeg","name":"小Q"},"msgid":1,"msgtime":1510212943922}', '2017-11-09');
INSERT INTO t_chatRecord (recordId, sendId, receiveId, content, recordTime) VALUES (1855, '15759312500', 'littleQ', '{"sender":"15759312500","receiver":"littleQ","type":"userMessage","content":{"message":"的撒发生大发是","headImg":"images\\headImg\\14.jpg","name":"开讲话稿"},"msgid":1,"msgtime":1510212947159}', '2017-11-09');
INSERT INTO t_chatRecord (recordId, sendId, receiveId, content, recordTime) VALUES (1856, 'littleQ', '15759312500', '{"sender":"littleQ","receiver":"15759312500","type":"Message","content":{"message":"小Q很抱歉哦，无法理解你所说的内容","headImg":"images/headImg/LQ.jpeg","name":"小Q"},"msgid":1,"msgtime":1510212947169}', '2017-11-09');
INSERT INTO t_chatRecord (recordId, sendId, receiveId, content, recordTime) VALUES (1857, '15759312500', 'littleQ', '{"sender":"15759312500","receiver":"littleQ","type":"userMessage","content":{"message":"人工","headImg":"images\\headImg\\14.jpg","name":"开讲话稿"},"msgid":1,"msgtime":1510212949435}', '2017-11-09');
INSERT INTO t_chatRecord (recordId, sendId, receiveId, content, recordTime) VALUES (1858, 'littleQ', '15759312500', '{"sender":"littleQ","receiver":"15759312500","type":"Message","content":{"tips":["正在转接人工客服，请稍等"]},"msgid":1,"msgtime":1510212949440}', '2017-11-09');
INSERT INTO t_chatRecord (recordId, sendId, receiveId, content, recordTime) VALUES (1859, '10001', '15759312500', '{"sender":"10001","receiver":"15759312500","type":"touMessge","content":{"message":"发沙发上方看了","headImg":"images/headImg/cus.png","name":"客服2"},"msgid":1,"msgtime":1510212952886}', '2017-11-09');
INSERT INTO t_chatRecord (recordId, sendId, receiveId, content, recordTime) VALUES (1860, '15759312500', '10001', '{"sender":"15759312500","receiver":"10001","type":"userMessage","content":{"message":"盛大发售大法师戴假发数据库里就l&nbsp;","headImg":"images\\headImg\\14.jpg","name":"开讲话稿"},"msgid":1,"msgtime":1510212956990}', '2017-11-09');
INSERT INTO t_chatRecord (recordId, sendId, receiveId, content, recordTime) VALUES (1861, 'littleQ', '15759312500', '{"sender":"littleQ","receiver":"15759312500","type":"Message","content":{"message":"你好呀，我是小Q，你可以问我比如\"我的订单\",\"我的收货地址\"之类的问题哦，也可以输入\"人工\"转到人工客服","headImg":"images/headImg/LQ.jpeg","name":"小Q"},"msgid":1,"msgtime":1510212959598}', '2017-11-09');
INSERT INTO t_chatRecord (recordId, sendId, receiveId, content, recordTime) VALUES (1862, 'littleQ', '15759312500', '{"sender":"littleQ","receiver":"15759312500","type":"Message","content":{"message":"你好呀，我是小Q，你可以问我比如\"我的订单\",\"我的收货地址\"之类的问题哦，也可以输入\"人工\"转到人工客服","headImg":"images/headImg/LQ.jpeg","name":"小Q"},"msgid":1,"msgtime":1510212963924}', '2017-11-09');
INSERT INTO t_chatRecord (recordId, sendId, receiveId, content, recordTime) VALUES (1863, 'littleQ', '15759312500', '{"sender":"littleQ","receiver":"15759312500","type":"Message","content":{"message":"你好呀，我是小Q，你可以问我比如\"我的订单\",\"我的收货地址\"之类的问题哦，也可以输入\"人工\"转到人工客服","headImg":"images/headImg/LQ.jpeg","name":"小Q"},"msgid":1,"msgtime":1510212967307}', '2017-11-09');
INSERT INTO t_chatRecord (recordId, sendId, receiveId, content, recordTime) VALUES (1864, '15759312500', 'littleQ', '{"sender":"15759312500","receiver":"littleQ","type":"userMessage","content":{"message":"人工","headImg":"images\\headImg\\14.jpg","name":"开讲话稿"},"msgid":1,"msgtime":1510212969443}', '2017-11-09');
INSERT INTO t_chatRecord (recordId, sendId, receiveId, content, recordTime) VALUES (1865, 'littleQ', '15759312500', '{"sender":"littleQ","receiver":"15759312500","type":"Message","content":{"tips":["正在转接人工客服，请稍等"]},"msgid":1,"msgtime":1510212969444}', '2017-11-09');
INSERT INTO t_chatRecord (recordId, sendId, receiveId, content, recordTime) VALUES (1866, 'littleQ', '15759312500', '{"sender":"littleQ","receiver":"15759312500","type":"Message","content":{"message":"你好呀，我是小Q，你可以问我比如\"我的订单\",\"我的收货地址\"之类的问题哦，也可以输入\"人工\"转到人工客服","headImg":"images/headImg/LQ.jpeg","name":"小Q"},"msgid":1,"msgtime":1510212971803}', '2017-11-09');
INSERT INTO t_chatRecord (recordId, sendId, receiveId, content, recordTime) VALUES (1867, '15759312500', 'littleQ', '{"sender":"15759312500","receiver":"littleQ","type":"userMessage","content":{"message":"人工","headImg":"images\\headImg\\14.jpg","name":"开讲话稿"},"msgid":1,"msgtime":1510213010630}', '2017-11-09');
INSERT INTO t_chatRecord (recordId, sendId, receiveId, content, recordTime) VALUES (1868, 'littleQ', '15759312500', '{"sender":"littleQ","receiver":"15759312500","type":"Message","content":{"tips":["正在转接人工客服，请稍等"]},"msgid":1,"msgtime":1510213010647}', '2017-11-09');
INSERT INTO t_chatRecord (recordId, sendId, receiveId, content, recordTime) VALUES (1869, 'littleQ', '15759312500', '{"sender":"littleQ","receiver":"15759312500","type":"Message","content":{"message":"你好呀，我是小Q，你可以问我比如\"我的订单\",\"我的收货地址\"之类的问题哦，也可以输入\"人工\"转到人工客服","headImg":"images/headImg/LQ.jpeg","name":"小Q"},"msgid":1,"msgtime":1510213015101}', '2017-11-09');
INSERT INTO t_chatRecord (recordId, sendId, receiveId, content, recordTime) VALUES (1870, 'littleQ', '15759312500', '{"sender":"littleQ","receiver":"15759312500","type":"Message","content":{"message":"你好呀，我是小Q，你可以问我比如\"我的订单\",\"我的收货地址\"之类的问题哦，也可以输入\"人工\"转到人工客服","headImg":"images/headImg/LQ.jpeg","name":"小Q"},"msgid":1,"msgtime":1510213040579}', '2017-11-09');
INSERT INTO t_chatRecord (recordId, sendId, receiveId, content, recordTime) VALUES (1871, '15759312500', 'littleQ', '{"sender":"15759312500","receiver":"littleQ","type":"userMessage","content":{"message":"的撒发生大发","headImg":"images\\headImg\\14.jpg","name":"开讲话稿"},"msgid":1,"msgtime":1510213042680}', '2017-11-09');
INSERT INTO t_chatRecord (recordId, sendId, receiveId, content, recordTime) VALUES (1872, 'littleQ', '15759312500', '{"sender":"littleQ","receiver":"15759312500","type":"Message","content":{"message":"小Q很抱歉哦，无法理解你所说的内容","headImg":"images/headImg/LQ.jpeg","name":"小Q"},"msgid":1,"msgtime":1510213042697}', '2017-11-09');
INSERT INTO t_chatRecord (recordId, sendId, receiveId, content, recordTime) VALUES (1873, 'littleQ', '15759312500', '{"sender":"littleQ","receiver":"15759312500","type":"Message","content":{"message":"你好呀，我是小Q，你可以问我比如\"我的订单\",\"我的收货地址\"之类的问题哦，也可以输入\"人工\"转到人工客服","headImg":"images/headImg/LQ.jpeg","name":"小Q"},"msgid":1,"msgtime":1510213045426}', '2017-11-09');
INSERT INTO t_chatRecord (recordId, sendId, receiveId, content, recordTime) VALUES (1874, '15759312500', 'littleQ', '{"sender":"15759312500","receiver":"littleQ","type":"userMessage","content":{"message":"发啊啊","headImg":"images\\headImg\\14.jpg","name":"开讲话稿"},"msgid":1,"msgtime":1510213050151}', '2017-11-09');
INSERT INTO t_chatRecord (recordId, sendId, receiveId, content, recordTime) VALUES (1875, 'littleQ', '15759312500', '{"sender":"littleQ","receiver":"15759312500","type":"Message","content":{"message":"小Q很抱歉哦，无法理解你所说的内容","headImg":"images/headImg/LQ.jpeg","name":"小Q"},"msgid":1,"msgtime":1510213050153}', '2017-11-09');
INSERT INTO t_chatRecord (recordId, sendId, receiveId, content, recordTime) VALUES (1876, 'littleQ', '15759312500', '{"sender":"littleQ","receiver":"15759312500","type":"Message","content":{"message":"你好呀，我是小Q，你可以问我比如\"我的订单\",\"我的收货地址\"之类的问题哦，也可以输入\"人工\"转到人工客服","headImg":"images/headImg/LQ.jpeg","name":"小Q"},"msgid":1,"msgtime":1510213054451}', '2017-11-09');
INSERT INTO t_chatRecord (recordId, sendId, receiveId, content, recordTime) VALUES (1877, 'littleQ', '15759312500', '{"sender":"littleQ","receiver":"15759312500","type":"Message","content":{"message":"你好呀，我是小Q，你可以问我比如\"我的订单\",\"我的收货地址\"之类的问题哦，也可以输入\"人工\"转到人工客服","headImg":"images/headImg/LQ.jpeg","name":"小Q"},"msgid":1,"msgtime":1510213057819}', '2017-11-09');
INSERT INTO t_chatRecord (recordId, sendId, receiveId, content, recordTime) VALUES (1878, 'littleQ', '15759312500', '{"sender":"littleQ","receiver":"15759312500","type":"Message","content":{"message":"你好呀，我是小Q，你可以问我比如\"我的订单\",\"我的收货地址\"之类的问题哦，也可以输入\"人工\"转到人工客服","headImg":"images/headImg/LQ.jpeg","name":"小Q"},"msgid":1,"msgtime":1510213086659}', '2017-11-09');
INSERT INTO t_chatRecord (recordId, sendId, receiveId, content, recordTime) VALUES (1879, 'littleQ', '15759312500', '{"sender":"littleQ","receiver":"15759312500","type":"Message","content":{"message":"你好呀，我是小Q，你可以问我比如\"我的订单\",\"我的收货地址\"之类的问题哦，也可以输入\"人工\"转到人工客服","headImg":"images/headImg/LQ.jpeg","name":"小Q"},"msgid":1,"msgtime":1510213120075}', '2017-11-09');
INSERT INTO t_chatRecord (recordId, sendId, receiveId, content, recordTime) VALUES (1880, 'littleQ', '15759312500', '{"sender":"littleQ","receiver":"15759312500","type":"Message","content":{"message":"你好呀，我是小Q，你可以问我比如\"我的订单\",\"我的收货地址\"之类的问题哦，也可以输入\"人工\"转到人工客服","headImg":"images/headImg/LQ.jpeg","name":"小Q"},"msgid":1,"msgtime":1510215432814}', '2017-11-09');
INSERT INTO t_chatRecord (recordId, sendId, receiveId, content, recordTime) VALUES (1881, 'littleQ', '15759312500', '{"sender":"littleQ","receiver":"15759312500","type":"Message","content":{"message":"你好呀，我是小Q，你可以问我比如\"我的订单\",\"我的收货地址\"之类的问题哦，也可以输入\"人工\"转到人工客服","headImg":"images/headImg/LQ.jpeg","name":"小Q"},"msgid":1,"msgtime":1510215893395}', '2017-11-09');
INSERT INTO t_chatRecord (recordId, sendId, receiveId, content, recordTime) VALUES (1882, '15759312500', 'littleQ', '{"sender":"15759312500","receiver":"littleQ","type":"userMessage","content":{"message":"<img src=\"file:///F:/Files/XX/H5/project/2/project/src/client/images/trade/commodity49_1.jpg\" style=\"opacity: 1;\">","headImg":"images\\headImg\\14.jpg","name":"开讲话稿"},"msgid":1,"msgtime":1510215895993}', '2017-11-09');
INSERT INTO t_chatRecord (recordId, sendId, receiveId, content, recordTime) VALUES (1883, 'littleQ', '15759312500', '{"sender":"littleQ","receiver":"15759312500","type":"Message","content":{"message":"小Q很抱歉哦，无法理解你所说的内容","headImg":"images/headImg/LQ.jpeg","name":"小Q"},"msgid":1,"msgtime":1510215895994}', '2017-11-09');
INSERT INTO t_chatRecord (recordId, sendId, receiveId, content, recordTime) VALUES (1884, '15759312500', 'littleQ', '{"sender":"15759312500","receiver":"littleQ","type":"userMessage","content":{"message":"<img src=\"file:///F:/Files/XX/H5/project/2/project/src/client/images/trade/commodity49_5.jpg\">","headImg":"images\\headImg\\14.jpg","name":"开讲话稿"},"msgid":1,"msgtime":1510215900729}', '2017-11-09');
INSERT INTO t_chatRecord (recordId, sendId, receiveId, content, recordTime) VALUES (1885, 'littleQ', '15759312500', '{"sender":"littleQ","receiver":"15759312500","type":"Message","content":{"message":"小Q很抱歉哦，无法理解你所说的内容","headImg":"images/headImg/LQ.jpeg","name":"小Q"},"msgid":1,"msgtime":1510215900729}', '2017-11-09');
INSERT INTO t_chatRecord (recordId, sendId, receiveId, content, recordTime) VALUES (1886, 'littleQ', '15759312500', '{"sender":"littleQ","receiver":"15759312500","type":"Message","content":{"message":"你好呀，我是小Q，你可以问我比如\"我的订单\",\"我的收货地址\"之类的问题哦，也可以输入\"人工\"转到人工客服","headImg":"images/headImg/LQ.jpeg","name":"小Q"},"msgid":1,"msgtime":1510215927197}', '2017-11-09');
INSERT INTO t_chatRecord (recordId, sendId, receiveId, content, recordTime) VALUES (1887, '15759312500', 'littleQ', '{"sender":"15759312500","receiver":"littleQ","type":"userMessage","content":{"message":"人工","headImg":"images\\headImg\\14.jpg","name":"开讲话稿"},"msgid":1,"msgtime":1510215931408}', '2017-11-09');
INSERT INTO t_chatRecord (recordId, sendId, receiveId, content, recordTime) VALUES (1888, 'littleQ', '15759312500', '{"sender":"littleQ","receiver":"15759312500","type":"Message","content":{"tips":["正在转接人工客服，请稍等"]},"msgid":1,"msgtime":1510215931411}', '2017-11-09');
INSERT INTO t_chatRecord (recordId, sendId, receiveId, content, recordTime) VALUES (1889, 'littleQ', '15759312500', '{"sender":"littleQ","receiver":"15759312500","type":"Message","content":{"message":"你好呀，我是小Q，你可以问我比如\"我的订单\",\"我的收货地址\"之类的问题哦，也可以输入\"人工\"转到人工客服","headImg":"images/headImg/LQ.jpeg","name":"小Q"},"msgid":1,"msgtime":1510215939928}', '2017-11-09');
INSERT INTO t_chatRecord (recordId, sendId, receiveId, content, recordTime) VALUES (1890, '15759312500', 'littleQ', '{"sender":"15759312500","receiver":"littleQ","type":"userMessage","content":{"message":"人工","headImg":"images\\headImg\\14.jpg","name":"开讲话稿"},"msgid":1,"msgtime":1510215942529}', '2017-11-09');
INSERT INTO t_chatRecord (recordId, sendId, receiveId, content, recordTime) VALUES (1891, 'littleQ', '15759312500', '{"sender":"littleQ","receiver":"15759312500","type":"Message","content":{"tips":["正在转接人工客服，请稍等"]},"msgid":1,"msgtime":1510215942530}', '2017-11-09');
INSERT INTO t_chatRecord (recordId, sendId, receiveId, content, recordTime) VALUES (1892, '15759312500', '10001', '{"sender":"15759312500","receiver":"10001","type":"userMessage","content":{"message":"<img src=\"file:///F:/Files/XX/H5/project/2/project/src/client/images/trade/commodity30_5.jpg\">","headImg":"images\\headImg\\14.jpg","name":"开讲话稿"},"msgid":1,"msgtime":1510215945344}', '2017-11-09');
INSERT INTO t_chatRecord (recordId, sendId, receiveId, content, recordTime) VALUES (1893, '15759312500', '10001', '{"sender":"15759312500","receiver":"10001","type":"userMessage","content":{"message":"<img src=\"file:///F:/Files/XX/H5/project/2/project/src/client/images/trade/commodity30_6.jpg\">","headImg":"images\\headImg\\14.jpg","name":"开讲话稿"},"msgid":1,"msgtime":1510215951793}', '2017-11-09');
INSERT INTO t_chatRecord (recordId, sendId, receiveId, content, recordTime) VALUES (1894, 'littleQ', '15759312500', '{"sender":"littleQ","receiver":"15759312500","type":"Message","content":{"message":"你好呀，我是小Q，你可以问我比如\"我的订单\",\"我的收货地址\"之类的问题哦，也可以输入\"人工\"转到人工客服","headImg":"images/headImg/LQ.jpeg","name":"小Q"},"msgid":1,"msgtime":1510215958412}', '2017-11-09');
INSERT INTO t_chatRecord (recordId, sendId, receiveId, content, recordTime) VALUES (1895, 'littleQ', '15759312500', '{"sender":"littleQ","receiver":"15759312500","type":"Message","content":{"tips":["正在转接人工客服，请稍等"]},"msgid":1,"msgtime":1510215960121}', '2017-11-09');
INSERT INTO t_chatRecord (recordId, sendId, receiveId, content, recordTime) VALUES (1896, '15759312500', 'littleQ', '{"sender":"15759312500","receiver":"littleQ","type":"userMessage","content":{"message":"人工","headImg":"images\\headImg\\14.jpg","name":"开讲话稿"},"msgid":1,"msgtime":1510215960109}', '2017-11-09');
INSERT INTO t_chatRecord (recordId, sendId, receiveId, content, recordTime) VALUES (1897, '15759312500', '10001', '{"sender":"15759312500","receiver":"10001","type":"userMessage","content":{"message":"<img src=\"file:///F:/Files/XX/H5/project/2/project/src/client/images/trade/commodity101_6.jpg\">","headImg":"images\\headImg\\14.jpg","name":"开讲话稿"},"msgid":1,"msgtime":1510215962567}', '2017-11-09');
INSERT INTO t_chatRecord (recordId, sendId, receiveId, content, recordTime) VALUES (1898, '15759312500', '10001', '{"sender":"15759312500","receiver":"10001","type":"userMessage","content":{"message":"记录记录极乐空间","headImg":"images\\headImg\\14.jpg","name":"开讲话稿"},"msgid":1,"msgtime":1510215979262}', '2017-11-09');
INSERT INTO t_chatRecord (recordId, sendId, receiveId, content, recordTime) VALUES (1899, 'littleQ', '15606911111', '{"sender":"littleQ","receiver":"15606911111","type":"Message","content":{"message":"你好呀，我是小Q，你可以问我比如\"我的订单\",\"我的收货地址\"之类的问题哦，也可以输入\"人工\"转到人工客服","headImg":"images/headImg/LQ.jpeg","name":"小Q"},"msgid":1,"msgtime":1510218066798}', '2017-11-09');
INSERT INTO t_chatRecord (recordId, sendId, receiveId, content, recordTime) VALUES (1900, 'littleQ', '15606911111', '{"sender":"littleQ","receiver":"15606911111","type":"Message","content":{"message":"你好呀，我是小Q，你可以问我比如\"我的订单\",\"我的收货地址\"之类的问题哦，也可以输入\"人工\"转到人工客服","headImg":"images/headImg/LQ.jpeg","name":"小Q"},"msgid":1,"msgtime":1510218885643}', '2017-11-09');
INSERT INTO t_chatRecord (recordId, sendId, receiveId, content, recordTime) VALUES (1901, 'littleQ', '15606911111', '{"sender":"littleQ","receiver":"15606911111","type":"Message","content":{"message":"你好呀，我是小Q，你可以问我比如\"我的订单\",\"我的收货地址\"之类的问题哦，也可以输入\"人工\"转到人工客服","headImg":"images/headImg/LQ.jpeg","name":"小Q"},"msgid":1,"msgtime":1510218891923}', '2017-11-09');
INSERT INTO t_chatRecord (recordId, sendId, receiveId, content, recordTime) VALUES (1902, '15606911111', 'littleQ', '{"sender":"15606911111","receiver":"littleQ","type":"userMessage","content":{"message":"人工","headImg":"images\\headImg\\14.jpg","name":"方法"},"msgid":1,"msgtime":1510218898553}', '2017-11-09');
INSERT INTO t_chatRecord (recordId, sendId, receiveId, content, recordTime) VALUES (1903, 'littleQ', '15606911111', '{"sender":"littleQ","receiver":"15606911111","type":"Message","content":{"tips":["正在转接人工客服，请稍等"]},"msgid":1,"msgtime":1510218898558}', '2017-11-09');
INSERT INTO t_chatRecord (recordId, sendId, receiveId, content, recordTime) VALUES (1904, 'littleQ', '15606911111', '{"sender":"littleQ","receiver":"15606911111","type":"Message","content":{"tips":["十分抱歉，目前暂无人工客服在线"]},"msgid":1,"msgtime":1510218898558}', '2017-11-09');
INSERT INTO t_chatRecord (recordId, sendId, receiveId, content, recordTime) VALUES (1905, 'littleQ', '15606911111', '{"sender":"littleQ","receiver":"15606911111","type":"Message","content":{"message":"你好呀，我是小Q，你可以问我比如\"我的订单\",\"我的收货地址\"之类的问题哦，也可以输入\"人工\"转到人工客服","headImg":"images/headImg/LQ.jpeg","name":"小Q"},"msgid":1,"msgtime":1510218902050}', '2017-11-09');
INSERT INTO t_chatRecord (recordId, sendId, receiveId, content, recordTime) VALUES (1906, 'littleQ', '15606911111', '{"sender":"littleQ","receiver":"15606911111","type":"Message","content":{"message":"你好呀，我是小Q，你可以问我比如\"我的订单\",\"我的收货地址\"之类的问题哦，也可以输入\"人工\"转到人工客服","headImg":"images/headImg/LQ.jpeg","name":"小Q"},"msgid":1,"msgtime":1510240555791}', '2017-11-09');
INSERT INTO t_chatRecord (recordId, sendId, receiveId, content, recordTime) VALUES (1907, '15606911111', 'littleQ', '{"sender":"15606911111","receiver":"littleQ","type":"userMessage","content":{"message":"人工","headImg":"images\\headImg\\14.jpg","name":"方法"},"msgid":1,"msgtime":1510240557999}', '2017-11-09');
INSERT INTO t_chatRecord (recordId, sendId, receiveId, content, recordTime) VALUES (1908, 'littleQ', '15606911111', '{"sender":"littleQ","receiver":"15606911111","type":"Message","content":{"tips":["正在转接人工客服，请稍等"]},"msgid":1,"msgtime":1510240558001}', '2017-11-09');
INSERT INTO t_chatRecord (recordId, sendId, receiveId, content, recordTime) VALUES (1909, 'littleQ', '15606911111', '{"sender":"littleQ","receiver":"15606911111","type":"Message","content":{"message":"你好呀，我是小Q，你可以问我比如\"我的订单\",\"我的收货地址\"之类的问题哦，也可以输入\"人工\"转到人工客服","headImg":"images/headImg/LQ.jpeg","name":"小Q"},"msgid":1,"msgtime":1510240712166}', '2017-11-09');
INSERT INTO t_chatRecord (recordId, sendId, receiveId, content, recordTime) VALUES (1910, 'littleQ', '15606911111', '{"sender":"littleQ","receiver":"15606911111","type":"Message","content":{"message":"你好呀，我是小Q，你可以问我比如\"我的订单\",\"我的收货地址\"之类的问题哦，也可以输入\"人工\"转到人工客服","headImg":"images/headImg/LQ.jpeg","name":"小Q"},"msgid":1,"msgtime":1510252467443}', '2017-11-10');
INSERT INTO t_chatRecord (recordId, sendId, receiveId, content, recordTime) VALUES (1911, '15606911111', 'littleQ', '{"sender":"15606911111","receiver":"littleQ","type":"visitorMessage","content":{"message":"个人中心","headImg":"images\\headImg\\14.jpg","name":"方法"},"msgid":1,"msgtime":1510252706642,"headImg":"images\\headImg\\14.jpg"}', '2017-11-10');
INSERT INTO t_chatRecord (recordId, sendId, receiveId, content, recordTime) VALUES (1912, 'littleQ', '15606911111', '{"sender":"littleQ","receiver":"15606911111","type":"control","content":"login","msgid":1,"msgtime":1510252709288,"headImg":"images\\headImg\\14.jpg"}', '2017-11-10');
INSERT INTO t_chatRecord (recordId, sendId, receiveId, content, recordTime) VALUES (1913, 'littleQ', '15606911111', '{"sender":"littleQ","receiver":"15606911111","type":"Message","content":{"tips":["操作成功"],"headImg":"images\\headImg\\14.jpg"},"msgid":1,"msgtime":1510252709288,"headImg":"images\\headImg\\14.jpg"}', '2017-11-10');
INSERT INTO t_chatRecord (recordId, sendId, receiveId, content, recordTime) VALUES (1914, 'littleQ', '15606911111', '{"sender":"littleQ","receiver":"15606911111","type":"Message","content":{"tips":["请登录后进行该操作"],"headImg":"images\\headImg\\14.jpg"},"msgid":1,"msgtime":1510252706645,"headImg":"images\\headImg\\14.jpg"}', '2017-11-10');
INSERT INTO t_chatRecord (recordId, sendId, receiveId, content, recordTime) VALUES (1915, '15606911111', 'littleQ', '{"sender":"15606911111","receiver":"littleQ","type":"visitorMessage","content":{"message":"登录","headImg":"images\\headImg\\14.jpg","name":"方法"},"msgid":1,"msgtime":1510252709286,"headImg":"images\\headImg\\14.jpg"}', '2017-11-10');
INSERT INTO t_chatRecord (recordId, sendId, receiveId, content, recordTime) VALUES (1916, 'littleQ', '15606911111', '{"sender":"littleQ","receiver":"15606911111","type":"Message","content":{"message":"你好呀，我是小Q，你可以问我比如\"我的订单\",\"我的收货地址\"之类的问题哦，也可以输入\"人工\"转到人工客服","headImg":"images/headImg/LQ.jpeg","name":"小Q"},"msgid":1,"msgtime":1510252719844}', '2017-11-10');
INSERT INTO t_chatRecord (recordId, sendId, receiveId, content, recordTime) VALUES (1917, '15606911111', 'littleQ', '{"sender":"15606911111","receiver":"littleQ","type":"userMessage","content":{"message":"个人中心","headImg":"images\\headImg\\14.jpg","name":"方法"},"msgid":1,"msgtime":1510252727398}', '2017-11-10');
INSERT INTO t_chatRecord (recordId, sendId, receiveId, content, recordTime) VALUES (1918, 'littleQ', '15606911111', '{"sender":"littleQ","receiver":"15606911111","type":"Message","content":{"tips":["操作成功"]},"msgid":1,"msgtime":1510252727403}', '2017-11-10');
INSERT INTO t_chatRecord (recordId, sendId, receiveId, content, recordTime) VALUES (1919, 'littleQ', '15606911111', '{"sender":"littleQ","receiver":"15606911111","type":"control","content":"userCenter","msgid":1,"msgtime":1510252727403}', '2017-11-10');
INSERT INTO t_chatRecord (recordId, sendId, receiveId, content, recordTime) VALUES (1920, 'littleQ', '15606911111', '{"sender":"littleQ","receiver":"15606911111","type":"Message","content":{"message":"你好呀，我是小Q，你可以问我比如\"我的订单\",\"我的收货地址\"之类的问题哦，也可以输入\"人工\"转到人工客服","headImg":"images/headImg/LQ.jpeg","name":"小Q"},"msgid":1,"msgtime":1510252730487}', '2017-11-10');
INSERT INTO t_chatRecord (recordId, sendId, receiveId, content, recordTime) VALUES (1921, '15606911111', 'littleQ', '{"sender":"15606911111","receiver":"littleQ","type":"userMessage","content":{"message":"我的资料","headImg":"images\\headImg\\14.jpg","name":"方法"},"msgid":1,"msgtime":1510252733658}', '2017-11-10');
INSERT INTO t_chatRecord (recordId, sendId, receiveId, content, recordTime) VALUES (1922, 'littleQ', '15606911111', '{"sender":"littleQ","receiver":"15606911111","type":"Message","content":{"tips":["操作成功"]},"msgid":1,"msgtime":1510252733662}', '2017-11-10');
INSERT INTO t_chatRecord (recordId, sendId, receiveId, content, recordTime) VALUES (1923, 'littleQ', '15606911111', '{"sender":"littleQ","receiver":"15606911111","type":"control","content":"info","msgid":1,"msgtime":1510252733662}', '2017-11-10');
INSERT INTO t_chatRecord (recordId, sendId, receiveId, content, recordTime) VALUES (1924, 'littleQ', '15606911111', '{"sender":"littleQ","receiver":"15606911111","type":"Message","content":{"message":"你好呀，我是小Q，你可以问我比如\"我的订单\",\"我的收货地址\"之类的问题哦，也可以输入\"人工\"转到人工客服","headImg":"images/headImg/LQ.jpeg","name":"小Q"},"msgid":1,"msgtime":1510252736078}', '2017-11-10');
INSERT INTO t_chatRecord (recordId, sendId, receiveId, content, recordTime) VALUES (1925, '15606911111', 'littleQ', '{"sender":"15606911111","receiver":"littleQ","type":"userMessage","content":{"message":"已付款订单","headImg":"images\\headImg\\14.jpg","name":"方法"},"msgid":1,"msgtime":1510252744531}', '2017-11-10');
INSERT INTO t_chatRecord (recordId, sendId, receiveId, content, recordTime) VALUES (1926, 'littleQ', '15606911111', '{"sender":"littleQ","receiver":"15606911111","type":"Message","content":{"tips":["操作成功"]},"msgid":1,"msgtime":1510252744534}', '2017-11-10');
INSERT INTO t_chatRecord (recordId, sendId, receiveId, content, recordTime) VALUES (1927, 'littleQ', '15606911111', '{"sender":"littleQ","receiver":"15606911111","type":"control","content":"conpayed","msgid":1,"msgtime":1510252744534}', '2017-11-10');
INSERT INTO t_chatRecord (recordId, sendId, receiveId, content, recordTime) VALUES (1928, 'littleQ', '15606911111', '{"sender":"littleQ","receiver":"15606911111","type":"Message","content":{"message":"你好呀，我是小Q，你可以问我比如\"我的订单\",\"我的收货地址\"之类的问题哦，也可以输入\"人工\"转到人工客服","headImg":"images/headImg/LQ.jpeg","name":"小Q"},"msgid":1,"msgtime":1510252746984}', '2017-11-10');
INSERT INTO t_chatRecord (recordId, sendId, receiveId, content, recordTime) VALUES (1929, '15606911111', 'littleQ', '{"sender":"15606911111","receiver":"littleQ","type":"userMessage","content":{"message":"首页","headImg":"images\\headImg\\14.jpg","name":"方法"},"msgid":1,"msgtime":1510252750378}', '2017-11-10');
INSERT INTO t_chatRecord (recordId, sendId, receiveId, content, recordTime) VALUES (1930, 'littleQ', '15606911111', '{"sender":"littleQ","receiver":"15606911111","type":"Message","content":{"tips":["操作成功"]},"msgid":1,"msgtime":1510252750382}', '2017-11-10');
INSERT INTO t_chatRecord (recordId, sendId, receiveId, content, recordTime) VALUES (1931, 'littleQ', '15606911111', '{"sender":"littleQ","receiver":"15606911111","type":"control","content":"index","msgid":1,"msgtime":1510252750382}', '2017-11-10');
INSERT INTO t_chatRecord (recordId, sendId, receiveId, content, recordTime) VALUES (1932, 'littleQ', '15606911111', '{"sender":"littleQ","receiver":"15606911111","type":"Message","content":{"message":"你好呀，我是小Q，你可以问我比如\"我的订单\",\"我的收货地址\"之类的问题哦，也可以输入\"人工\"转到人工客服","headImg":"images/headImg/LQ.jpeg","name":"小Q"},"msgid":1,"msgtime":1510252753054}', '2017-11-10');
INSERT INTO t_chatRecord (recordId, sendId, receiveId, content, recordTime) VALUES (1933, '15606911111', 'littleQ', '{"sender":"15606911111","receiver":"littleQ","type":"userMessage","content":{"message":"添加地址","headImg":"images\\headImg\\14.jpg","name":"方法"},"msgid":1,"msgtime":1510252759004}', '2017-11-10');
INSERT INTO t_chatRecord (recordId, sendId, receiveId, content, recordTime) VALUES (1934, 'littleQ', '15606911111', '{"sender":"littleQ","receiver":"15606911111","type":"Message","content":{"tips":["操作成功"]},"msgid":1,"msgtime":1510252759014}', '2017-11-10');
INSERT INTO t_chatRecord (recordId, sendId, receiveId, content, recordTime) VALUES (1935, 'littleQ', '15606911111', '{"sender":"littleQ","receiver":"15606911111","type":"control","content":"addadd","msgid":1,"msgtime":1510252759014}', '2017-11-10');
INSERT INTO t_chatRecord (recordId, sendId, receiveId, content, recordTime) VALUES (1936, 'littleQ', '15606911111', '{"sender":"littleQ","receiver":"15606911111","type":"Message","content":{"message":"你好呀，我是小Q，你可以问我比如\"我的订单\",\"我的收货地址\"之类的问题哦，也可以输入\"人工\"转到人工客服","headImg":"images/headImg/LQ.jpeg","name":"小Q"},"msgid":1,"msgtime":1510252764143}', '2017-11-10');
INSERT INTO t_chatRecord (recordId, sendId, receiveId, content, recordTime) VALUES (1937, '15606911111', 'littleQ', '{"sender":"15606911111","receiver":"littleQ","type":"userMessage","content":{"message":"修改昵称","headImg":"images\\headImg\\14.jpg","name":"方法"},"msgid":1,"msgtime":1510252767822}', '2017-11-10');
INSERT INTO t_chatRecord (recordId, sendId, receiveId, content, recordTime) VALUES (1938, 'littleQ', '15606911111', '{"sender":"littleQ","receiver":"15606911111","type":"Message","content":{"tips":["操作成功"]},"msgid":1,"msgtime":1510252767827}', '2017-11-10');
INSERT INTO t_chatRecord (recordId, sendId, receiveId, content, recordTime) VALUES (1939, 'littleQ', '15606911111', '{"sender":"littleQ","receiver":"15606911111","type":"control","content":"connickname","msgid":1,"msgtime":1510252767827}', '2017-11-10');
INSERT INTO t_chatRecord (recordId, sendId, receiveId, content, recordTime) VALUES (1940, 'littleQ', '15606911111', '{"sender":"littleQ","receiver":"15606911111","type":"Message","content":{"message":"你好呀，我是小Q，你可以问我比如\"我的订单\",\"我的收货地址\"之类的问题哦，也可以输入\"人工\"转到人工客服","headImg":"images/headImg/LQ.jpeg","name":"小Q"},"msgid":1,"msgtime":1510252770705}', '2017-11-10');
INSERT INTO t_chatRecord (recordId, sendId, receiveId, content, recordTime) VALUES (1941, '15606911111', 'littleQ', '{"sender":"15606911111","receiver":"littleQ","type":"userMessage","content":{"message":"注销","headImg":"images\\headImg\\14.jpg","name":"方法"},"msgid":1,"msgtime":1510252774998}', '2017-11-10');
INSERT INTO t_chatRecord (recordId, sendId, receiveId, content, recordTime) VALUES (1942, 'littleQ', '15606911111', '{"sender":"littleQ","receiver":"15606911111","type":"Message","content":{"tips":["操作成功"]},"msgid":1,"msgtime":1510252775002}', '2017-11-10');
INSERT INTO t_chatRecord (recordId, sendId, receiveId, content, recordTime) VALUES (1943, 'littleQ', '15606911111', '{"sender":"littleQ","receiver":"15606911111","type":"control","content":"goout","msgid":1,"msgtime":1510252775002}', '2017-11-10');
INSERT INTO t_chatRecord (recordId, sendId, receiveId, content, recordTime) VALUES (1944, 'littleQ', '15606911111', '{"sender":"littleQ","receiver":"15606911111","type":"Message","content":{"message":"你好呀，我是小Q，你可以问我比如\"我的订单\",\"我的收货地址\"之类的问题哦，也可以输入\"人工\"转到人工客服","headImg":"images/headImg/LQ.jpeg","name":"小Q"},"msgid":1,"msgtime":1510280597749}', '2017-11-10');
INSERT INTO t_chatRecord (recordId, sendId, receiveId, content, recordTime) VALUES (1945, '15606911111', 'littleQ', '{"sender":"15606911111","receiver":"littleQ","type":"userMessage","content":{"message":"个人中心","headImg":"images\\headImg\\14.jpg","name":"方法"},"msgid":1,"msgtime":1510280605182}', '2017-11-10');
INSERT INTO t_chatRecord (recordId, sendId, receiveId, content, recordTime) VALUES (1946, 'littleQ', '15606911111', '{"sender":"littleQ","receiver":"15606911111","type":"Message","content":{"tips":["操作成功"]},"msgid":1,"msgtime":1510280605186}', '2017-11-10');
INSERT INTO t_chatRecord (recordId, sendId, receiveId, content, recordTime) VALUES (1947, 'littleQ', '15606911111', '{"sender":"littleQ","receiver":"15606911111","type":"control","content":"userCenter","msgid":1,"msgtime":1510280605186}', '2017-11-10');
INSERT INTO t_chatRecord (recordId, sendId, receiveId, content, recordTime) VALUES (1948, 'littleQ', '15606911111', '{"sender":"littleQ","receiver":"15606911111","type":"Message","content":{"message":"你好呀，我是小Q，你可以问我比如\"我的订单\",\"我的收货地址\"之类的问题哦，也可以输入\"人工\"转到人工客服","headImg":"images/headImg/LQ.jpeg","name":"小Q"},"msgid":1,"msgtime":1510280607105}', '2017-11-10');
INSERT INTO t_chatRecord (recordId, sendId, receiveId, content, recordTime) VALUES (1949, '15606911111', 'littleQ', '{"sender":"15606911111","receiver":"littleQ","type":"userMessage","content":{"message":"首页","headImg":"images\\headImg\\14.jpg","name":"方法"},"msgid":1,"msgtime":1510280609979}', '2017-11-10');
INSERT INTO t_chatRecord (recordId, sendId, receiveId, content, recordTime) VALUES (1950, 'littleQ', '15606911111', '{"sender":"littleQ","receiver":"15606911111","type":"Message","content":{"tips":["操作成功"]},"msgid":1,"msgtime":1510280609995}', '2017-11-10');
INSERT INTO t_chatRecord (recordId, sendId, receiveId, content, recordTime) VALUES (1951, 'littleQ', '15606911111', '{"sender":"littleQ","receiver":"15606911111","type":"control","content":"index","msgid":1,"msgtime":1510280609995}', '2017-11-10');
INSERT INTO t_chatRecord (recordId, sendId, receiveId, content, recordTime) VALUES (1952, 'littleQ', '15606911111', '{"sender":"littleQ","receiver":"15606911111","type":"Message","content":{"message":"你好呀，我是小Q，你可以问我比如\"我的订单\",\"我的收货地址\"之类的问题哦，也可以输入\"人工\"转到人工客服","headImg":"images/headImg/LQ.jpeg","name":"小Q"},"msgid":1,"msgtime":1510282864946}', '2017-11-10');
INSERT INTO t_chatRecord (recordId, sendId, receiveId, content, recordTime) VALUES (1953, '15606911111', 'littleQ', '{"sender":"15606911111","receiver":"littleQ","type":"userMessage","content":{"message":"你好","headImg":"images\\headImg\\14.jpg","name":"方法"},"msgid":1,"msgtime":1510282867752}', '2017-11-10');
INSERT INTO t_chatRecord (recordId, sendId, receiveId, content, recordTime) VALUES (1954, 'littleQ', '15606911111', '{"sender":"littleQ","receiver":"15606911111","type":"Message","content":{"message":"小Q很抱歉哦，无法理解你所说的内容","headImg":"images/headImg/LQ.jpeg","name":"小Q"},"msgid":1,"msgtime":1510282867746}', '2017-11-10');
INSERT INTO t_chatRecord (recordId, sendId, receiveId, content, recordTime) VALUES (1955, '15606911111', 'littleQ', '{"sender":"15606911111","receiver":"littleQ","type":"userMessage","content":{"message":"发大事发生","headImg":"images\\headImg\\14.jpg","name":"方法"},"msgid":1,"msgtime":1510282869886}', '2017-11-10');
INSERT INTO t_chatRecord (recordId, sendId, receiveId, content, recordTime) VALUES (1956, 'littleQ', '15606911111', '{"sender":"littleQ","receiver":"15606911111","type":"Message","content":{"message":"小Q很抱歉哦，无法理解你所说的内容","headImg":"images/headImg/LQ.jpeg","name":"小Q"},"msgid":1,"msgtime":1510282869877}', '2017-11-10');
INSERT INTO t_chatRecord (recordId, sendId, receiveId, content, recordTime) VALUES (1957, '15606911111', '10001', '{"sender":"15606911111","receiver":"10001","type":"userMessage","content":{"message":"的撒发生","headImg":"images\\headImg\\14.jpg","name":"方法"},"msgid":1,"msgtime":1510282945597}', '2017-11-10');
INSERT INTO t_chatRecord (recordId, sendId, receiveId, content, recordTime) VALUES (1958, '10001', '15606911111', '{"sender":"10001","receiver":"15606911111","type":"touMessge","content":{"message":"范德萨发就爱上课","headImg":"images/headImg/cus.png","name":"客服2"},"msgid":1,"msgtime":1510282949346}', '2017-11-10');
INSERT INTO t_chatRecord (recordId, sendId, receiveId, content, recordTime) VALUES (1959, '10001', '15606911111', '{"sender":"10001","receiver":"15606911111","type":"touMessge","content":{"message":"发的说法","headImg":"images/headImg/cus.png","name":"客服2"},"msgid":1,"msgtime":1510283058871}', '2017-11-10');
INSERT INTO t_chatRecord (recordId, sendId, receiveId, content, recordTime) VALUES (1960, '15606911111', '10001', '{"sender":"15606911111","receiver":"10001","type":"visitorMessage","content":{"message":"记录积分卡拉斯","headImg":"images\\headImg\\14.jpg","name":"方法"},"msgid":1,"msgtime":1510282984467,"headImg":"images\\headImg\\14.jpg"}', '2017-11-10');
INSERT INTO t_chatRecord (recordId, sendId, receiveId, content, recordTime) VALUES (1961, 'littleQ', '15606911111', '{"sender":"littleQ","receiver":"15606911111","type":"Message","content":{"message":"你好呀，我是小Q，你可以问我比如\"我的订单\",\"我的收货地址\"之类的问题哦，也可以输入\"人工\"转到人工客服","headImg":"images\\headImg\\14.jpg","name":"小Q"},"msgid":1,"msgtime":1510283018315,"headImg":"images\\headImg\\14.jpg"}', '2017-11-10');
INSERT INTO t_chatRecord (recordId, sendId, receiveId, content, recordTime) VALUES (1962, '15606911111', 'littleQ', '{"sender":"15606911111","receiver":"littleQ","type":"visitorMessage","content":{"message":"收货","headImg":"images\\headImg\\14.jpg","name":"方法"},"msgid":1,"msgtime":1510283021139,"headImg":"images\\headImg\\14.jpg"}', '2017-11-10');
INSERT INTO t_chatRecord (recordId, sendId, receiveId, content, recordTime) VALUES (1963, 'littleQ', '15606911111', '{"sender":"littleQ","receiver":"15606911111","type":"Message","content":{"message":"小Q为你找到了一下信息哦<br/><br/>Q：收货地址写错了、想换个地址怎么办？<br/><br/>A：点击网页右上角“用户中心”，进入“用户中心”页面，选“我的资料”，然后再选择“我的地址”，点击“编辑”可以对收货地址进行修改。点击右上角的加号可以添加新的收货地址，点击“设为默认地址”可以修改正在使用的收货地址。\r\n您也可以直接回复跳转收货地址来跳转到收货地址页面","headImg":"images\\headImg\\14.jpg","name":"小Q"},"msgid":1,"msgtime":1510283021147,"headImg":"images\\headImg\\14.jpg"}', '2017-11-10');
INSERT INTO t_chatRecord (recordId, sendId, receiveId, content, recordTime) VALUES (1964, '15606911111', 'littleQ', '{"sender":"15606911111","receiver":"littleQ","type":"visitorMessage","content":{"message":"退货","headImg":"images\\headImg\\14.jpg","name":"方法"},"msgid":1,"msgtime":1510283037387,"headImg":"images\\headImg\\14.jpg"}', '2017-11-10');
INSERT INTO t_chatRecord (recordId, sendId, receiveId, content, recordTime) VALUES (1965, 'littleQ', '15606911111', '{"sender":"littleQ","receiver":"15606911111","type":"Message","content":{"message":"小Q为你找到了一下信息哦<br/><br/>Q：我想办理退货或换货如何操作？<br/><br/>A：请联系在线客服来进行退换货","headImg":"images\\headImg\\14.jpg","name":"小Q"},"msgid":1,"msgtime":1510283037393,"headImg":"images\\headImg\\14.jpg"}', '2017-11-10');
INSERT INTO t_chatRecord (recordId, sendId, receiveId, content, recordTime) VALUES (1966, '15606911111', 'littleQ', '{"sender":"15606911111","receiver":"littleQ","type":"visitorMessage","content":{"message":"在线客服","headImg":"images\\headImg\\14.jpg","name":"方法"},"msgid":1,"msgtime":1510283043676,"headImg":"images\\headImg\\14.jpg"}', '2017-11-10');
INSERT INTO t_chatRecord (recordId, sendId, receiveId, content, recordTime) VALUES (1967, 'littleQ', '15606911111', '{"sender":"littleQ","receiver":"15606911111","type":"Message","content":{"tips":["正在转接人工客服，请稍等"],"headImg":"images\\headImg\\14.jpg"},"msgid":1,"msgtime":1510283043681,"headImg":"images\\headImg\\14.jpg"}', '2017-11-10');
INSERT INTO t_chatRecord (recordId, sendId, receiveId, content, recordTime) VALUES (1968, '15606911111', '10001', '{"sender":"15606911111","receiver":"10001","type":"visitorMessage","content":{"message":"发发顺丰","headImg":"images\\headImg\\14.jpg","name":"方法"},"msgid":1,"msgtime":1510282999752,"headImg":"images\\headImg\\14.jpg"}', '2017-11-10');
INSERT INTO t_chatRecord (recordId, sendId, receiveId, content, recordTime) VALUES (1969, 'littleQ', '15606911111', '{"sender":"littleQ","receiver":"15606911111","type":"Message","content":{"message":"你好呀，我是小Q，你可以问我比如\"我的订单\",\"我的收货地址\"之类的问题哦，也可以输入\"人工\"转到人工客服","headImg":"images\\headImg\\14.jpg","name":"小Q"},"msgid":1,"msgtime":1510283191715,"headImg":"images\\headImg\\14.jpg"}', '2017-11-10');
INSERT INTO t_chatRecord (recordId, sendId, receiveId, content, recordTime) VALUES (1970, 'littleQ', '15606911111', '{"sender":"littleQ","receiver":"15606911111","type":"Message","content":{"message":"你好呀，我是小Q，你可以问我比如\"我的订单\",\"我的收货地址\"之类的问题哦，也可以输入\"人工\"转到人工客服","headImg":"images\\headImg\\14.jpg","name":"小Q"},"msgid":1,"msgtime":1510283055412,"headImg":"images\\headImg\\14.jpg"}', '2017-11-10');
INSERT INTO t_chatRecord (recordId, sendId, receiveId, content, recordTime) VALUES (1971, '15606911111', 'littleQ', '{"sender":"15606911111","receiver":"littleQ","type":"visitorMessage","content":{"message":"人工","headImg":"images\\headImg\\14.jpg","name":"方法"},"msgid":1,"msgtime":1510283195300,"headImg":"images\\headImg\\14.jpg"}', '2017-11-10');
INSERT INTO t_chatRecord (recordId, sendId, receiveId, content, recordTime) VALUES (1972, '10001', '15606911111', '{"sender":"10001","receiver":"15606911111","type":"tovMessage","content":{"message":"撒打发斯蒂芬开课了","headImg":"images\\headImg\\14.jpg","name":"客服2"},"msgid":1,"msgtime":1510282995156,"headImg":"images\\headImg\\14.jpg"}', '2017-11-10');
INSERT INTO t_chatRecord (recordId, sendId, receiveId, content, recordTime) VALUES (1973, 'littleQ', '15606911111', '{"sender":"littleQ","receiver":"15606911111","type":"Message","content":{"tips":["正在转接人工客服，请稍等"],"headImg":"images\\headImg\\14.jpg"},"msgid":1,"msgtime":1510283195302,"headImg":"images\\headImg\\14.jpg"}', '2017-11-10');
INSERT INTO t_chatRecord (recordId, sendId, receiveId, content, recordTime) VALUES (1974, 'littleQ', '15606911111', '{"sender":"littleQ","receiver":"15606911111","type":"Message","content":{"message":"你好呀，我是小Q，你可以问我比如\"我的订单\",\"我的收货地址\"之类的问题哦，也可以输入\"人工\"转到人工客服","headImg":"images/headImg/LQ.jpeg","name":"小Q"},"msgid":1,"msgtime":1510283210818}', '2017-11-10');
INSERT INTO t_chatRecord (recordId, sendId, receiveId, content, recordTime) VALUES (1975, '15606911111', 'littleQ', '{"sender":"15606911111","receiver":"littleQ","type":"userMessage","content":{"message":"人工","headImg":"images\\headImg\\14.jpg","name":"方法"},"msgid":1,"msgtime":1510283230139}', '2017-11-10');
INSERT INTO t_chatRecord (recordId, sendId, receiveId, content, recordTime) VALUES (1976, 'littleQ', '15606911111', '{"sender":"littleQ","receiver":"15606911111","type":"Message","content":{"tips":["正在转接人工客服，请稍等"]},"msgid":1,"msgtime":1510283230143}', '2017-11-10');
INSERT INTO t_chatRecord (recordId, sendId, receiveId, content, recordTime) VALUES (1977, '10001', '15606911111', '{"sender":"10001","receiver":"15606911111","type":"touMessge","content":{"message":"法师法师","headImg":"images/headImg/cus.png","name":"客服2"},"msgid":1,"msgtime":1510283234058}', '2017-11-10');
INSERT INTO t_chatRecord (recordId, sendId, receiveId, content, recordTime) VALUES (1978, '15606911111', 'littleQ', '{"sender":"15606911111","receiver":"littleQ","type":"visitorMessage","content":{"message":"范德萨发放","headImg":"images\\headImg\\14.jpg","name":"方法"},"msgid":1,"msgtime":1510283253102,"headImg":"images\\headImg\\14.jpg"}', '2017-11-10');
INSERT INTO t_chatRecord (recordId, sendId, receiveId, content, recordTime) VALUES (1979, 'littleQ', '15606911111', '{"sender":"littleQ","receiver":"15606911111","type":"Message","content":{"message":"小Q很抱歉哦，无法理解你所说的内容","headImg":"images\\headImg\\14.jpg","name":"小Q"},"msgid":1,"msgtime":1510283253103,"headImg":"images\\headImg\\14.jpg"}', '2017-11-10');
INSERT INTO t_chatRecord (recordId, sendId, receiveId, content, recordTime) VALUES (1980, '15606911111', '10005', '{"sender":"15606911111","receiver":"10005","type":"userMessage","content":{"message":"你好","headImg":"images\\headImg\\14.jpg","name":"方法"},"msgid":1,"msgtime":1510283394323}', '2017-11-10');
INSERT INTO t_chatRecord (recordId, sendId, receiveId, content, recordTime) VALUES (1981, '10005', '15606911111', '{"sender":"10005","receiver":"15606911111","type":"touMessge","content":{"message":"你好","headImg":"images/headImg/cus.png","name":"客服6"},"msgid":1,"msgtime":1510283399774}', '2017-11-10');
INSERT INTO t_chatRecord (recordId, sendId, receiveId, content, recordTime) VALUES (1982, '15606911111', '10008', '{"sender":"15606911111","receiver":"10008","type":"userMessage","content":{"message":"你好","headImg":"images\\headImg\\14.jpg","name":"方法"},"msgid":1,"msgtime":1510283407527}', '2017-11-10');
INSERT INTO t_chatRecord (recordId, sendId, receiveId, content, recordTime) VALUES (1983, '10008', '15606911111', '{"sender":"10008","receiver":"15606911111","type":"touMessge","content":{"message":"你好","headImg":"images/headImg/cus.png","name":"客服9"},"msgid":1,"msgtime":1510283412605}', '2017-11-10');
INSERT INTO t_chatRecord (recordId, sendId, receiveId, content, recordTime) VALUES (1984, '10005', '15606911111', '{"sender":"10005","receiver":"15606911111","type":"touMessge","content":{"message":"你好","headImg":"images/headImg/cus.png","name":"客服6"},"msgid":1,"msgtime":1510283415875}', '2017-11-10');
INSERT INTO t_chatRecord (recordId, sendId, receiveId, content, recordTime) VALUES (1985, '10005', '15606911111', '{"sender":"10005","receiver":"15606911111","type":"touMessge","content":{"message":"法师的发","headImg":"images/headImg/cus.png","name":"客服6"},"msgid":1,"msgtime":1510283421580}', '2017-11-10');
INSERT INTO t_chatRecord (recordId, sendId, receiveId, content, recordTime) VALUES (1986, '10008', '15606911111', '{"sender":"10008","receiver":"15606911111","type":"touMessge","content":{"message":"的撒发生大发","headImg":"images/headImg/cus.png","name":"客服9"},"msgid":1,"msgtime":1510283425068}', '2017-11-10');
INSERT INTO t_chatRecord (recordId, sendId, receiveId, content, recordTime) VALUES (1987, '15606911111', '10008', '{"sender":"15606911111","receiver":"10008","type":"userMessage","content":{"message":"的萨芬撒","headImg":"images\\headImg\\14.jpg","name":"方法"},"msgid":1,"msgtime":1510283432568}', '2017-11-10');
INSERT INTO t_chatRecord (recordId, sendId, receiveId, content, recordTime) VALUES (1988, 'littleQ', '15606911111', '{"sender":"littleQ","receiver":"15606911111","type":"Message","content":{"message":"你好呀，我是小Q，你可以问我比如\"我的订单\",\"我的收货地址\"之类的问题哦，也可以输入\"人工\"转到人工客服","headImg":"images/headImg/LQ.jpeg","name":"小Q"},"msgid":1,"msgtime":1510283453957}', '2017-11-10');
INSERT INTO t_chatRecord (recordId, sendId, receiveId, content, recordTime) VALUES (1989, 'littleQ', '15606911111', '{"sender":"littleQ","receiver":"15606911111","type":"Message","content":{"tips":["正在转接人工客服，请稍等"]},"msgid":1,"msgtime":1510283456430}', '2017-11-10');
INSERT INTO t_chatRecord (recordId, sendId, receiveId, content, recordTime) VALUES (1990, '15606911111', 'littleQ', '{"sender":"15606911111","receiver":"littleQ","type":"userMessage","content":{"message":"人工","headImg":"images\\headImg\\14.jpg","name":"方法"},"msgid":1,"msgtime":1510283456421}', '2017-11-10');
INSERT INTO t_chatRecord (recordId, sendId, receiveId, content, recordTime) VALUES (1991, '15606911111', '10005', '{"sender":"15606911111","receiver":"10005","type":"userMessage","content":{"message":"发生的发生","headImg":"images\\headImg\\14.jpg","name":"方法"},"msgid":1,"msgtime":1510283459057}', '2017-11-10');
INSERT INTO t_chatRecord (recordId, sendId, receiveId, content, recordTime) VALUES (1992, 'littleQ', '15606911111', '{"sender":"littleQ","receiver":"15606911111","type":"Message","content":{"message":"你好呀，我是小Q，你可以问我比如\"我的订单\",\"我的收货地址\"之类的问题哦，也可以输入\"人工\"转到人工客服","headImg":"images/headImg/LQ.jpeg","name":"小Q"},"msgid":1,"msgtime":1510283468318}', '2017-11-10');
INSERT INTO t_chatRecord (recordId, sendId, receiveId, content, recordTime) VALUES (1993, 'littleQ', '15606911111', '{"sender":"littleQ","receiver":"15606911111","type":"Message","content":{"tips":["正在转接人工客服，请稍等"]},"msgid":1,"msgtime":1510283470617}', '2017-11-10');
INSERT INTO t_chatRecord (recordId, sendId, receiveId, content, recordTime) VALUES (1994, '15606911111', 'littleQ', '{"sender":"15606911111","receiver":"littleQ","type":"userMessage","content":{"message":"人工","headImg":"images\\headImg\\14.jpg","name":"方法"},"msgid":1,"msgtime":1510283470606}', '2017-11-10');
INSERT INTO t_chatRecord (recordId, sendId, receiveId, content, recordTime) VALUES (1995, '15606911111', '10005', '{"sender":"15606911111","receiver":"10005","type":"userMessage","content":{"message":"范德萨发斯蒂芬","headImg":"images\\headImg\\14.jpg","name":"方法"},"msgid":1,"msgtime":1510283472678}', '2017-11-10');
INSERT INTO t_chatRecord (recordId, sendId, receiveId, content, recordTime) VALUES (1996, '15606911111', '10005', '{"sender":"15606911111","receiver":"10005","type":"userMessage","content":{"message":"沙发上方","headImg":"images\\headImg\\14.jpg","name":"方法"},"msgid":1,"msgtime":1510283473411}', '2017-11-10');
INSERT INTO t_chatRecord (recordId, sendId, receiveId, content, recordTime) VALUES (1997, '15606911111', '10005', '{"sender":"15606911111","receiver":"10005","type":"userMessage","content":{"message":"地方是打发","headImg":"images\\headImg\\14.jpg","name":"方法"},"msgid":1,"msgtime":1510283474041}', '2017-11-10');
INSERT INTO t_chatRecord (recordId, sendId, receiveId, content, recordTime) VALUES (1998, 'littleQ', '15606911111', '{"sender":"littleQ","receiver":"15606911111","type":"Message","content":{"message":"你好呀，我是小Q，你可以问我比如\"我的订单\",\"我的收货地址\"之类的问题哦，也可以输入\"人工\"转到人工客服","headImg":"images/headImg/LQ.jpeg","name":"小Q"},"msgid":1,"msgtime":1510283497954}', '2017-11-10');
INSERT INTO t_chatRecord (recordId, sendId, receiveId, content, recordTime) VALUES (1999, 'littleQ', '15606911111', '{"sender":"littleQ","receiver":"15606911111","type":"Message","content":{"tips":["正在转接人工客服，请稍等"]},"msgid":1,"msgtime":1510283500335}', '2017-11-10');
INSERT INTO t_chatRecord (recordId, sendId, receiveId, content, recordTime) VALUES (2000, '15606911111', 'littleQ', '{"sender":"15606911111","receiver":"littleQ","type":"userMessage","content":{"message":"人工","headImg":"images\\headImg\\14.jpg","name":"方法"},"msgid":1,"msgtime":1510283500332}', '2017-11-10');
INSERT INTO t_chatRecord (recordId, sendId, receiveId, content, recordTime) VALUES (2001, '15606911111', '10006', '{"sender":"15606911111","receiver":"10006","type":"userMessage","content":{"message":"人工","headImg":"images\\headImg\\14.jpg","name":"方法"},"msgid":1,"msgtime":1510283513658}', '2017-11-10');
INSERT INTO t_chatRecord (recordId, sendId, receiveId, content, recordTime) VALUES (2002, 'littleQ', '15606911111', '{"sender":"littleQ","receiver":"15606911111","type":"Message","content":{"tips":["正在转接人工客服，请稍等"]},"msgid":1,"msgtime":1510283516303}', '2017-11-10');
INSERT INTO t_chatRecord (recordId, sendId, receiveId, content, recordTime) VALUES (2003, '15606911111', 'littleQ', '{"sender":"15606911111","receiver":"littleQ","type":"userMessage","content":{"message":"人工","headImg":"images\\headImg\\14.jpg","name":"方法"},"msgid":1,"msgtime":1510283516301}', '2017-11-10');
INSERT INTO t_chatRecord (recordId, sendId, receiveId, content, recordTime) VALUES (2004, '15606911111', '10003', '{"sender":"15606911111","receiver":"10003","type":"userMessage","content":{"message":"仍功能","headImg":"images\\headImg\\14.jpg","name":"方法"},"msgid":1,"msgtime":1510283519754}', '2017-11-10');
INSERT INTO t_chatRecord (recordId, sendId, receiveId, content, recordTime) VALUES (2005, 'littleQ', '15606911111', '{"sender":"littleQ","receiver":"15606911111","type":"Message","content":{"tips":["正在转接人工客服，请稍等"]},"msgid":1,"msgtime":1510283522329}', '2017-11-10');
INSERT INTO t_chatRecord (recordId, sendId, receiveId, content, recordTime) VALUES (2006, '15606911111', 'littleQ', '{"sender":"15606911111","receiver":"littleQ","type":"userMessage","content":{"message":"人工","headImg":"images\\headImg\\14.jpg","name":"方法"},"msgid":1,"msgtime":1510283522327}', '2017-11-10');
INSERT INTO t_chatRecord (recordId, sendId, receiveId, content, recordTime) VALUES (2007, '15606911111', '10005', '{"sender":"15606911111","receiver":"10005","type":"userMessage","content":{"message":"扔你","headImg":"images\\headImg\\14.jpg","name":"方法"},"msgid":1,"msgtime":1510283526282}', '2017-11-10');
INSERT INTO t_chatRecord (recordId, sendId, receiveId, content, recordTime) VALUES (2008, '15606911111', 'littleQ', '{"sender":"15606911111","receiver":"littleQ","type":"userMessage","content":{"message":"人工","headImg":"images\\headImg\\14.jpg","name":"方法"},"msgid":1,"msgtime":1510283528191}', '2017-11-10');
INSERT INTO t_chatRecord (recordId, sendId, receiveId, content, recordTime) VALUES (2009, 'littleQ', '15606911111', '{"sender":"littleQ","receiver":"15606911111","type":"Message","content":{"tips":["正在转接人工客服，请稍等"]},"msgid":1,"msgtime":1510283528194}', '2017-11-10');
INSERT INTO t_chatRecord (recordId, sendId, receiveId, content, recordTime) VALUES (2010, '15606911111', '10001', '{"sender":"15606911111","receiver":"10001","type":"userMessage","content":{"message":"人工","headImg":"images\\headImg\\14.jpg","name":"方法"},"msgid":1,"msgtime":1510283530504}', '2017-11-10');
INSERT INTO t_chatRecord (recordId, sendId, receiveId, content, recordTime) VALUES (2011, 'littleQ', '15606911111', '{"sender":"littleQ","receiver":"15606911111","type":"Message","content":{"message":"你好呀，我是小Q，你可以问我比如\"我的订单\",\"我的收货地址\"之类的问题哦，也可以输入\"人工\"转到人工客服","headImg":"images/headImg/LQ.jpeg","name":"小Q"},"msgid":1,"msgtime":1510283541025}', '2017-11-10');
INSERT INTO t_chatRecord (recordId, sendId, receiveId, content, recordTime) VALUES (2012, '15606911111', 'littleQ', '{"sender":"15606911111","receiver":"littleQ","type":"userMessage","content":{"message":"人工","headImg":"images\\headImg\\14.jpg","name":"方法"},"msgid":1,"msgtime":1510283543644}', '2017-11-10');
INSERT INTO t_chatRecord (recordId, sendId, receiveId, content, recordTime) VALUES (2013, 'littleQ', '15606911111', '{"sender":"littleQ","receiver":"15606911111","type":"Message","content":{"tips":["正在转接人工客服，请稍等"]},"msgid":1,"msgtime":1510283543646}', '2017-11-10');
INSERT INTO t_chatRecord (recordId, sendId, receiveId, content, recordTime) VALUES (2014, '15606911111', '10001', '{"sender":"15606911111","receiver":"10001","type":"userMessage","content":{"message":"了可点击双氯芬酸蓝灯","headImg":"images\\headImg\\14.jpg","name":"方法"},"msgid":1,"msgtime":1510283544586}', '2017-11-10');
INSERT INTO t_chatRecord (recordId, sendId, receiveId, content, recordTime) VALUES (2015, 'littleQ', '15606911111', '{"sender":"littleQ","receiver":"15606911111","type":"Message","content":{"message":"你好呀，我是小Q，你可以问我比如\"我的订单\",\"我的收货地址\"之类的问题哦，也可以输入\"人工\"转到人工客服","headImg":"images/headImg/LQ.jpeg","name":"小Q"},"msgid":1,"msgtime":1510291548717}', '2017-11-10');
INSERT INTO t_chatRecord (recordId, sendId, receiveId, content, recordTime) VALUES (2016, '15606911111', '10001', '{"sender":"15606911111","receiver":"10001","type":"userMessage","content":{"message":"dsaf&nbsp;","headImg":"images\\headImg\\14.jpg","name":"方法"},"msgid":1,"msgtime":1510291607564}', '2017-11-10');
INSERT INTO t_chatRecord (recordId, sendId, receiveId, content, recordTime) VALUES (2017, '10001', '15606911111', '{"sender":"10001","receiver":"15606911111","type":"touMessge","content":{"message":"fdsaasdf&nbsp;","headImg":"images/headImg/cus.png","name":"客服2"},"msgid":1,"msgtime":1510291612435}', '2017-11-10');
INSERT INTO t_chatRecord (recordId, sendId, receiveId, content, recordTime) VALUES (2018, 'littleQ', '15606914564', '{"sender":"littleQ","receiver":"15606914564","type":"Message","content":{"message":"你好呀，我是小Q，你可以问我比如\"我的订单\",\"我的收货地址\"之类的问题哦，也可以输入\"人工\"转到人工客服","headImg":"images/headImg/LQ.jpeg","name":"小Q"},"msgid":1,"msgtime":1511404438395}', '2017-11-23');
INSERT INTO t_chatRecord (recordId, sendId, receiveId, content, recordTime) VALUES (2019, '15606914564', 'littleQ', '{"sender":"15606914564","receiver":"littleQ","type":"userMessage","content":{"message":"fa","headImg":"images\\headImg\\14.jpg","name":"aaaaaa"},"msgid":1,"msgtime":1511404442179}', '2017-11-23');
INSERT INTO t_chatRecord (recordId, sendId, receiveId, content, recordTime) VALUES (2020, 'littleQ', '15606914564', '{"sender":"littleQ","receiver":"15606914564","type":"Message","content":{"message":"小Q很抱歉哦，无法理解你所说的内容","headImg":"images/headImg/LQ.jpeg","name":"小Q"},"msgid":1,"msgtime":1511404442185}', '2017-11-23');
INSERT INTO t_chatRecord (recordId, sendId, receiveId, content, recordTime) VALUES (2021, '15606914564', 'littleQ', '{"sender":"15606914564","receiver":"littleQ","type":"userMessage","content":{"message":"人工","headImg":"images\\headImg\\14.jpg","name":"aaaaaa"},"msgid":1,"msgtime":1511404546166}', '2017-11-23');
INSERT INTO t_chatRecord (recordId, sendId, receiveId, content, recordTime) VALUES (2022, 'littleQ', '15606914564', '{"sender":"littleQ","receiver":"15606914564","type":"Message","content":{"tips":["正在转接人工客服，请稍等"]},"msgid":1,"msgtime":1511404546169}', '2017-11-23');
INSERT INTO t_chatRecord (recordId, sendId, receiveId, content, recordTime) VALUES (2023, '15606914565', '10001', '{"sender":"15606914565","receiver":"10001","type":"userMessage","content":{"message":"发","headImg":"images\\headImg\\14.jpg","name":"aaaaaa"},"msgid":1,"msgtime":1511404571964}', '2017-11-23');
INSERT INTO t_chatRecord (recordId, sendId, receiveId, content, recordTime) VALUES (2024, '10001', '15606914565', '{"sender":"10001","receiver":"15606914565","type":"touMessge","content":{"message":"发送","headImg":"images/headImg/cus.png","name":"客服2"},"msgid":1,"msgtime":1511404583572}', '2017-11-23');
INSERT INTO t_chatRecord (recordId, sendId, receiveId, content, recordTime) VALUES (2025, '10001', '15606914564', '{"sender":"10001","receiver":"15606914564","type":"touMessge","content":{"message":"范德萨","headImg":"images/headImg/cus.png","name":"客服2"},"msgid":1,"msgtime":1511404590776}', '2017-11-23');
INSERT INTO t_chatRecord (recordId, sendId, receiveId, content, recordTime) VALUES (2026, '10001', '15606914565', '{"sender":"10001","receiver":"15606914565","type":"touMessge","content":{"message":"你","headImg":"images/headImg/cus.png","name":"客服2"},"msgid":1,"msgtime":1511404602099}', '2017-11-23');
INSERT INTO t_chatRecord (recordId, sendId, receiveId, content, recordTime) VALUES (2027, '15606914565', '10001', '{"sender":"15606914565","receiver":"10001","type":"userMessage","content":{"message":"发范德萨发","headImg":"images\\headImg\\14.jpg","name":"aaaaaa"},"msgid":1,"msgtime":1511404756441}', '2017-11-23');
INSERT INTO t_chatRecord (recordId, sendId, receiveId, content, recordTime) VALUES (2028, '15606911111', 'littleQ', '{"sender":"15606911111","receiver":"littleQ","type":"visitorMessage","content":{"message":"人工","headImg":"images\\headImg\\14.jpg","name":"方法"},"msgid":1,"msgtime":1511404830217,"headImg":"images\\headImg\\14.jpg"}', '2017-11-23');
INSERT INTO t_chatRecord (recordId, sendId, receiveId, content, recordTime) VALUES (2029, 'littleQ', '15606911111', '{"sender":"littleQ","receiver":"15606911111","type":"Message","content":{"tips":["正在转接人工客服，请稍等"],"headImg":"images\\headImg\\14.jpg"},"msgid":1,"msgtime":1511404830219,"headImg":"images\\headImg\\14.jpg"}', '2017-11-23');
INSERT INTO t_chatRecord (recordId, sendId, receiveId, content, recordTime) VALUES (2030, 'littleQ', '15606911111', '{"sender":"littleQ","receiver":"15606911111","type":"Message","content":{"message":"你好呀，我是小Q，你可以问我比如\"我的订单\",\"我的收货地址\"之类的问题哦，也可以输入\"人工\"转到人工客服","headImg":"images/headImg/LQ.jpeg","name":"小Q"},"msgid":1,"msgtime":1511405045775}', '2017-11-23');
INSERT INTO t_chatRecord (recordId, sendId, receiveId, content, recordTime) VALUES (2031, '15606911111', 'littleQ', '{"sender":"15606911111","receiver":"littleQ","type":"userMessage","content":{"message":"人工","headImg":"images\\headImg\\14.jpg","name":"方法"},"msgid":1,"msgtime":1511405066979}', '2017-11-23');
INSERT INTO t_chatRecord (recordId, sendId, receiveId, content, recordTime) VALUES (2032, 'littleQ', '15606911111', '{"sender":"littleQ","receiver":"15606911111","type":"Message","content":{"tips":["正在转接人工客服，请稍等"]},"msgid":1,"msgtime":1511405066981}', '2017-11-23');
INSERT INTO t_chatRecord (recordId, sendId, receiveId, content, recordTime) VALUES (2033, '15606911111', '10001', '{"sender":"15606911111","receiver":"10001","type":"userMessage","content":{"message":"jlkjkjk","headImg":"images\\headImg\\14.jpg","name":"方法"},"msgid":1,"msgtime":1511405077497}', '2017-11-23');
INSERT INTO t_chatRecord (recordId, sendId, receiveId, content, recordTime) VALUES (2034, '10001', '15606911111', '{"sender":"10001","receiver":"15606911111","type":"touMessge","content":{"message":"考虑考虑；","headImg":"images/headImg/cus.png","name":"客服2"},"msgid":1,"msgtime":1511405080567}', '2017-11-23');
INSERT INTO t_chatRecord (recordId, sendId, receiveId, content, recordTime) VALUES (2035, '1560691151', '10001', '{"sender":"1560691151","receiver":"10001","type":"userMessage","content":{"message":"旅客极乐空间","headImg":"images\\headImg\\14.jpg","name":"方法"},"msgid":1,"msgtime":1511405097347}', '2017-11-23');
INSERT INTO t_chatRecord (recordId, sendId, receiveId, content, recordTime) VALUES (2036, '10001', '15606911111', '{"sender":"10001","receiver":"15606911111","type":"touMessge","content":{"message":"旅客极乐空间了","headImg":"images/headImg/cus.png","name":"客服2"},"msgid":1,"msgtime":1511405101831}', '2017-11-23');
INSERT INTO t_chatRecord (recordId, sendId, receiveId, content, recordTime) VALUES (2037, 'littleQ', '15606911111', '{"sender":"littleQ","receiver":"15606911111","type":"Message","content":{"message":"你好呀，我是小Q，你可以问我比如\"我的订单\",\"我的收货地址\"之类的问题哦，也可以输入\"人工\"转到人工客服","headImg":"images/headImg/LQ.jpeg","name":"小Q"},"msgid":1,"msgtime":1511405199538}', '2017-11-23');
INSERT INTO t_chatRecord (recordId, sendId, receiveId, content, recordTime) VALUES (2038, '15606911111', 'littleQ', '{"sender":"15606911111","receiver":"littleQ","type":"userMessage","content":{"message":"人工","headImg":"images\\headImg\\14.jpg","name":"方法"},"msgid":1,"msgtime":1511405203763}', '2017-11-23');
INSERT INTO t_chatRecord (recordId, sendId, receiveId, content, recordTime) VALUES (2039, 'littleQ', '15606911111', '{"sender":"littleQ","receiver":"15606911111","type":"Message","content":{"tips":["正在转接人工客服，请稍等"]},"msgid":1,"msgtime":1511405203769}', '2017-11-23');
INSERT INTO t_chatRecord (recordId, sendId, receiveId, content, recordTime) VALUES (2040, '10001', '15606911111', '{"sender":"10001","receiver":"15606911111","type":"touMessge","content":{"message":"您能来","headImg":"images/headImg/cus.png","name":"客服2"},"msgid":1,"msgtime":1511405208914}', '2017-11-23');
INSERT INTO t_chatRecord (recordId, sendId, receiveId, content, recordTime) VALUES (2041, '15606911111', '10001', '{"sender":"15606911111","receiver":"10001","type":"userMessage","content":{"message":"你离开你傻蛋","headImg":"images\\headImg\\14.jpg","name":"方法"},"msgid":1,"msgtime":1511405212388}', '2017-11-23');
INSERT INTO t_chatRecord (recordId, sendId, receiveId, content, recordTime) VALUES (2042, '1560691156111', '10001', '{"sender":"1560691156111","receiver":"10001","type":"userMessage","content":{"message":"法师法师","headImg":"images\\headImg\\14.jpg","name":"方法"},"msgid":1,"msgtime":1511405221731}', '2017-11-23');
INSERT INTO t_chatRecord (recordId, sendId, receiveId, content, recordTime) VALUES (2043, '10001', '1560691156111', '{"sender":"10001","receiver":"1560691156111","type":"touMessge","content":{"message":"分撒旦法三f","headImg":"images/headImg/cus.png","name":"客服2"},"msgid":1,"msgtime":1511405226577}', '2017-11-23');
INSERT INTO t_chatRecord (recordId, sendId, receiveId, content, recordTime) VALUES (2044, '10001', '15606911111', '{"sender":"10001","receiver":"15606911111","type":"touMessge","content":{"message":"分撒旦法三福建可莱丝附件里","headImg":"images/headImg/cus.png","name":"客服2"},"msgid":1,"msgtime":1511405233283}', '2017-11-23');
INSERT INTO t_chatRecord (recordId, sendId, receiveId, content, recordTime) VALUES (2045, '1560691156111', '10001', '{"sender":"1560691156111","receiver":"10001","type":"userMessage","content":{"message":"发生的发生","headImg":"images\\headImg\\14.jpg","name":"方法"},"msgid":1,"msgtime":1511405236531}', '2017-11-23');
INSERT INTO t_chatRecord (recordId, sendId, receiveId, content, recordTime) VALUES (2046, '10001', '1560691156111', '{"sender":"10001","receiver":"1560691156111","type":"touMessge","content":{"message":"发生的发生","headImg":"images/headImg/cus.png","name":"客服2"},"msgid":1,"msgtime":1511405241467}', '2017-11-23');
INSERT INTO t_chatRecord (recordId, sendId, receiveId, content, recordTime) VALUES (2047, 'littleQ', '15606911111', '{"sender":"littleQ","receiver":"15606911111","type":"Message","content":{"message":"你好呀，我是小Q，你可以问我比如\"我的订单\",\"我的收货地址\"之类的问题哦，也可以输入\"人工\"转到人工客服","headImg":"images/headImg/LQ.jpeg","name":"小Q"},"msgid":1,"msgtime":1511406374077}', '2017-11-23');
INSERT INTO t_chatRecord (recordId, sendId, receiveId, content, recordTime) VALUES (2048, '15606911111', 'littleQ', '{"sender":"15606911111","receiver":"littleQ","type":"userMessage","content":{"message":"人工","headImg":"images\\headImg\\14.jpg","name":"方法"},"msgid":1,"msgtime":1511406377756}', '2017-11-23');
INSERT INTO t_chatRecord (recordId, sendId, receiveId, content, recordTime) VALUES (2049, 'littleQ', '15606911111', '{"sender":"littleQ","receiver":"15606911111","type":"Message","content":{"tips":["正在转接人工客服，请稍等"]},"msgid":1,"msgtime":1511406377786}', '2017-11-23');

-- 表：t_comment
DROP TABLE IF EXISTS t_comment;
CREATE TABLE [t_comment] (
  [commentId] integer PRIMARY KEY AUTOINCREMENT, 
  [userPhone] text, 
  [orderId] integer, 
  [commentC] text, 
  [commentTime] datetime, 
  [tradeID] TEXT);
INSERT INTO t_comment (commentId, userPhone, orderId, commentC, commentTime, tradeID) VALUES (6, '15606911111', 6, '发顺丰', '2017-11-03', '10022');
INSERT INTO t_comment (commentId, userPhone, orderId, commentC, commentTime, tradeID) VALUES (7, '15606911111', 6, '发生的发生', '2017-11-03', '10022');
INSERT INTO t_comment (commentId, userPhone, orderId, commentC, commentTime, tradeID) VALUES (8, '15606911111', 6, 'fasfasfdadf', '2017-11-04', '10022');
INSERT INTO t_comment (commentId, userPhone, orderId, commentC, commentTime, tradeID) VALUES (9, '15606911111', 6, 'asfasdfdasdfasdf', '2017-11-04', '10022');
INSERT INTO t_comment (commentId, userPhone, orderId, commentC, commentTime, tradeID) VALUES (10, '15606911111', 6, 'fasfasdfsafasfas', '2017-11-04', '10022');
INSERT INTO t_comment (commentId, userPhone, orderId, commentC, commentTime, tradeID) VALUES (11, '15606911111', 6, 'fdasfasdfsa', '2017-11-04', '10022');
INSERT INTO t_comment (commentId, userPhone, orderId, commentC, commentTime, tradeID) VALUES (12, '15606911111', 6, '', '2017-11-04', '10022');
INSERT INTO t_comment (commentId, userPhone, orderId, commentC, commentTime, tradeID) VALUES (13, '15606911111', 6, 'sdafasdfsaf', '2017-11-04', '10022');
INSERT INTO t_comment (commentId, userPhone, orderId, commentC, commentTime, tradeID) VALUES (14, '15606911111', 6, '', '2017-11-04', '10022');
INSERT INTO t_comment (commentId, userPhone, orderId, commentC, commentTime, tradeID) VALUES (15, '15606911111', 6, 'fasdfasdfsa', '2017-11-04', '10022');
INSERT INTO t_comment (commentId, userPhone, orderId, commentC, commentTime, tradeID) VALUES (16, '15606911111', 6, 'jhkjjklkljkl', '2017-11-06', '10022');
INSERT INTO t_comment (commentId, userPhone, orderId, commentC, commentTime, tradeID) VALUES (17, '15606911111', 3, '大师傅大手动阀', '2017-11-06', '10003');
INSERT INTO t_comment (commentId, userPhone, orderId, commentC, commentTime, tradeID) VALUES (18, '15606911111', 6, '的撒发达', '2017-11-07', '10022');
INSERT INTO t_comment (commentId, userPhone, orderId, commentC, commentTime, tradeID) VALUES (19, '15606911111', 6, '发啊啊发达', '2017-11-07', '10022');
INSERT INTO t_comment (commentId, userPhone, orderId, commentC, commentTime, tradeID) VALUES (20, '15606911111', 31321231157, '你你if南师大', '2017-11-07', '10011');
INSERT INTO t_comment (commentId, userPhone, orderId, commentC, commentTime, tradeID) VALUES (21, '15759312500', 31321231241, '晒比的还', '2017-11-09', '10035');
INSERT INTO t_comment (commentId, userPhone, orderId, commentC, commentTime, tradeID) VALUES (22, '15759312500', 31321231241, '<div>5435</div><div>6456</div>', '2017-11-09', '10035');
INSERT INTO t_comment (commentId, userPhone, orderId, commentC, commentTime, tradeID) VALUES (23, '15759312500', 31321231241, '发生大法师', '2017-11-09', '10035');

-- 表：t_customer
DROP TABLE IF EXISTS t_customer;
CREATE TABLE [t_customer] (
  [customerId] text, 
  [customerPsw] text, 
  [customerImg] text, 
  [customerName] TEXT, 
  CONSTRAINT [sqlite_autoindex_t_customer_1] PRIMARY KEY ([customerId]));
INSERT INTO t_customer (customerId, customerPsw, customerImg, customerName) VALUES ('10000', 'C056Dl/oStNftflbnO6seQ==', 'images/headImg/cus.png', '客服1');
INSERT INTO t_customer (customerId, customerPsw, customerImg, customerName) VALUES ('10001', 'C056Dl/oStNftflbnO6seQ==', 'images/headImg/cus.png', '客服2');
INSERT INTO t_customer (customerId, customerPsw, customerImg, customerName) VALUES ('10002', 'C056Dl/oStNftflbnO6seQ==', 'images/headImg/cus.png', '客服3');
INSERT INTO t_customer (customerId, customerPsw, customerImg, customerName) VALUES ('10003', 'C056Dl/oStNftflbnO6seQ==', 'images/headImg/cus.png', '客服4');
INSERT INTO t_customer (customerId, customerPsw, customerImg, customerName) VALUES ('10004', 'C056Dl/oStNftflbnO6seQ==', 'images/headImg/cus.png', '客服5');
INSERT INTO t_customer (customerId, customerPsw, customerImg, customerName) VALUES ('10005', 'C056Dl/oStNftflbnO6seQ==', 'images/headImg/cus.png', '客服6');
INSERT INTO t_customer (customerId, customerPsw, customerImg, customerName) VALUES ('10006', 'C056Dl/oStNftflbnO6seQ==', 'images/headImg/cus.png', '客服7');
INSERT INTO t_customer (customerId, customerPsw, customerImg, customerName) VALUES ('10007', 'C056Dl/oStNftflbnO6seQ==', 'images/headImg/cus.png', '客服8');
INSERT INTO t_customer (customerId, customerPsw, customerImg, customerName) VALUES ('10008', 'C056Dl/oStNftflbnO6seQ==', 'images/headImg/cus.png', '客服9');
INSERT INTO t_customer (customerId, customerPsw, customerImg, customerName) VALUES ('10009', 'C056Dl/oStNftflbnO6seQ==', 'images/headImg/cus.png', '客服10');
INSERT INTO t_customer (customerId, customerPsw, customerImg, customerName) VALUES ('10010', 'C056Dl/oStNftflbnO6seQ==', 'images/headImg/cus.png', '客服11');
INSERT INTO t_customer (customerId, customerPsw, customerImg, customerName) VALUES ('10011', 'C056Dl/oStNftflbnO6seQ==', 'images/headImg/cus.png', '客服12');

-- 表：t_littleQ
DROP TABLE IF EXISTS t_littleQ;
CREATE TABLE t_littleQ
(
      qusetion text,  
      answer text
);
INSERT INTO t_littleQ (qusetion, answer) VALUES ('商品签收时，应注意什么？', '您收货时，请确保商品的质量、数量、包装、配件等是否相符。如发现外包装破损或商品不符，请在单据上注明原因并予以拒收，同时尽快联系客服。若您签收后才发现快递存在缺件、破损等情况，请在24小时内联系客服并予以举证，逾期不予处理。');
INSERT INTO t_littleQ (qusetion, answer) VALUES ('买到的都是正品吗？', '为保障消费者权益，100%正品是本商城的基本承诺，供货环节层层把关，保证出售的都是原厂正品商品，品质有保障。');
INSERT INTO t_littleQ (qusetion, answer) VALUES ('账户密码忘记如何找回？', '本商城暂不支持账户密码找回，请牢记自己的账户密码');
INSERT INTO t_littleQ (qusetion, answer) VALUES ('收货地址写错了、想换个地址怎么办？', '点击网页右上角“用户中心”，进入“用户中心”页面，选“我的资料”，然后再选择“我的地址”，点击“编辑”可以对收货地址进行修改。点击右上角的加号可以添加新的收货地址，点击“设为默认地址”可以修改正在使用的收货地址。
您也可以直接回复跳转收货地址来跳转到收货地址页面');
INSERT INTO t_littleQ (qusetion, answer) VALUES ('为什么后下的订单先收到了，之前下的订单还没有收到？是按什么顺序发货的？', '为了单位时间内以最快速度处理尽量多订单，我们会适当综合按订单里货品配货的情况安排发货顺序，因此可能会出现订单发货和下单顺序不完全一致的情况。我们会尽一切努力为您尽快发货。');
INSERT INTO t_littleQ (qusetion, answer) VALUES ('下单后可以修改订单吗？ ', '在订单发货之前可以修改，请联系在线客服');
INSERT INTO t_littleQ (qusetion, answer) VALUES ('取消后还能恢复吗？', '订单一旦取消，将无法恢复，请您慎重操作。');
INSERT INTO t_littleQ (qusetion, answer) VALUES ('能否货到付款？', '商城暂不支持货到付款');
INSERT INTO t_littleQ (qusetion, answer) VALUES ('可以开增值税专用发票吗？', '索要增值税专用发票的顾客请联系客服，按照增值税专票流程进行开具。');
INSERT INTO t_littleQ (qusetion, answer) VALUES ('我想办理退货或换货如何操作？', '请联系在线客服来进行退换货');
INSERT INTO t_littleQ (qusetion, answer) VALUES ('如何取消订单？', '在订单支付之前，您可以进入"个人中心-我的订单"自行操作取消订单');
INSERT INTO t_littleQ (qusetion, answer) VALUES ('订单已提交成功，什么时候可以发货？', '订单支付成功后我们会尽快发货');
INSERT INTO t_littleQ (qusetion, answer) VALUES ('我买的东西出现质量问题怎么办？', '如在质保期内，正常使用过程发现质量问题，请立刻联系商城售后客服，我们会竭诚为您服务，为您圆满的解决。');
INSERT INTO t_littleQ (qusetion, answer) VALUES ('网上支付时，如果没有我需要的银行怎么办？', '如果您在网上银行中没有找到需要的银行（比如邮政储蓄银行、平安银行、中信银行等），您可以选择支付宝或者财付通进行支付。');

-- 表：t_order
DROP TABLE IF EXISTS t_order;
CREATE TABLE t_order(
       orderId integer primary key autoincrement,       --订单ID
       tradeId integer,                       		--商品ID
       userPhone text,                         		--用户手机ID(账号)
       addressId integer,                      		--地址ID
       orderStartId integer,                   		--订单状态
       orderTime datetime,                     		--订单时间
       orderAllMoney integer,                     	--订单价格
       orderBuyNum integer,                    		--购买数量
       orderMoney integer				--物品单价

);
INSERT INTO t_order (orderId, tradeId, userPhone, addressId, orderStartId, orderTime, orderAllMoney, orderBuyNum, orderMoney) VALUES (31321231179, 10007, '15606911111', 37, 2, '2017-11-07 18:45:51', 56, 1, 56);
INSERT INTO t_order (orderId, tradeId, userPhone, addressId, orderStartId, orderTime, orderAllMoney, orderBuyNum, orderMoney) VALUES (31321231180, 10004, '15606911111', 37, 2, '2017-11-08 09:30:47', 63, 1, 63);
INSERT INTO t_order (orderId, tradeId, userPhone, addressId, orderStartId, orderTime, orderAllMoney, orderBuyNum, orderMoney) VALUES (31321231181, 10006, '15606911111', 37, 2, '2017-11-08 09:32:08', 135, 1, 135);
INSERT INTO t_order (orderId, tradeId, userPhone, addressId, orderStartId, orderTime, orderAllMoney, orderBuyNum, orderMoney) VALUES (31321231182, 10008, '15606911111', 37, 2, '2017-11-08 09:32:28', 75, 1, 75);
INSERT INTO t_order (orderId, tradeId, userPhone, addressId, orderStartId, orderTime, orderAllMoney, orderBuyNum, orderMoney) VALUES (31321231183, 10008, '15606911111', 37, 2, '2017-11-08 09:34:52', 75, 1, 75);
INSERT INTO t_order (orderId, tradeId, userPhone, addressId, orderStartId, orderTime, orderAllMoney, orderBuyNum, orderMoney) VALUES (31321231184, 10014, '15606911111', 37, 2, '2017-11-08 09:35:10', 130, 1, 130);
INSERT INTO t_order (orderId, tradeId, userPhone, addressId, orderStartId, orderTime, orderAllMoney, orderBuyNum, orderMoney) VALUES (31321231185, 10014, '15606911111', 37, 2, '2017-11-08 09:36:23', 130, 1, 130);
INSERT INTO t_order (orderId, tradeId, userPhone, addressId, orderStartId, orderTime, orderAllMoney, orderBuyNum, orderMoney) VALUES (31321231186, 10016, '15606911111', 37, 2, '2017-11-08 09:37:03', 250, 1, 250);
INSERT INTO t_order (orderId, tradeId, userPhone, addressId, orderStartId, orderTime, orderAllMoney, orderBuyNum, orderMoney) VALUES (31321231187, 10057, '15606911111', 37, 2, '2017-11-08 09:37:50', 24, 2, 12);
INSERT INTO t_order (orderId, tradeId, userPhone, addressId, orderStartId, orderTime, orderAllMoney, orderBuyNum, orderMoney) VALUES (31321231188, 10006, '15606911111', 38, 2, '2017-11-08 09:41:17', 135, 1, 135);
INSERT INTO t_order (orderId, tradeId, userPhone, addressId, orderStartId, orderTime, orderAllMoney, orderBuyNum, orderMoney) VALUES (31321231189, 10006, '15606911111', 38, 2, '2017-11-08 10:28:24', 135, 1, 135);
INSERT INTO t_order (orderId, tradeId, userPhone, addressId, orderStartId, orderTime, orderAllMoney, orderBuyNum, orderMoney) VALUES (31321231190, 10014, '15606911111', 38, 2, '2017-11-08 10:28:35', 130, 1, 130);
INSERT INTO t_order (orderId, tradeId, userPhone, addressId, orderStartId, orderTime, orderAllMoney, orderBuyNum, orderMoney) VALUES (31321231191, 10009, '15606911111', 38, 2, '2017-11-08 11:16:32', 120, 1, 120);
INSERT INTO t_order (orderId, tradeId, userPhone, addressId, orderStartId, orderTime, orderAllMoney, orderBuyNum, orderMoney) VALUES (31321231192, 10024, '15606911111', 38, 2, '2017-11-08 11:18:30', 230, 1, 230);
INSERT INTO t_order (orderId, tradeId, userPhone, addressId, orderStartId, orderTime, orderAllMoney, orderBuyNum, orderMoney) VALUES (31321231193, 10029, '15606911111', 38, 2, '2017-11-08 11:31:45', 55, 1, 55);
INSERT INTO t_order (orderId, tradeId, userPhone, addressId, orderStartId, orderTime, orderAllMoney, orderBuyNum, orderMoney) VALUES (31321231194, 10029, '15606911111', 38, 2, '2017-11-08 11:31:49', 55, 1, 55);
INSERT INTO t_order (orderId, tradeId, userPhone, addressId, orderStartId, orderTime, orderAllMoney, orderBuyNum, orderMoney) VALUES (31321231195, 10029, '15606911111', 38, 2, '2017-11-08 11:32:40', 55, 1, 55);
INSERT INTO t_order (orderId, tradeId, userPhone, addressId, orderStartId, orderTime, orderAllMoney, orderBuyNum, orderMoney) VALUES (31321231196, 10009, '15606911111', 38, 1, '2017-11-08 12:04:02', 120, 1, 120);
INSERT INTO t_order (orderId, tradeId, userPhone, addressId, orderStartId, orderTime, orderAllMoney, orderBuyNum, orderMoney) VALUES (31321231197, 10017, '15606911111', 38, 1, '2017-11-08 12:05:08', 95, 1, 95);
INSERT INTO t_order (orderId, tradeId, userPhone, addressId, orderStartId, orderTime, orderAllMoney, orderBuyNum, orderMoney) VALUES (31321231198, 10024, '15606911111', 38, 1, '2017-11-08 12:07:42', 230, 1, 230);
INSERT INTO t_order (orderId, tradeId, userPhone, addressId, orderStartId, orderTime, orderAllMoney, orderBuyNum, orderMoney) VALUES (31321231199, 10025, '15606911111', 38, 1, '2017-11-08 12:16:24', 150, 1, 150);
INSERT INTO t_order (orderId, tradeId, userPhone, addressId, orderStartId, orderTime, orderAllMoney, orderBuyNum, orderMoney) VALUES (31321231200, 10029, '15606911111', 38, 1, '2017-11-08 12:16:44', 55, 1, 55);
INSERT INTO t_order (orderId, tradeId, userPhone, addressId, orderStartId, orderTime, orderAllMoney, orderBuyNum, orderMoney) VALUES (31321231201, 10032, '15606911111', 38, 1, '2017-11-08 12:17:09', 95, 1, 95);
INSERT INTO t_order (orderId, tradeId, userPhone, addressId, orderStartId, orderTime, orderAllMoney, orderBuyNum, orderMoney) VALUES (31321231202, 10068, '15606911111', 38, 1, '2017-11-08 12:19:50', 672, 1, 672);
INSERT INTO t_order (orderId, tradeId, userPhone, addressId, orderStartId, orderTime, orderAllMoney, orderBuyNum, orderMoney) VALUES (31321231203, 10029, '15606911111', 38, 2, '2017-11-08 12:20:03', 55, 1, 55);
INSERT INTO t_order (orderId, tradeId, userPhone, addressId, orderStartId, orderTime, orderAllMoney, orderBuyNum, orderMoney) VALUES (31321231204, 10009, '156069112546', 39, 2, '2017-11-08 12:26:20', 120, 1, 120);
INSERT INTO t_order (orderId, tradeId, userPhone, addressId, orderStartId, orderTime, orderAllMoney, orderBuyNum, orderMoney) VALUES (31321231205, 10029, '156069112546', 39, 1, '2017-11-08 12:27:30', 110, 2, 55);
INSERT INTO t_order (orderId, tradeId, userPhone, addressId, orderStartId, orderTime, orderAllMoney, orderBuyNum, orderMoney) VALUES (31321231206, 10017, '156069112546', 39, 1, '2017-11-08 12:28:30', 285, 3, 95);
INSERT INTO t_order (orderId, tradeId, userPhone, addressId, orderStartId, orderTime, orderAllMoney, orderBuyNum, orderMoney) VALUES (31321231207, 10009, '156069112546', 39, 2, '2017-11-08 12:45:26.000', 120, 1, 120);
INSERT INTO t_order (orderId, tradeId, userPhone, addressId, orderStartId, orderTime, orderAllMoney, orderBuyNum, orderMoney) VALUES (31321231208, 10023, '156069112546', 39, 2, '2017-11-08 13:12:49', 200, 1, 200);
INSERT INTO t_order (orderId, tradeId, userPhone, addressId, orderStartId, orderTime, orderAllMoney, orderBuyNum, orderMoney) VALUES (31321231209, 10012, '156069112546', 39, 1, '2017-11-08 13:37:35', 135, 1, 135);
INSERT INTO t_order (orderId, tradeId, userPhone, addressId, orderStartId, orderTime, orderAllMoney, orderBuyNum, orderMoney) VALUES (31321231210, 10035, '156069112546', 39, 1, '2017-11-08 14:27:44', 120, 1, 120);
INSERT INTO t_order (orderId, tradeId, userPhone, addressId, orderStartId, orderTime, orderAllMoney, orderBuyNum, orderMoney) VALUES (31321231211, 10039, '156069112546', 39, 2, '2017-11-08 14:28:01', 120, 1, 120);
INSERT INTO t_order (orderId, tradeId, userPhone, addressId, orderStartId, orderTime, orderAllMoney, orderBuyNum, orderMoney) VALUES (31321231212, 10060, '156069112546', 39, 0, '2017-11-08 15:15:31', 9, 1, 9);
INSERT INTO t_order (orderId, tradeId, userPhone, addressId, orderStartId, orderTime, orderAllMoney, orderBuyNum, orderMoney) VALUES (31321231213, 10031, '15606911111', 38, 2, '2017-11-08 16:13:30', 55, 1, 55);
INSERT INTO t_order (orderId, tradeId, userPhone, addressId, orderStartId, orderTime, orderAllMoney, orderBuyNum, orderMoney) VALUES (31321231214, 10063, '15606911111', 38, 1, '2017-11-08 16:13:44', 553, 1, 553);
INSERT INTO t_order (orderId, tradeId, userPhone, addressId, orderStartId, orderTime, orderAllMoney, orderBuyNum, orderMoney) VALUES (31321231215, 10080, '15606911111', 38, 1, '2017-11-08 16:30:50', 25, 1, 25);
INSERT INTO t_order (orderId, tradeId, userPhone, addressId, orderStartId, orderTime, orderAllMoney, orderBuyNum, orderMoney) VALUES (31321231216, 10031, '15606911111', 38, 2, '2017-11-08 16:31:24', 55, 1, 55);
INSERT INTO t_order (orderId, tradeId, userPhone, addressId, orderStartId, orderTime, orderAllMoney, orderBuyNum, orderMoney) VALUES (31321231217, 10031, '15606911111', 38, 2, '2017-11-08 16:42:00', 55, 1, 55);
INSERT INTO t_order (orderId, tradeId, userPhone, addressId, orderStartId, orderTime, orderAllMoney, orderBuyNum, orderMoney) VALUES (31321231218, 10031, '15606911111', 38, 2, '2017-11-08 16:44:33', 55, 1, 55);
INSERT INTO t_order (orderId, tradeId, userPhone, addressId, orderStartId, orderTime, orderAllMoney, orderBuyNum, orderMoney) VALUES (31321231219, 10031, '15606911111', 38, 2, '2017-11-08 16:53:07', 55, 1, 55);
INSERT INTO t_order (orderId, tradeId, userPhone, addressId, orderStartId, orderTime, orderAllMoney, orderBuyNum, orderMoney) VALUES (31321231220, 10031, '15606911111', 38, 2, '2017-11-08 16:53:26', 55, 1, 55);
INSERT INTO t_order (orderId, tradeId, userPhone, addressId, orderStartId, orderTime, orderAllMoney, orderBuyNum, orderMoney) VALUES (31321231221, 10031, '15606911111', 38, 2, '2017-11-08 16:53:59', 55, 1, 55);
INSERT INTO t_order (orderId, tradeId, userPhone, addressId, orderStartId, orderTime, orderAllMoney, orderBuyNum, orderMoney) VALUES (31321231222, 10031, '15606911111', 38, 2, '2017-11-08 16:55:07', 55, 1, 55);
INSERT INTO t_order (orderId, tradeId, userPhone, addressId, orderStartId, orderTime, orderAllMoney, orderBuyNum, orderMoney) VALUES (31321231223, 10062, '15606911111', 38, 2, '2017-11-08 16:58:47', 1200, 1, 1200);
INSERT INTO t_order (orderId, tradeId, userPhone, addressId, orderStartId, orderTime, orderAllMoney, orderBuyNum, orderMoney) VALUES (31321231224, 10082, '15606911111', 38, 2, '2017-11-08 16:59:34', 57, 1, 57);
INSERT INTO t_order (orderId, tradeId, userPhone, addressId, orderStartId, orderTime, orderAllMoney, orderBuyNum, orderMoney) VALUES (31321231225, 10082, '15606911111', 38, 2, '2017-11-08 16:59:54', 57, 1, 57);
INSERT INTO t_order (orderId, tradeId, userPhone, addressId, orderStartId, orderTime, orderAllMoney, orderBuyNum, orderMoney) VALUES (31321231226, 10022, '136008127777', 40, 2, '2017-11-08 19:29:53', 360, 3, 120);
INSERT INTO t_order (orderId, tradeId, userPhone, addressId, orderStartId, orderTime, orderAllMoney, orderBuyNum, orderMoney) VALUES (31321231227, 10022, '15606911111', 38, 2, '2017-11-08 19:29:55', 360, 3, 120);
INSERT INTO t_order (orderId, tradeId, userPhone, addressId, orderStartId, orderTime, orderAllMoney, orderBuyNum, orderMoney) VALUES (31321231228, 10022, '15606911111', 38, 2, '2017-11-08 19:30:11', 360, 3, 120);
INSERT INTO t_order (orderId, tradeId, userPhone, addressId, orderStartId, orderTime, orderAllMoney, orderBuyNum, orderMoney) VALUES (31321231229, 10022, '136008127777', 40, 2, '2017-11-08 19:30:18', 360, 3, 120);
INSERT INTO t_order (orderId, tradeId, userPhone, addressId, orderStartId, orderTime, orderAllMoney, orderBuyNum, orderMoney) VALUES (31321231230, 10022, '15606911111', 38, 1, '2017-11-08 19:48:33', 360, 3, 120);
INSERT INTO t_order (orderId, tradeId, userPhone, addressId, orderStartId, orderTime, orderAllMoney, orderBuyNum, orderMoney) VALUES (31321231231, 10041, '15606911111', 45, 2, '2017-11-08 20:52:52', 78, 1, 78);
INSERT INTO t_order (orderId, tradeId, userPhone, addressId, orderStartId, orderTime, orderAllMoney, orderBuyNum, orderMoney) VALUES (31321231232, 10030, '15606911234', 46, 2, '2017-11-08 21:00:50', 65, 1, 65);
INSERT INTO t_order (orderId, tradeId, userPhone, addressId, orderStartId, orderTime, orderAllMoney, orderBuyNum, orderMoney) VALUES (31321231233, 10030, '15606911111', 45, 1, '2017-11-08 21:01:20', 65, 1, 65);
INSERT INTO t_order (orderId, tradeId, userPhone, addressId, orderStartId, orderTime, orderAllMoney, orderBuyNum, orderMoney) VALUES (31321231234, 10030, '15606911117', 47, 1, '2017-11-08 21:08:00', 65, 1, 65);
INSERT INTO t_order (orderId, tradeId, userPhone, addressId, orderStartId, orderTime, orderAllMoney, orderBuyNum, orderMoney) VALUES (31321231235, 10001, '15606911111', 45, 2, '2017-11-09 07:00:04', 75, 1, 75);
INSERT INTO t_order (orderId, tradeId, userPhone, addressId, orderStartId, orderTime, orderAllMoney, orderBuyNum, orderMoney) VALUES (31321231236, 10009, '15606911111', 45, 2, '2017-11-09 12:00:25', 120, 1, 120);
INSERT INTO t_order (orderId, tradeId, userPhone, addressId, orderStartId, orderTime, orderAllMoney, orderBuyNum, orderMoney) VALUES (31321231237, 10009, '15606911111', 45, 2, '2017-11-09 12:04:18', 120, 1, 120);
INSERT INTO t_order (orderId, tradeId, userPhone, addressId, orderStartId, orderTime, orderAllMoney, orderBuyNum, orderMoney) VALUES (31321231238, 10011, '15606911111', 45, 2, '2017-11-09 14:26:51', 156, 1, 156);
INSERT INTO t_order (orderId, tradeId, userPhone, addressId, orderStartId, orderTime, orderAllMoney, orderBuyNum, orderMoney) VALUES (31321231239, 10011, '15606911111', 45, 2, '2017-11-09 14:27:04', 156, 1, 156);
INSERT INTO t_order (orderId, tradeId, userPhone, addressId, orderStartId, orderTime, orderAllMoney, orderBuyNum, orderMoney) VALUES (31321231240, 10011, '15606911111', 45, 2, '2017-11-09 14:27:19', 156, 1, 156);
INSERT INTO t_order (orderId, tradeId, userPhone, addressId, orderStartId, orderTime, orderAllMoney, orderBuyNum, orderMoney) VALUES (31321231241, 10035, '15759312500', 48, 1, '2017-11-09 14:30:53', 120, 1, 120);
INSERT INTO t_order (orderId, tradeId, userPhone, addressId, orderStartId, orderTime, orderAllMoney, orderBuyNum, orderMoney) VALUES (31321231242, 10013, '15759312500', 48, 2, '2017-11-09 14:36:25', 530, 1, 530);
INSERT INTO t_order (orderId, tradeId, userPhone, addressId, orderStartId, orderTime, orderAllMoney, orderBuyNum, orderMoney) VALUES (31321231243, 10013, '15759312500', 48, 2, '2017-11-09 14:36:45', 1590, 3, 530);
INSERT INTO t_order (orderId, tradeId, userPhone, addressId, orderStartId, orderTime, orderAllMoney, orderBuyNum, orderMoney) VALUES (31321231244, 10013, '15759312500', 48, 2, '2017-11-09 14:36:57', 1590, 3, 530);
INSERT INTO t_order (orderId, tradeId, userPhone, addressId, orderStartId, orderTime, orderAllMoney, orderBuyNum, orderMoney) VALUES (31321231245, 10011, '15759312500', 48, 2, '2017-11-09 14:37:26', 156, 1, 156);
INSERT INTO t_order (orderId, tradeId, userPhone, addressId, orderStartId, orderTime, orderAllMoney, orderBuyNum, orderMoney) VALUES (31321231246, 10031, '15759312500', 51, 2, '2017-11-09 15:26:10', 55, 1, 55);
INSERT INTO t_order (orderId, tradeId, userPhone, addressId, orderStartId, orderTime, orderAllMoney, orderBuyNum, orderMoney) VALUES (31321231247, 10063, '15759312500', 51, 2, '2017-11-09 15:38:02', 553, 1, 553);
INSERT INTO t_order (orderId, tradeId, userPhone, addressId, orderStartId, orderTime, orderAllMoney, orderBuyNum, orderMoney) VALUES (31321231248, 10062, '15759312500', 55, 1, '2017-11-09 16:22:35', 1200, 1, 1200);
INSERT INTO t_order (orderId, tradeId, userPhone, addressId, orderStartId, orderTime, orderAllMoney, orderBuyNum, orderMoney) VALUES (31321231249, 10063, '15759312500', 55, 0, '2017-11-09 16:23:18', 553, 1, 553);
INSERT INTO t_order (orderId, tradeId, userPhone, addressId, orderStartId, orderTime, orderAllMoney, orderBuyNum, orderMoney) VALUES (31321231250, 10031, '15606911111', 45, 2, '2017-11-09 16:48:53', 55, 1, 55);
INSERT INTO t_order (orderId, tradeId, userPhone, addressId, orderStartId, orderTime, orderAllMoney, orderBuyNum, orderMoney) VALUES (31321231251, 10062, '15606911111', 45, 2, '2017-11-09 16:49:42', 1200, 1, 1200);
INSERT INTO t_order (orderId, tradeId, userPhone, addressId, orderStartId, orderTime, orderAllMoney, orderBuyNum, orderMoney) VALUES (31321231252, 10062, '15606911111', 45, 2, '2017-11-09 16:50:32', 1200, 1, 1200);
INSERT INTO t_order (orderId, tradeId, userPhone, addressId, orderStartId, orderTime, orderAllMoney, orderBuyNum, orderMoney) VALUES (31321231253, 10031, '15606911111', 45, 2, '2017-11-09 16:50:45', 55, 1, 55);
INSERT INTO t_order (orderId, tradeId, userPhone, addressId, orderStartId, orderTime, orderAllMoney, orderBuyNum, orderMoney) VALUES (31321231254, 10008, '15606911111', 45, 2, '2017-11-10 10:24:07', 75, 1, 75);
INSERT INTO t_order (orderId, tradeId, userPhone, addressId, orderStartId, orderTime, orderAllMoney, orderBuyNum, orderMoney) VALUES (31321231255, 10008, '15606911111', 45, 2, '2017-11-10 10:24:24', 150, 2, 75);
INSERT INTO t_order (orderId, tradeId, userPhone, addressId, orderStartId, orderTime, orderAllMoney, orderBuyNum, orderMoney) VALUES (31321231256, 10008, '15606911111', 45, 1, '2017-11-10 10:25:17', 150, 2, 75);
INSERT INTO t_order (orderId, tradeId, userPhone, addressId, orderStartId, orderTime, orderAllMoney, orderBuyNum, orderMoney) VALUES (31321231257, 10006, '15606911111', 45, 1, '2017-11-10 10:25:35', 135, 1, 135);
INSERT INTO t_order (orderId, tradeId, userPhone, addressId, orderStartId, orderTime, orderAllMoney, orderBuyNum, orderMoney) VALUES (31321231258, 10009, '15606911111', 45, 2, '2017-11-10 11:04:07', 120, 1, 120);
INSERT INTO t_order (orderId, tradeId, userPhone, addressId, orderStartId, orderTime, orderAllMoney, orderBuyNum, orderMoney) VALUES (31321231259, 10004, '15606911111', 45, 1, '2017-11-10 10:59:59', 63, 1, 63);
INSERT INTO t_order (orderId, tradeId, userPhone, addressId, orderStartId, orderTime, orderAllMoney, orderBuyNum, orderMoney) VALUES (31321231260, 10009, '15606911111', 45, 2, '2017-11-10 11:00:23', 120, 1, 120);
INSERT INTO t_order (orderId, tradeId, userPhone, addressId, orderStartId, orderTime, orderAllMoney, orderBuyNum, orderMoney) VALUES (31321231261, 10035, '15606911111', 56, 0, '2017-11-10 13:25:20', 120, 1, 120);

-- 表：t_Time
DROP TABLE IF EXISTS t_Time;
CREATE TABLE [t_Time] (
  [skId] integer PRIMARY KEY AUTOINCREMENT, 
  [skStartTime] INTEGER, 
  [skEndTime] INTEGER);
INSERT INTO t_Time (skId, skStartTime, skEndTime) VALUES (1, 7, 9);
INSERT INTO t_Time (skId, skStartTime, skEndTime) VALUES (2, 9, 11);
INSERT INTO t_Time (skId, skStartTime, skEndTime) VALUES (3, 11, 13);
INSERT INTO t_Time (skId, skStartTime, skEndTime) VALUES (4, 13, 15);
INSERT INTO t_Time (skId, skStartTime, skEndTime) VALUES (5, 15, 17);
INSERT INTO t_Time (skId, skStartTime, skEndTime) VALUES (6, 17, 19);
INSERT INTO t_Time (skId, skStartTime, skEndTime) VALUES (7, 19, 21);
INSERT INTO t_Time (skId, skStartTime, skEndTime) VALUES (8, 21, 23);

-- 表：t_trade
DROP TABLE IF EXISTS t_trade;
CREATE TABLE [t_trade] (
  [tradeId] integer PRIMARY KEY AUTOINCREMENT, 
  [tradeName] text, 
  [tradePrice] integer, 
  [tradeSalePrice] integer, 
  [tradeInventory] integer, 
  [tradeImg] text, 
  [tradeLimit] integer, 
  [tradeSKTimeId] integer, 
  [tradeClassify] integer, 
  [tradeInfo] text, 
  [tradeSale] integer, 
  [littleNum] integer DEFAULT 5, 
  [tradeSaler] text DEFAULT ('商城自营'), 
  [wantSaleNum] text);
INSERT INTO t_trade (tradeId, tradeName, tradePrice, tradeSalePrice, tradeInventory, tradeImg, tradeLimit, tradeSKTimeId, tradeClassify, tradeInfo, tradeSale, littleNum, tradeSaler, wantSaleNum) VALUES (10001, '火山爆发沙漏计时器摆件', 150, 75, 6584, 'images/trade/commodity01_1.jpg', 1, 1, 1, '火山爆发', 3543, 5, '豆豆小铺', '10128');
INSERT INTO t_trade (tradeId, tradeName, tradePrice, tradeSalePrice, tradeInventory, tradeImg, tradeLimit, tradeSKTimeId, tradeClassify, tradeInfo, tradeSale, littleNum, tradeSaler, wantSaleNum) VALUES (10002, '个性发光抱枕', 132, 65, 12352, 'images/trade/commodity02_1.jpg', 1, 1, 1, '酷炫抱枕', 35434, 5, '蛋蛋之家', '47786');
INSERT INTO t_trade (tradeId, tradeName, tradePrice, tradeSalePrice, tradeInventory, tradeImg, tradeLimit, tradeSKTimeId, tradeClassify, tradeInfo, tradeSale, littleNum, tradeSaler, wantSaleNum) VALUES (10003, '鲨鱼羽绒棉公仔娃娃', 89, 65, 2538, 'images/trade/commodity03_1.jpg', 1, 1, 1, '可爱的鳄鱼', 4432, 5, '公仔屋', '6970');
INSERT INTO t_trade (tradeId, tradeName, tradePrice, tradeSalePrice, tradeInventory, tradeImg, tradeLimit, tradeSKTimeId, tradeClassify, tradeInfo, tradeSale, littleNum, tradeSaler, wantSaleNum) VALUES (10004, '萌物可爱仓鼠抱枕', 95, 63, 424, 'images/trade/commodity04_1.jpg', 2, 2, 1, '萌萌的抱枕，限时抢购', 354, 5, '公仔屋', '779');
INSERT INTO t_trade (tradeId, tradeName, tradePrice, tradeSalePrice, tradeInventory, tradeImg, tradeLimit, tradeSKTimeId, tradeClassify, tradeInfo, tradeSale, littleNum, tradeSaler, wantSaleNum) VALUES (10005, '创意欧式摩天轮室内装饰', 239, 125, 864, 'images/trade/commodity05_1.jpg', 2, 2, 1, '动感摩天轮', 3455, 5, '公仔屋', '4319');
INSERT INTO t_trade (tradeId, tradeName, tradePrice, tradeSalePrice, tradeInventory, tradeImg, tradeLimit, tradeSKTimeId, tradeClassify, tradeInfo, tradeSale, littleNum, tradeSaler, wantSaleNum) VALUES (10006, '个性家居饰品树脂抽象人脸摆件', 356, 135, 963, 'images/trade/commodity95_1.jpg', 2, 2, 1, '个性摆件，装饰你的家', 3544, 5, '小家旗舰店', '4508');
INSERT INTO t_trade (tradeId, tradeName, tradePrice, tradeSalePrice, tradeInventory, tradeImg, tradeLimit, tradeSKTimeId, tradeClassify, tradeInfo, tradeSale, littleNum, tradeSaler, wantSaleNum) VALUES (10007, '琉璃碗勺套装', 231, 56, 1286, 'images/trade/commodity97_1.jpg', 10, 6, 1, '琉璃碗勺', 3543, 5, '小家旗舰店', '4868');
INSERT INTO t_trade (tradeId, tradeName, tradePrice, tradeSalePrice, tradeInventory, tradeImg, tradeLimit, tradeSKTimeId, tradeClassify, tradeInfo, tradeSale, littleNum, tradeSaler, wantSaleNum) VALUES (10008, '现代家居装饰品', 123, 75, 3450, 'images/trade/commodity98_1.jpg', 2, 2, 1, '黑白双色', 4524, 5, '小家旗舰店', '7976');
INSERT INTO t_trade (tradeId, tradeName, tradePrice, tradeSalePrice, tradeInventory, tradeImg, tradeLimit, tradeSKTimeId, tradeClassify, tradeInfo, tradeSale, littleNum, tradeSaler, wantSaleNum) VALUES (10009, '美式家居金色个性沙漏倒计时', 320, 120, 5460, 'images/trade/commodity99_1.jpg', 1, 3, 1, '宫廷风撒沙漏', 245, 5, '豆豆小铺', '5710');
INSERT INTO t_trade (tradeId, tradeName, tradePrice, tradeSalePrice, tradeInventory, tradeImg, tradeLimit, tradeSKTimeId, tradeClassify, tradeInfo, tradeSale, littleNum, tradeSaler, wantSaleNum) VALUES (10010, '抓妖记个性创意摆件', 352, 99, 54665, 'images/trade/commodity100_1.jpg', 5, 1, 1, '胡巴摆件', 24253, 5, '豆豆小铺', '78918');
INSERT INTO t_trade (tradeId, tradeName, tradePrice, tradeSalePrice, tradeInventory, tradeImg, tradeLimit, tradeSKTimeId, tradeClassify, tradeInfo, tradeSale, littleNum, tradeSaler, wantSaleNum) VALUES (10011, 'Razer雷蛇Mamba曼巴眼镜蛇竞技鼠标', 356, 156, 1654, 'images/trade/commodity34_1.jpg', 3, 4, 2, '雷蛇鼠标', 3543, 5, '雷蛇旗舰店', '5197');
INSERT INTO t_trade (tradeId, tradeName, tradePrice, tradeSalePrice, tradeInventory, tradeImg, tradeLimit, tradeSKTimeId, tradeClassify, tradeInfo, tradeSale, littleNum, tradeSaler, wantSaleNum) VALUES (10012, 'TP-LINK无线路由器', 235, 135, 45614, 'images/trade/commodity35_1.jpg', 1, 4, 2, '穿墙王', 34345, 5, '蛋蛋之家', '79960');
INSERT INTO t_trade (tradeId, tradeName, tradePrice, tradeSalePrice, tradeInventory, tradeImg, tradeLimit, tradeSKTimeId, tradeClassify, tradeInfo, tradeSale, littleNum, tradeSaler, wantSaleNum) VALUES (10013, 'B250M-PLUS电脑游戏主板', 632, 530, 33788, 'images/trade/commodity36_1.jpg', 3, 4, 2, ' 中端制霸', 45354, 5, '玄奇电子', '79139');
INSERT INTO t_trade (tradeId, tradeName, tradePrice, tradeSalePrice, tradeInventory, tradeImg, tradeLimit, tradeSKTimeId, tradeClassify, tradeInfo, tradeSale, littleNum, tradeSaler, wantSaleNum) VALUES (10014, 'SA-S88无线蓝牙音箱电脑手机音响', 198, 130, 333, 'images/trade/commodity38_1.jpg', 2, 2, 2, ' 随身带音响', 54, 5, '玄奇电子', '387');
INSERT INTO t_trade (tradeId, tradeName, tradePrice, tradeSalePrice, tradeInventory, tradeImg, tradeLimit, tradeSKTimeId, tradeClassify, tradeInfo, tradeSale, littleNum, tradeSaler, wantSaleNum) VALUES (10015, '正品迪士尼32g优盘板', 199, 95, 323, 'images/trade/commodity44_1.jpg', 3, 1, 2, ' 小巧方便', 642, 5, '玄奇电子', '965');
INSERT INTO t_trade (tradeId, tradeName, tradePrice, tradeSalePrice, tradeInventory, tradeImg, tradeLimit, tradeSKTimeId, tradeClassify, tradeInfo, tradeSale, littleNum, tradeSaler, wantSaleNum) VALUES (10016, 'UFO蓝牙耳机运动无线耳塞', 269, 250, 998, 'images/trade/commodity45_1.jpg', 2, 2, 2, ' 无线耳塞', 87, 5, '玄奇电子', '1086');
INSERT INTO t_trade (tradeId, tradeName, tradePrice, tradeSalePrice, tradeInventory, tradeImg, tradeLimit, tradeSKTimeId, tradeClassify, tradeInfo, tradeSale, littleNum, tradeSaler, wantSaleNum) VALUES (10017, '狼蛛掌控者机械键盘', 199, 95, 759, 'images/trade/commodity46_1.jpg', 3, 3, 2, ' 游戏键盘', 682, 5, '蛋蛋之家', '1445');
INSERT INTO t_trade (tradeId, tradeName, tradePrice, tradeSalePrice, tradeInventory, tradeImg, tradeLimit, tradeSKTimeId, tradeClassify, tradeInfo, tradeSale, littleNum, tradeSaler, wantSaleNum) VALUES (10018, '安卓苹果手机拉伸手柄', 356, 152, 8000, 'images/trade/commodity47_1.jpg', 5, 1, 2, ' 小巧灵便', 9455, 5, '蛋蛋之家', '17455');
INSERT INTO t_trade (tradeId, tradeName, tradePrice, tradeSalePrice, tradeInventory, tradeImg, tradeLimit, tradeSKTimeId, tradeClassify, tradeInfo, tradeSale, littleNum, tradeSaler, wantSaleNum) VALUES (10019, 'usb电脑steam有线pc游戏手柄', 375, 235, 93354, 'images/trade/commodity48_1.jpg', 2, 6, 2, ' 游戏手柄', 24354, 5, '豆豆小铺', '117710');
INSERT INTO t_trade (tradeId, tradeName, tradePrice, tradeSalePrice, tradeInventory, tradeImg, tradeLimit, tradeSKTimeId, tradeClassify, tradeInfo, tradeSale, littleNum, tradeSaler, wantSaleNum) VALUES (10020, '锐族X02运动MP3MP4音乐播放器', 325, 46, 7465, 'images/trade/commodity49_1.jpg', 1, 6, 2, ' 音乐播放器', 5354, 5, '玄奇电子', '12820');
INSERT INTO t_trade (tradeId, tradeName, tradePrice, tradeSalePrice, tradeInventory, tradeImg, tradeLimit, tradeSKTimeId, tradeClassify, tradeInfo, tradeSale, littleNum, tradeSaler, wantSaleNum) VALUES (10021, '小霸王游戏机掌机', 500, 250, 300, 'images/trade/commodity50_1.jpg', 3, 1, 2, ' 小霸王游戏机强势归来', 678, 5, '玄奇电子', '978');
INSERT INTO t_trade (tradeId, tradeName, tradePrice, tradeSalePrice, tradeInventory, tradeImg, tradeLimit, tradeSKTimeId, tradeClassify, tradeInfo, tradeSale, littleNum, tradeSaler, wantSaleNum) VALUES (10022, '漫步者R101V笔记本电脑音响', 135, 120, 832, 'images/trade/commodity51_1.jpg', 3, 7, 2, ' 高端音效', 3452, 5, '玄奇电子', '4287');
INSERT INTO t_trade (tradeId, tradeName, tradePrice, tradeSalePrice, tradeInventory, tradeImg, tradeLimit, tradeSKTimeId, tradeClassify, tradeInfo, tradeSale, littleNum, tradeSaler, wantSaleNum) VALUES (10023, 'K2双耳无线蓝牙耳机超小', 350, 200, 324, 'images/trade/commodity52_1.jpg', 1, 4, 2, ' 蓝牙耳机', 3485, 5, '玄奇电子', '3810');
INSERT INTO t_trade (tradeId, tradeName, tradePrice, tradeSalePrice, tradeInventory, tradeImg, tradeLimit, tradeSKTimeId, tradeClassify, tradeInfo, tradeSale, littleNum, tradeSaler, wantSaleNum) VALUES (10024, '鲜花礼盒全国速递红玫瑰', 350, 230, 1560, 'images/trade/commodity53_1.jpg', 1, 3, 3, '爱TA就送TA红玫瑰', 3453, 5, '豆豆小铺', '5014');
INSERT INTO t_trade (tradeId, tradeName, tradePrice, tradeSalePrice, tradeInventory, tradeImg, tradeLimit, tradeSKTimeId, tradeClassify, tradeInfo, tradeSale, littleNum, tradeSaler, wantSaleNum) VALUES (10025, 'DILOVE进口永生花礼盒', 230, 150, 565, 'images/trade/commodity54_1.jpg', 2, 3, 3, '送礼精选', 3453, 5, '豆豆小铺', '4019');
INSERT INTO t_trade (tradeId, tradeName, tradePrice, tradeSalePrice, tradeInventory, tradeImg, tradeLimit, tradeSKTimeId, tradeClassify, tradeInfo, tradeSale, littleNum, tradeSaler, wantSaleNum) VALUES (10026, '多肉好养套餐绿植花卉盆栽', 75, 21.8, 5646, 'images/trade/commodity55_1.jpg', 1, 7, 3, '多肉新手套餐', 3213, 5, '豆豆小铺', '8859');
INSERT INTO t_trade (tradeId, tradeName, tradePrice, tradeSalePrice, tradeInventory, tradeImg, tradeLimit, tradeSKTimeId, tradeClassify, tradeInfo, tradeSale, littleNum, tradeSaler, wantSaleNum) VALUES (10027, 'hellokitty凯蒂猫玩偶花束', 130, 53, 2314, 'images/trade/commodity56_1.jpg', 2, 2, 3, 'HelloKitty小人', 321, 5, '蛋蛋之家', '2635');
INSERT INTO t_trade (tradeId, tradeName, tradePrice, tradeSalePrice, tradeInventory, tradeImg, tradeLimit, tradeSKTimeId, tradeClassify, tradeInfo, tradeSale, littleNum, tradeSaler, wantSaleNum) VALUES (10028, '仿真花小黄人大眼萌创意公仔玩偶花束', 130, 76, 1560, 'images/trade/commodity57_1.jpg', 2, 6, 3, '小黄人！', 3453, 5, '蛋蛋之家', '5014');
INSERT INTO t_trade (tradeId, tradeName, tradePrice, tradeSalePrice, tradeInventory, tradeImg, tradeLimit, tradeSKTimeId, tradeClassify, tradeInfo, tradeSale, littleNum, tradeSaler, wantSaleNum) VALUES (10029, '卡通花束小熊花束', 150, 55, 1545, 'images/trade/commodity58_1.jpg', 2, 3, 3, '卡通小熊！', 1268, 5, '蛋蛋之家', '2820');
INSERT INTO t_trade (tradeId, tradeName, tradePrice, tradeSalePrice, tradeInventory, tradeImg, tradeLimit, tradeSKTimeId, tradeClassify, tradeInfo, tradeSale, littleNum, tradeSaler, wantSaleNum) VALUES (10030, '玫瑰香皂花', 75, 65, 6529, 'images/trade/commodity59_1.jpg', 1, 8, 3, '香皂香花', 3568, 5, '豆豆小铺', '10099');
INSERT INTO t_trade (tradeId, tradeName, tradePrice, tradeSalePrice, tradeInventory, tradeImg, tradeLimit, tradeSKTimeId, tradeClassify, tradeInfo, tradeSale, littleNum, tradeSaler, wantSaleNum) VALUES (10031, '创意肥皂玫瑰香皂花束', 75, 55, 63410001, 'images/trade/commodity60_1.jpg', 1, 5, 3, '香皂香花', 23874, 5, '豆豆小铺', '30219');
INSERT INTO t_trade (tradeId, tradeName, tradePrice, tradeSalePrice, tradeInventory, tradeImg, tradeLimit, tradeSKTimeId, tradeClassify, tradeInfo, tradeSale, littleNum, tradeSaler, wantSaleNum) VALUES (10032, '玫瑰花束香皂花礼盒', 130, 95, 542, 'images/trade/commodity61_1.jpg', 1, 3, 3, '香皂香花，代写贺卡', 321, 5, '豆豆小铺', '864');
INSERT INTO t_trade (tradeId, tradeName, tradePrice, tradeSalePrice, tradeInventory, tradeImg, tradeLimit, tradeSKTimeId, tradeClassify, tradeInfo, tradeSale, littleNum, tradeSaler, wantSaleNum) VALUES (10033, '玫瑰香皂花礼盒', 230, 120, 3453, 'images/trade/commodity62_1.jpg', 1, 1, 3, '香皂香花，免费刻字', 324, 5, '豆豆小铺', '3777');
INSERT INTO t_trade (tradeId, tradeName, tradePrice, tradeSalePrice, tradeInventory, tradeImg, tradeLimit, tradeSKTimeId, tradeClassify, tradeInfo, tradeSale, littleNum, tradeSaler, wantSaleNum) VALUES (10034, '浪漫实用金箔玫瑰花', 230, 220, 1532, 'images/trade/commodity64_1.jpg', 1, 7, 4, '免费刻字，会说话的金玫瑰', 231, 5, '话礼礼品店', '1763');
INSERT INTO t_trade (tradeId, tradeName, tradePrice, tradeSalePrice, tradeInventory, tradeImg, tradeLimit, tradeSKTimeId, tradeClassify, tradeInfo, tradeSale, littleNum, tradeSaler, wantSaleNum) VALUES (10035, '金箔金玫瑰', 230, 120, 34209, 'images/trade/commodity65_1.jpg', 1, 4, 4, '金玫瑰，竹简情书', 34531, 5, '话礼礼品店', '68743');
INSERT INTO t_trade (tradeId, tradeName, tradePrice, tradeSalePrice, tradeInventory, tradeImg, tradeLimit, tradeSKTimeId, tradeClassify, tradeInfo, tradeSale, littleNum, tradeSaler, wantSaleNum) VALUES (10036, '倾爱镀金玫瑰花束', 320, 130, 6654, 'images/trade/commodity66_1.jpg', 1, 6, 4, '表白神器', 312, 5, '话礼礼品店', '6968');
INSERT INTO t_trade (tradeId, tradeName, tradePrice, tradeSalePrice, tradeInventory, tradeImg, tradeLimit, tradeSKTimeId, tradeClassify, tradeInfo, tradeSale, littleNum, tradeSaler, wantSaleNum) VALUES (10037, '公司促销单支玫瑰香皂花', 120, 54, 7657, 'images/trade/commodity67_1.jpg', 1, 7, 4, '金箔玫瑰花', 12321, 5, '话礼礼品店', '19978');
INSERT INTO t_trade (tradeId, tradeName, tradePrice, tradeSalePrice, tradeInventory, tradeImg, tradeLimit, tradeSKTimeId, tradeClassify, tradeInfo, tradeSale, littleNum, tradeSaler, wantSaleNum) VALUES (10038, '趴趴狗毛绒玩具狗', 120, 100, 7897, 'images/trade/commodity76_1.jpg', 1, 2, 4, '毛绒狗狗', 245, 5, '话礼礼品店', '8142');
INSERT INTO t_trade (tradeId, tradeName, tradePrice, tradeSalePrice, tradeInventory, tradeImg, tradeLimit, tradeSKTimeId, tradeClassify, tradeInfo, tradeSale, littleNum, tradeSaler, wantSaleNum) VALUES (10039, '浪漫情人节礼物', 130, 120, 78977, 'images/trade/commodity77_1.jpg', 1, 4, 4, '浪漫情人节礼物', 34512, 5, '商城自营', '113490');
INSERT INTO t_trade (tradeId, tradeName, tradePrice, tradeSalePrice, tradeInventory, tradeImg, tradeLimit, tradeSKTimeId, tradeClassify, tradeInfo, tradeSale, littleNum, tradeSaler, wantSaleNum) VALUES (10040, '同学聚会纪念礼品', 75, 35, 788, 'images/trade/commodity79_1.jpg', 1, 6, 4, '水晶印章，免费刻字', 3473, 5, '商城自营', '4262');
INSERT INTO t_trade (tradeId, tradeName, tradePrice, tradeSalePrice, tradeInventory, tradeImg, tradeLimit, tradeSKTimeId, tradeClassify, tradeInfo, tradeSale, littleNum, tradeSaler, wantSaleNum) VALUES (10041, '毛绒玩具大马哈鱼抱枕', 135, 78, 768, 'images/trade/commodity81_1.jpg', 1, 7, 4, '抱枕', 3578, 5, '商城自营', '4346');
INSERT INTO t_trade (tradeId, tradeName, tradePrice, tradeSalePrice, tradeInventory, tradeImg, tradeLimit, tradeSKTimeId, tradeClassify, tradeInfo, tradeSale, littleNum, tradeSaler, wantSaleNum) VALUES (10042, '创意结婚纪念日摆件礼物', 345, 120, 7867, 'images/trade/commodity82_1.jpg', 1, 4, 4, '免费制作照片', 5478, 5, '商城自营', '13345');
INSERT INTO t_trade (tradeId, tradeName, tradePrice, tradeSalePrice, tradeInventory, tradeImg, tradeLimit, tradeSKTimeId, tradeClassify, tradeInfo, tradeSale, littleNum, tradeSaler, wantSaleNum) VALUES (10043, '可爱大号海豚毛绒玩具', 123, 95, 6455, 'images/trade/commodity83_1.jpg', 1, 6, 4, '可拆洗会说话', 6420, 5, '商城自营', '12876');
INSERT INTO t_trade (tradeId, tradeName, tradePrice, tradeSalePrice, tradeInventory, tradeImg, tradeLimit, tradeSKTimeId, tradeClassify, tradeInfo, tradeSale, littleNum, tradeSaler, wantSaleNum) VALUES (10044, '创意可爱胖仓鼠公仔毛绒玩具', 153, 120, 78678, 'images/trade/commodity84_1.jpg', 1, 7, 4, '仓鼠公仔', 67522, 5, '商城自营', '146200');
INSERT INTO t_trade (tradeId, tradeName, tradePrice, tradeSalePrice, tradeInventory, tradeImg, tradeLimit, tradeSKTimeId, tradeClassify, tradeInfo, tradeSale, littleNum, tradeSaler, wantSaleNum) VALUES (10045, '猫头布艺玩偶塞', 121, 75, 6787, 'images/trade/commodity85_1.jpg', 1, 4, 4, '可爱猫头鹰', 6788, 5, '话礼礼品店', '13575');
INSERT INTO t_trade (tradeId, tradeName, tradePrice, tradeSalePrice, tradeInventory, tradeImg, tradeLimit, tradeSKTimeId, tradeClassify, tradeInfo, tradeSale, littleNum, tradeSaler, wantSaleNum) VALUES (10046, '创意礼品摆件定制', 110, 95, 653, 'images/trade/commodity86_1.jpg', 1, 6, 4, '高科技，磁悬浮', 3451, 5, '话礼礼品店', '4105');
INSERT INTO t_trade (tradeId, tradeName, tradePrice, tradeSalePrice, tradeInventory, tradeImg, tradeLimit, tradeSKTimeId, tradeClassify, tradeInfo, tradeSale, littleNum, tradeSaler, wantSaleNum) VALUES (10047, '一帆风顺摆件玻璃帆船', 185, 120, 546, 'images/trade/commodity87_1.jpg', 1, 7, 4, '免费刻字', 6546, 5, '话礼礼品店', '7092');
INSERT INTO t_trade (tradeId, tradeName, tradePrice, tradeSalePrice, tradeInventory, tradeImg, tradeLimit, tradeSKTimeId, tradeClassify, tradeInfo, tradeSale, littleNum, tradeSaler, wantSaleNum) VALUES (10048, 'Glass天气预报瓶柄', 350, 330, 6456, 'images/trade/commodity88_1.jpg', 1, 2, 4, '预报天气', 31456, 5, '话礼礼品店', '37912');
INSERT INTO t_trade (tradeId, tradeName, tradePrice, tradeSalePrice, tradeInventory, tradeImg, tradeLimit, tradeSKTimeId, tradeClassify, tradeInfo, tradeSale, littleNum, tradeSaler, wantSaleNum) VALUES (10049, '水晶球香薰机', 345, 230, 13745, 'images/trade/commodity89_1.jpg', 1, 4, 4, '香薰', 45645, 5, '蛋蛋之家', '59390');
INSERT INTO t_trade (tradeId, tradeName, tradePrice, tradeSalePrice, tradeInventory, tradeImg, tradeLimit, tradeSKTimeId, tradeClassify, tradeInfo, tradeSale, littleNum, tradeSaler, wantSaleNum) VALUES (10050, '复古个性飞机模型', 230, 198, 4563, 'images/trade/commodity96_1.jpg', 1, 6, 4, '精致飞机', 5464, 5, '蛋蛋之家', '10028');
INSERT INTO t_trade (tradeId, tradeName, tradePrice, tradeSalePrice, tradeInventory, tradeImg, tradeLimit, tradeSKTimeId, tradeClassify, tradeInfo, tradeSale, littleNum, tradeSaler, wantSaleNum) VALUES (10051, '杨生记原味蜜汁猪肉脯', 56, 35, 12342, 'images/trade/commodity11_1.jpg', 2, 2, 5, '超级好吃', 45654, 5, '商城自营', '57996');
INSERT INTO t_trade (tradeId, tradeName, tradePrice, tradeSalePrice, tradeInventory, tradeImg, tradeLimit, tradeSKTimeId, tradeClassify, tradeInfo, tradeSale, littleNum, tradeSaler, wantSaleNum) VALUES (10052, '统一 汤达人', 21, 17, 34321, 'images/trade/commodity13_1.jpg', 3, 3, 5, '方便好吃', 45645, 5, '商城自营', '79966');
INSERT INTO t_trade (tradeId, tradeName, tradePrice, tradeSalePrice, tradeInventory, tradeImg, tradeLimit, tradeSKTimeId, tradeClassify, tradeInfo, tradeSale, littleNum, tradeSaler, wantSaleNum) VALUES (10053, '可可西里牦牛肉干', 35, 24, 34521, 'images/trade/commodity14_1.jpg', 4, 4, 5, '', 45634, 5, '商城自营', '80155');
INSERT INTO t_trade (tradeId, tradeName, tradePrice, tradeSalePrice, tradeInventory, tradeImg, tradeLimit, tradeSKTimeId, tradeClassify, tradeInfo, tradeSale, littleNum, tradeSaler, wantSaleNum) VALUES (10054, '迷你烤肠肉类熟食即食', 12, 5, 117, 'images/trade/commodity21_1.jpg', 5, 6, 5, '小身材美味大不同', 456, 5, '商城自营', '579');
INSERT INTO t_trade (tradeId, tradeName, tradePrice, tradeSalePrice, tradeInventory, tradeImg, tradeLimit, tradeSKTimeId, tradeClassify, tradeInfo, tradeSale, littleNum, tradeSaler, wantSaleNum) VALUES (10055, '肉类零食牛肉干', 25, 13, 8769, 'images/trade/commodity22_1.jpg', 4, 7, 5, '热卖商品', 36453, 5, '杨记食品', '45222');
INSERT INTO t_trade (tradeId, tradeName, tradePrice, tradeSalePrice, tradeInventory, tradeImg, tradeLimit, tradeSKTimeId, tradeClassify, tradeInfo, tradeSale, littleNum, tradeSaler, wantSaleNum) VALUES (10056, '即食新鲜羊肉类熟食', 35, 17, 6456, 'images/trade/commodity23_1.jpg', 3, 8, 5, '买一送一', 678, 5, '商城自营', '7134');
INSERT INTO t_trade (tradeId, tradeName, tradePrice, tradeSalePrice, tradeInventory, tradeImg, tradeLimit, tradeSKTimeId, tradeClassify, tradeInfo, tradeSale, littleNum, tradeSaler, wantSaleNum) VALUES (10057, '肉类熟食麻辣好吃的酱猪蹄', 23, 12, 6454, 'images/trade/commodity24_1.jpg', 2, 2, 5, '酱香浓郁', 4563, 5, '杨记食品', '11019');
INSERT INTO t_trade (tradeId, tradeName, tradePrice, tradeSalePrice, tradeInventory, tradeImg, tradeLimit, tradeSKTimeId, tradeClassify, tradeInfo, tradeSale, littleNum, tradeSaler, wantSaleNum) VALUES (10058, '红烧肉圆子熟食', 15, 10, 455, 'images/trade/commodity25_1.jpg', 1, 6, 5, '香酥可口，饱满红亮', 6546, 5, '杨记食品', '7002');
INSERT INTO t_trade (tradeId, tradeName, tradePrice, tradeSalePrice, tradeInventory, tradeImg, tradeLimit, tradeSKTimeId, tradeClassify, tradeInfo, tradeSale, littleNum, tradeSaler, wantSaleNum) VALUES (10059, '老李五香鸡翅膀乡巴佬卤味', 10, 5, 6456, 'images/trade/commodity26_1.jpg', 3, 1, 5, '精选食材', 6763, 5, '杨记食品', '13219');
INSERT INTO t_trade (tradeId, tradeName, tradePrice, tradeSalePrice, tradeInventory, tradeImg, tradeLimit, tradeSKTimeId, tradeClassify, tradeInfo, tradeSale, littleNum, tradeSaler, wantSaleNum) VALUES (10060, '奥尔良小鸡腿', 15, 9, 0, 'images/trade/commodity27_1.jpg', 2, 5, 5, '香嫩鸡腿', 4676, 5, '杨记食品', '5222');
INSERT INTO t_trade (tradeId, tradeName, tradePrice, tradeSalePrice, tradeInventory, tradeImg, tradeLimit, tradeSKTimeId, tradeClassify, tradeInfo, tradeSale, littleNum, tradeSaler, wantSaleNum) VALUES (10061, '西铁城光动能经典休闲男表', 1520, 1320, 246, 'images/trade/commodity28_1.jpg', 1, 1, 6, '6期免息', 5465, 5, 'shxuai钟表专卖', '5711');
INSERT INTO t_trade (tradeId, tradeName, tradePrice, tradeSalePrice, tradeInventory, tradeImg, tradeLimit, tradeSKTimeId, tradeClassify, tradeInfo, tradeSale, littleNum, tradeSaler, wantSaleNum) VALUES (10062, '24小时光动能男表', 1352, 1200, 34536, 'images/trade/commodity29_1.jpg', 1, 5, 6, '3期免息', 34521, 5, 'shxuai钟表专卖', '69058');
INSERT INTO t_trade (tradeId, tradeName, tradePrice, tradeSalePrice, tradeInventory, tradeImg, tradeLimit, tradeSKTimeId, tradeClassify, tradeInfo, tradeSale, littleNum, tradeSaler, wantSaleNum) VALUES (10063, '正品丹尼尔惠灵顿石英男表', 638, 553, 6875, 'images/trade/commodity30_1.jpg', 1, 5, 3, 'DW', 3432, 5, 'shxuai钟表专卖', '10308');
INSERT INTO t_trade (tradeId, tradeName, tradePrice, tradeSalePrice, tradeInventory, tradeImg, tradeLimit, tradeSKTimeId, tradeClassify, tradeInfo, tradeSale, littleNum, tradeSaler, wantSaleNum) VALUES (10064, '瑞士名表balco拜戈 简约休闲男士腕表', 3540, 3430, 368, 'images/trade/commodity31_1.jpg', 1, 1, 6, '休闲简约', 3345, 5, 'shxuai钟表专卖', '3713');
INSERT INTO t_trade (tradeId, tradeName, tradePrice, tradeSalePrice, tradeInventory, tradeImg, tradeLimit, tradeSKTimeId, tradeClassify, tradeInfo, tradeSale, littleNum, tradeSaler, wantSaleNum) VALUES (10065, '防水防震时尚炫彩运动女表', 565, 365, 33433, 'images/trade/commodity32_1.jpg', 1, 3, 6, '抗震防摔', 7786, 5, 'shxuai钟表专卖', '41219');
INSERT INTO t_trade (tradeId, tradeName, tradePrice, tradeSalePrice, tradeInventory, tradeImg, tradeLimit, tradeSKTimeId, tradeClassify, tradeInfo, tradeSale, littleNum, tradeSaler, wantSaleNum) VALUES (10066, '宾卡达正品男士手表机械表', 757, 672, 3123, 'images/trade/commodity33_1.jpg', 1, 2, 6, '品质保证', 5355, 5, 'shxuai钟表专卖', '8478');
INSERT INTO t_trade (tradeId, tradeName, tradePrice, tradeSalePrice, tradeInventory, tradeImg, tradeLimit, tradeSKTimeId, tradeClassify, tradeInfo, tradeSale, littleNum, tradeSaler, wantSaleNum) VALUES (10068, 'iPad平板电脑9.7英寸升级版', 3577, 672, 3431, 'images/trade/commodity37_1.jpg', 1, 3, 7, '方寸间，乐趣全开', 3543, 5, '商城自营', '6975');
INSERT INTO t_trade (tradeId, tradeName, tradePrice, tradeSalePrice, tradeInventory, tradeImg, tradeLimit, tradeSKTimeId, tradeClassify, tradeInfo, tradeSale, littleNum, tradeSaler, wantSaleNum) VALUES (10069, '苹果iPhone7Plus', 6388, 672, 3453, 'images/trade/commodity39_1.jpg', 1, 3, 7, '全新双色，震撼人像', 3123, 5, '商城自营', '6576');
INSERT INTO t_trade (tradeId, tradeName, tradePrice, tradeSalePrice, tradeInventory, tradeImg, tradeLimit, tradeSKTimeId, tradeClassify, tradeInfo, tradeSale, littleNum, tradeSaler, wantSaleNum) VALUES (10070, '小米MIX尊享版全面屏拍照手机', 3200, 672, 3244, 'images/trade/commodity40_1.jpg', 1, 3, 7, '全面屏来袭', 3737, 5, '商城自营', '6981');
INSERT INTO t_trade (tradeId, tradeName, tradePrice, tradeSalePrice, tradeInventory, tradeImg, tradeLimit, tradeSKTimeId, tradeClassify, tradeInfo, tradeSale, littleNum, tradeSaler, wantSaleNum) VALUES (10071, '三星GALAXYNote8', 7500, 7300, 3435, 'images/trade/commodity41_1.jpg', 1, 4, 7, '全视曲面屏', 7867, 5, '商城自营', '11302');
INSERT INTO t_trade (tradeId, tradeName, tradePrice, tradeSalePrice, tradeInventory, tradeImg, tradeLimit, tradeSKTimeId, tradeClassify, tradeInfo, tradeSale, littleNum, tradeSaler, wantSaleNum) VALUES (10072, '红酒爱之湾起泡气泡葡萄酒', 125, 95, 52452, 'images/trade/commodity12_1.jpg', 1, 7, 8, '气泡酒', 12354, 5, '春风酒水', '64806');
INSERT INTO t_trade (tradeId, tradeName, tradePrice, tradeSalePrice, tradeInventory, tradeImg, tradeLimit, tradeSKTimeId, tradeClassify, tradeInfo, tradeSale, littleNum, tradeSaler, wantSaleNum) VALUES (10073, '旺仔牛奶整箱装', 75, 65, 12345, 'images/trade/commodity15_1.jpg', 1, 7, 8, '旺旺', 34534, 5, '商城自营', '46879');
INSERT INTO t_trade (tradeId, tradeName, tradePrice, tradeSalePrice, tradeInventory, tradeImg, tradeLimit, tradeSKTimeId, tradeClassify, tradeInfo, tradeSale, littleNum, tradeSaler, wantSaleNum) VALUES (10074, '北冰洋汽水 橙汁汽水', 68, 35, 73, 'images/trade/commodity16_1.jpg', 1, 8, 8, '北冰洋汽水', 34, 5, '春风酒水', '107');
INSERT INTO t_trade (tradeId, tradeName, tradePrice, tradeSalePrice, tradeInventory, tradeImg, tradeLimit, tradeSKTimeId, tradeClassify, tradeInfo, tradeSale, littleNum, tradeSaler, wantSaleNum) VALUES (10075, '日本汽水哈达波子汽', 85, 75, 373, 'images/trade/commodity17_1.jpg', 1, 8, 8, '日本进口', 343, 5, '春风酒水', '716');
INSERT INTO t_trade (tradeId, tradeName, tradePrice, tradeSalePrice, tradeInventory, tradeImg, tradeLimit, tradeSKTimeId, tradeClassify, tradeInfo, tradeSale, littleNum, tradeSaler, wantSaleNum) VALUES (10076, '可口可乐复刻铝瓶饮料', 95, 73, 6457, 'images/trade/commodity18_1.jpg', 1, 7, 8, '铝瓶装', 2728, 5, '商城自营', '9185');
INSERT INTO t_trade (tradeId, tradeName, tradePrice, tradeSalePrice, tradeInventory, tradeImg, tradeLimit, tradeSKTimeId, tradeClassify, tradeInfo, tradeSale, littleNum, tradeSaler, wantSaleNum) VALUES (10077, '雀巢咖啡1+2原味速溶咖啡粉', 56, 50, 5434, 'images/trade/commodity19_1.jpg', 1, 8, 8, '实惠精选', 272, 5, '春风酒水', '5706');
INSERT INTO t_trade (tradeId, tradeName, tradePrice, tradeSalePrice, tradeInventory, tradeImg, tradeLimit, tradeSKTimeId, tradeClassify, tradeInfo, tradeSale, littleNum, tradeSaler, wantSaleNum) VALUES (10078, '乌梅酸梅汁果汁粉冲饮饮料粉', 35, 27, 534, 'images/trade/commodity20_1.jpg', 1, 2, 8, '酸酸甜甜', 272, 5, '春风酒水', '806');
INSERT INTO t_trade (tradeId, tradeName, tradePrice, tradeSalePrice, tradeInventory, tradeImg, tradeLimit, tradeSKTimeId, tradeClassify, tradeInfo, tradeSale, littleNum, tradeSaler, wantSaleNum) VALUES (10079, '花圣蜂蜜柚子茶柠檬茶', 53, 36, 7825, 'images/trade/commodity101_1.jpg', 1, 5, 8, '营养健康', 28727, 5, '商城自营', '36552');
INSERT INTO t_trade (tradeId, tradeName, tradePrice, tradeSalePrice, tradeInventory, tradeImg, tradeLimit, tradeSKTimeId, tradeClassify, tradeInfo, tradeSale, littleNum, tradeSaler, wantSaleNum) VALUES (10080, '椰汁岛正宗生榨椰子汁饮料', 35, 25, 0, 'images/trade/commodity102_1.jpg', 3, 5, 8, '正宗生榨', 727, 5, '商城自营', '1094');
INSERT INTO t_trade (tradeId, tradeName, tradePrice, tradeSalePrice, tradeInventory, tradeImg, tradeLimit, tradeSKTimeId, tradeClassify, tradeInfo, tradeSale, littleNum, tradeSaler, wantSaleNum) VALUES (10081, '中粮悦活塑纤FitBody巴西莓味Fibersol水果饮料', 97, 56, 5435, 'images/trade/commodity103_1.jpg', 1, 2, 8, '减肥', 8787, 5, '商城自营', '14222');
INSERT INTO t_trade (tradeId, tradeName, tradePrice, tradeSalePrice, tradeInventory, tradeImg, tradeLimit, tradeSKTimeId, tradeClassify, tradeInfo, tradeSale, littleNum, tradeSaler, wantSaleNum) VALUES (10082, '木质音乐盒八音盒', 85, 57, 354, 'images/trade/commodity68_1.jpg', 1, 5, 9, '精选枫木sanko机芯', 6786, 5, '商城自营', '7140');
INSERT INTO t_trade (tradeId, tradeName, tradePrice, tradeSalePrice, tradeInventory, tradeImg, tradeLimit, tradeSKTimeId, tradeClassify, tradeInfo, tradeSale, littleNum, tradeSaler, wantSaleNum) VALUES (10083, '音乐盒水晶球旋转木马八音盒', 73, 65, 3453, 'images/trade/commodity69_1.jpg', 1, 5, 9, '蓝牙连接', 6546, 5, '商城自营', '9999');
INSERT INTO t_trade (tradeId, tradeName, tradePrice, tradeSalePrice, tradeInventory, tradeImg, tradeLimit, tradeSKTimeId, tradeClassify, tradeInfo, tradeSale, littleNum, tradeSaler, wantSaleNum) VALUES (10084, '创意儿童沙漏计时器', 50, 35, 5453, 'images/trade/commodity70_1.jpg', 1, 5, 9, '双层保护', 337, 5, '商城自营', '5790');
INSERT INTO t_trade (tradeId, tradeName, tradePrice, tradeSalePrice, tradeInventory, tradeImg, tradeLimit, tradeSKTimeId, tradeClassify, tradeInfo, tradeSale, littleNum, tradeSaler, wantSaleNum) VALUES (10085, '水晶球音乐盒生日礼物', 35, 30, 5435, 'images/trade/commodity71_1.jpg', 1, 5, 9, '发光', 676, 5, '商城自营', '6111');
INSERT INTO t_trade (tradeId, tradeName, tradePrice, tradeSalePrice, tradeInventory, tradeImg, tradeLimit, tradeSKTimeId, tradeClassify, tradeInfo, tradeSale, littleNum, tradeSaler, wantSaleNum) VALUES (10086, '混沌摆件永动机仪牛顿摆球', 75, 56, 3421, 'images/trade/commodity72_1.jpg', 1, 5, 9, '缓解压力', 3453, 5, '商城自营', '6874');
INSERT INTO t_trade (tradeId, tradeName, tradePrice, tradeSalePrice, tradeInventory, tradeImg, tradeLimit, tradeSKTimeId, tradeClassify, tradeInfo, tradeSale, littleNum, tradeSaler, wantSaleNum) VALUES (10087, '水晶离子闪电静音感应', 98, 55, 73273, 'images/trade/commodity73_1.jpg', 1, 8, 9, '感受魔幻般的世界', 76786, 5, '商城自营', '150059');
INSERT INTO t_trade (tradeId, tradeName, tradePrice, tradeSalePrice, tradeInventory, tradeImg, tradeLimit, tradeSKTimeId, tradeClassify, tradeInfo, tradeSale, littleNum, tradeSaler, wantSaleNum) VALUES (10088, '音乐盒八音盒', 67, 56, 354, 'images/trade/commodity74_1.jpg', 1, 8, 9, '照片订制', 543, 5, '商城自营', '897');
INSERT INTO t_trade (tradeId, tradeName, tradePrice, tradeSalePrice, tradeInventory, tradeImg, tradeLimit, tradeSKTimeId, tradeClassify, tradeInfo, tradeSale, littleNum, tradeSaler, wantSaleNum) VALUES (10089, '复古天气预报瓶组合套装', 135, 78, 453, 'images/trade/commodity75_1.jpg', 1, 8, 9, '天气预报', 3477, 5, '商城自营', '3930');
INSERT INTO t_trade (tradeId, tradeName, tradePrice, tradeSalePrice, tradeInventory, tradeImg, tradeLimit, tradeSKTimeId, tradeClassify, tradeInfo, tradeSale, littleNum, tradeSaler, wantSaleNum) VALUES (10090, '四季水晶球桌面摆件', 75, 63, 3543, 'images/trade/commodity78_1.jpg', 1, 8, 9, '个性摆件', 879, 5, '商城自营', '4422');
INSERT INTO t_trade (tradeId, tradeName, tradePrice, tradeSalePrice, tradeInventory, tradeImg, tradeLimit, tradeSKTimeId, tradeClassify, tradeInfo, tradeSale, littleNum, tradeSaler, wantSaleNum) VALUES (10091, '水晶沙漏计时器', 56, 36, 45345, 'images/trade/commodity80_1.jpg', 1, 8, 9, '免费刻字', 76878, 5, '商城自营', '122223');

-- 表：t_tradeClassify
DROP TABLE IF EXISTS t_tradeClassify;
CREATE TABLE t_tradeClassify(
       tradeClassifyId integer primary key autoincrement,       --商品分类ID
       tradeClassifyName text                          		--商品分类名
);
INSERT INTO t_tradeClassify (tradeClassifyId, tradeClassifyName) VALUES (1, '摆设');
INSERT INTO t_tradeClassify (tradeClassifyId, tradeClassifyName) VALUES (2, '电子产品');
INSERT INTO t_tradeClassify (tradeClassifyId, tradeClassifyName) VALUES (3, '鲜花');
INSERT INTO t_tradeClassify (tradeClassifyId, tradeClassifyName) VALUES (4, '礼品');
INSERT INTO t_tradeClassify (tradeClassifyId, tradeClassifyName) VALUES (5, '食品');
INSERT INTO t_tradeClassify (tradeClassifyId, tradeClassifyName) VALUES (6, '手表');
INSERT INTO t_tradeClassify (tradeClassifyId, tradeClassifyName) VALUES (7, '手机/平板');
INSERT INTO t_tradeClassify (tradeClassifyId, tradeClassifyName) VALUES (8, '饮品');
INSERT INTO t_tradeClassify (tradeClassifyId, tradeClassifyName) VALUES (9, '装饰');

-- 表：t_tradePhoto
DROP TABLE IF EXISTS t_tradePhoto;
CREATE TABLE [t_tradePhoto] (
  [tradePhotoId] integer PRIMARY KEY AUTOINCREMENT, 
  [tradePhotoPath] text, 
  [tradeId] TEXT);
INSERT INTO t_tradePhoto (tradePhotoId, tradePhotoPath, tradeId) VALUES (1, 'images/trade/commodity01_1.jpg', '10001');
INSERT INTO t_tradePhoto (tradePhotoId, tradePhotoPath, tradeId) VALUES (2, 'images/trade/commodity01_2.jpg', '10001');
INSERT INTO t_tradePhoto (tradePhotoId, tradePhotoPath, tradeId) VALUES (3, 'images/trade/commodity01_3.jpg', '10001');
INSERT INTO t_tradePhoto (tradePhotoId, tradePhotoPath, tradeId) VALUES (4, 'images/trade/commodity01_4.jpg', '10001');
INSERT INTO t_tradePhoto (tradePhotoId, tradePhotoPath, tradeId) VALUES (5, 'images/trade/commodity01_5.jpg', '10001');
INSERT INTO t_tradePhoto (tradePhotoId, tradePhotoPath, tradeId) VALUES (6, 'images/trade/commodity01_6.jpg', '10001');
INSERT INTO t_tradePhoto (tradePhotoId, tradePhotoPath, tradeId) VALUES (7, 'images/trade/commodity02_1.jpg', '10002');
INSERT INTO t_tradePhoto (tradePhotoId, tradePhotoPath, tradeId) VALUES (8, 'images/trade/commodity02_2.jpg', '10002');
INSERT INTO t_tradePhoto (tradePhotoId, tradePhotoPath, tradeId) VALUES (9, 'images/trade/commodity02_3.jpg', '10002');
INSERT INTO t_tradePhoto (tradePhotoId, tradePhotoPath, tradeId) VALUES (10, 'images/trade/commodity02_4.jpg', '10002');
INSERT INTO t_tradePhoto (tradePhotoId, tradePhotoPath, tradeId) VALUES (11, 'images/trade/commodity02_5.jpg', '10002');
INSERT INTO t_tradePhoto (tradePhotoId, tradePhotoPath, tradeId) VALUES (12, 'images/trade/commodity02_6.jpg', '10002');
INSERT INTO t_tradePhoto (tradePhotoId, tradePhotoPath, tradeId) VALUES (13, 'images/trade/commodity03_1.jpg', '10003');
INSERT INTO t_tradePhoto (tradePhotoId, tradePhotoPath, tradeId) VALUES (14, 'images/trade/commodity03_2.jpg', '10003');
INSERT INTO t_tradePhoto (tradePhotoId, tradePhotoPath, tradeId) VALUES (15, 'images/trade/commodity03_3.jpg', '10003');
INSERT INTO t_tradePhoto (tradePhotoId, tradePhotoPath, tradeId) VALUES (16, 'images/trade/commodity03_4.jpg', '10003');
INSERT INTO t_tradePhoto (tradePhotoId, tradePhotoPath, tradeId) VALUES (17, 'images/trade/commodity03_5.jpg', '10003');
INSERT INTO t_tradePhoto (tradePhotoId, tradePhotoPath, tradeId) VALUES (18, 'images/trade/commodity03_6.jpg', '10003');
INSERT INTO t_tradePhoto (tradePhotoId, tradePhotoPath, tradeId) VALUES (19, 'images/trade/commodity04_1.jpg', '10004');
INSERT INTO t_tradePhoto (tradePhotoId, tradePhotoPath, tradeId) VALUES (20, 'images/trade/commodity04_2.jpg', '10004');
INSERT INTO t_tradePhoto (tradePhotoId, tradePhotoPath, tradeId) VALUES (21, 'images/trade/commodity04_3.jpg', '10004');
INSERT INTO t_tradePhoto (tradePhotoId, tradePhotoPath, tradeId) VALUES (22, 'images/trade/commodity04_4.jpg', '10004');
INSERT INTO t_tradePhoto (tradePhotoId, tradePhotoPath, tradeId) VALUES (23, 'images/trade/commodity04_5.jpg', '10004');
INSERT INTO t_tradePhoto (tradePhotoId, tradePhotoPath, tradeId) VALUES (24, 'images/trade/commodity04_6.jpg', '10004');
INSERT INTO t_tradePhoto (tradePhotoId, tradePhotoPath, tradeId) VALUES (25, 'images/trade/commodity05_1.jpg', '10005');
INSERT INTO t_tradePhoto (tradePhotoId, tradePhotoPath, tradeId) VALUES (26, 'images/trade/commodity05_2.jpg', '10005');
INSERT INTO t_tradePhoto (tradePhotoId, tradePhotoPath, tradeId) VALUES (27, 'images/trade/commodity05_3.jpg', '10005');
INSERT INTO t_tradePhoto (tradePhotoId, tradePhotoPath, tradeId) VALUES (28, 'images/trade/commodity05_4.jpg', '10005');
INSERT INTO t_tradePhoto (tradePhotoId, tradePhotoPath, tradeId) VALUES (29, 'images/trade/commodity05_5.jpg', '10005');
INSERT INTO t_tradePhoto (tradePhotoId, tradePhotoPath, tradeId) VALUES (30, 'images/trade/commodity05_6.jpg', '10005');
INSERT INTO t_tradePhoto (tradePhotoId, tradePhotoPath, tradeId) VALUES (31, 'images/trade/commodity95_1.jpg', '10006');
INSERT INTO t_tradePhoto (tradePhotoId, tradePhotoPath, tradeId) VALUES (32, 'images/trade/commodity95_2.jpg', '10006');
INSERT INTO t_tradePhoto (tradePhotoId, tradePhotoPath, tradeId) VALUES (33, 'images/trade/commodity95_3.jpg', '10006');
INSERT INTO t_tradePhoto (tradePhotoId, tradePhotoPath, tradeId) VALUES (34, 'images/trade/commodity95_4.jpg', '10006');
INSERT INTO t_tradePhoto (tradePhotoId, tradePhotoPath, tradeId) VALUES (35, 'images/trade/commodity95_5.jpg', '10006');
INSERT INTO t_tradePhoto (tradePhotoId, tradePhotoPath, tradeId) VALUES (36, 'images/trade/commodity95_6.jpg', '10006');
INSERT INTO t_tradePhoto (tradePhotoId, tradePhotoPath, tradeId) VALUES (37, 'images/trade/commodity97_1.jpg', '10007');
INSERT INTO t_tradePhoto (tradePhotoId, tradePhotoPath, tradeId) VALUES (38, 'images/trade/commodity97_2.jpg', '10007');
INSERT INTO t_tradePhoto (tradePhotoId, tradePhotoPath, tradeId) VALUES (39, 'images/trade/commodity97_3.jpg', '10007');
INSERT INTO t_tradePhoto (tradePhotoId, tradePhotoPath, tradeId) VALUES (40, 'images/trade/commodity97_4.jpg', '10007');
INSERT INTO t_tradePhoto (tradePhotoId, tradePhotoPath, tradeId) VALUES (41, 'images/trade/commodity97_5.jpg', '10007');
INSERT INTO t_tradePhoto (tradePhotoId, tradePhotoPath, tradeId) VALUES (42, 'images/trade/commodity97_6.jpg', '10007');
INSERT INTO t_tradePhoto (tradePhotoId, tradePhotoPath, tradeId) VALUES (43, 'images/trade/commodity98_1.jpg', '10008');
INSERT INTO t_tradePhoto (tradePhotoId, tradePhotoPath, tradeId) VALUES (44, 'images/trade/commodity98_2.jpg', '10008');
INSERT INTO t_tradePhoto (tradePhotoId, tradePhotoPath, tradeId) VALUES (45, 'images/trade/commodity98_3.jpg', '10008');
INSERT INTO t_tradePhoto (tradePhotoId, tradePhotoPath, tradeId) VALUES (46, 'images/trade/commodity98_4.jpg', '10008');
INSERT INTO t_tradePhoto (tradePhotoId, tradePhotoPath, tradeId) VALUES (47, 'images/trade/commodity98_5.jpg', '10008');
INSERT INTO t_tradePhoto (tradePhotoId, tradePhotoPath, tradeId) VALUES (48, 'images/trade/commodity98_6.jpg', '10008');
INSERT INTO t_tradePhoto (tradePhotoId, tradePhotoPath, tradeId) VALUES (49, 'images/trade/commodity99_1.jpg', '10009');
INSERT INTO t_tradePhoto (tradePhotoId, tradePhotoPath, tradeId) VALUES (50, 'images/trade/commodity99_2.jpg', '10009');
INSERT INTO t_tradePhoto (tradePhotoId, tradePhotoPath, tradeId) VALUES (51, 'images/trade/commodity99_3.jpg', '10009');
INSERT INTO t_tradePhoto (tradePhotoId, tradePhotoPath, tradeId) VALUES (52, 'images/trade/commodity99_4.jpg', '10009');
INSERT INTO t_tradePhoto (tradePhotoId, tradePhotoPath, tradeId) VALUES (53, 'images/trade/commodity99_5.jpg', '10009');
INSERT INTO t_tradePhoto (tradePhotoId, tradePhotoPath, tradeId) VALUES (54, 'images/trade/commodity99_6.jpg', '10009');
INSERT INTO t_tradePhoto (tradePhotoId, tradePhotoPath, tradeId) VALUES (55, 'images/trade/commodity100_1.jpg', '10010');
INSERT INTO t_tradePhoto (tradePhotoId, tradePhotoPath, tradeId) VALUES (56, 'images/trade/commodity100_2.jpg', '10010');
INSERT INTO t_tradePhoto (tradePhotoId, tradePhotoPath, tradeId) VALUES (57, 'images/trade/commodity100_3.jpg', '10010');
INSERT INTO t_tradePhoto (tradePhotoId, tradePhotoPath, tradeId) VALUES (58, 'images/trade/commodity100_4.jpg', '10010');
INSERT INTO t_tradePhoto (tradePhotoId, tradePhotoPath, tradeId) VALUES (59, 'images/trade/commodity100_5.jpg', '10010');
INSERT INTO t_tradePhoto (tradePhotoId, tradePhotoPath, tradeId) VALUES (60, 'images/trade/commodity100_6.jpg', '10010');
INSERT INTO t_tradePhoto (tradePhotoId, tradePhotoPath, tradeId) VALUES (61, 'images/trade/commodity34_1.jpg', '10011');
INSERT INTO t_tradePhoto (tradePhotoId, tradePhotoPath, tradeId) VALUES (62, 'images/trade/commodity34_2.jpg', '10011');
INSERT INTO t_tradePhoto (tradePhotoId, tradePhotoPath, tradeId) VALUES (63, 'images/trade/commodity34_3.jpg', '10011');
INSERT INTO t_tradePhoto (tradePhotoId, tradePhotoPath, tradeId) VALUES (64, 'images/trade/commodity34_4.jpg', '10011');
INSERT INTO t_tradePhoto (tradePhotoId, tradePhotoPath, tradeId) VALUES (65, 'images/trade/commodity34_5.jpg', '10011');
INSERT INTO t_tradePhoto (tradePhotoId, tradePhotoPath, tradeId) VALUES (66, 'images/trade/commodity34_6.jpg', '10011');
INSERT INTO t_tradePhoto (tradePhotoId, tradePhotoPath, tradeId) VALUES (67, 'images/trade/commodity35_1.jpg', '10012');
INSERT INTO t_tradePhoto (tradePhotoId, tradePhotoPath, tradeId) VALUES (68, 'images/trade/commodity35_2.jpg', '10012');
INSERT INTO t_tradePhoto (tradePhotoId, tradePhotoPath, tradeId) VALUES (69, 'images/trade/commodity35_3.jpg', '10012');
INSERT INTO t_tradePhoto (tradePhotoId, tradePhotoPath, tradeId) VALUES (70, 'images/trade/commodity35_4.jpg', '10012');
INSERT INTO t_tradePhoto (tradePhotoId, tradePhotoPath, tradeId) VALUES (71, 'images/trade/commodity35_5.jpg', '10012');
INSERT INTO t_tradePhoto (tradePhotoId, tradePhotoPath, tradeId) VALUES (72, 'images/trade/commodity35_6.jpg', '10012');
INSERT INTO t_tradePhoto (tradePhotoId, tradePhotoPath, tradeId) VALUES (73, 'images/trade/commodity36_1.jpg', '10013');
INSERT INTO t_tradePhoto (tradePhotoId, tradePhotoPath, tradeId) VALUES (74, 'images/trade/commodity36_2.jpg', '10013');
INSERT INTO t_tradePhoto (tradePhotoId, tradePhotoPath, tradeId) VALUES (75, 'images/trade/commodity36_3.jpg', '10013');
INSERT INTO t_tradePhoto (tradePhotoId, tradePhotoPath, tradeId) VALUES (76, 'images/trade/commodity36_4.jpg', '10013');
INSERT INTO t_tradePhoto (tradePhotoId, tradePhotoPath, tradeId) VALUES (77, 'images/trade/commodity36_5.jpg', '10013');
INSERT INTO t_tradePhoto (tradePhotoId, tradePhotoPath, tradeId) VALUES (78, 'images/trade/commodity36_6.jpg', '10013');
INSERT INTO t_tradePhoto (tradePhotoId, tradePhotoPath, tradeId) VALUES (91, 'images/trade/commodity38_1.jpg', '10014');
INSERT INTO t_tradePhoto (tradePhotoId, tradePhotoPath, tradeId) VALUES (92, 'images/trade/commodity38_4.jpg', '10014');
INSERT INTO t_tradePhoto (tradePhotoId, tradePhotoPath, tradeId) VALUES (93, 'images/trade/commodity38_6.jpg', '10014');
INSERT INTO t_tradePhoto (tradePhotoId, tradePhotoPath, tradeId) VALUES (94, 'images/trade/commodity38_3.jpg', '10014');
INSERT INTO t_tradePhoto (tradePhotoId, tradePhotoPath, tradeId) VALUES (95, 'images/trade/commodity38_5.jpg', '10014');
INSERT INTO t_tradePhoto (tradePhotoId, tradePhotoPath, tradeId) VALUES (96, 'images/trade/commodity38_2.jpg', '10014');
INSERT INTO t_tradePhoto (tradePhotoId, tradePhotoPath, tradeId) VALUES (325, 'images/trade/commodity44_1.jpg', '10015');
INSERT INTO t_tradePhoto (tradePhotoId, tradePhotoPath, tradeId) VALUES (326, 'images/trade/commodity44_2.jpg', '10015');
INSERT INTO t_tradePhoto (tradePhotoId, tradePhotoPath, tradeId) VALUES (327, 'images/trade/commodity45_2.jpg', '10016');
INSERT INTO t_tradePhoto (tradePhotoId, tradePhotoPath, tradeId) VALUES (328, 'images/trade/commodity44_4.jpg', '10015');
INSERT INTO t_tradePhoto (tradePhotoId, tradePhotoPath, tradeId) VALUES (329, 'images/trade/commodity45_3.jpg', '10016');
INSERT INTO t_tradePhoto (tradePhotoId, tradePhotoPath, tradeId) VALUES (330, 'images/trade/commodity45_4.jpg', '10016');
INSERT INTO t_tradePhoto (tradePhotoId, tradePhotoPath, tradeId) VALUES (331, 'images/trade/commodity44_5.jpg', '10015');
INSERT INTO t_tradePhoto (tradePhotoId, tradePhotoPath, tradeId) VALUES (332, 'images/trade/commodity46_1.jpg', '10017');
INSERT INTO t_tradePhoto (tradePhotoId, tradePhotoPath, tradeId) VALUES (333, 'images/trade/commodity45_1.jpg', '10016');
INSERT INTO t_tradePhoto (tradePhotoId, tradePhotoPath, tradeId) VALUES (334, 'images/trade/commodity46_2.jpg', '10017');
INSERT INTO t_tradePhoto (tradePhotoId, tradePhotoPath, tradeId) VALUES (335, 'images/trade/commodity45_5.jpg', '10016');
INSERT INTO t_tradePhoto (tradePhotoId, tradePhotoPath, tradeId) VALUES (336, 'images/trade/commodity45_6.jpg', '10016');
INSERT INTO t_tradePhoto (tradePhotoId, tradePhotoPath, tradeId) VALUES (337, 'images/trade/commodity46_5.jpg', '10017');
INSERT INTO t_tradePhoto (tradePhotoId, tradePhotoPath, tradeId) VALUES (338, 'images/trade/commodity47_1.jpg', '10018');
INSERT INTO t_tradePhoto (tradePhotoId, tradePhotoPath, tradeId) VALUES (339, 'images/trade/commodity47_2.jpg', '10018');
INSERT INTO t_tradePhoto (tradePhotoId, tradePhotoPath, tradeId) VALUES (340, 'images/trade/commodity46_6.jpg', '10017');
INSERT INTO t_tradePhoto (tradePhotoId, tradePhotoPath, tradeId) VALUES (341, 'images/trade/commodity47_4.jpg', '10018');
INSERT INTO t_tradePhoto (tradePhotoId, tradePhotoPath, tradeId) VALUES (342, 'images/trade/commodity46_3.jpg', '10017');
INSERT INTO t_tradePhoto (tradePhotoId, tradePhotoPath, tradeId) VALUES (343, 'images/trade/commodity47_6.jpg', '10018');
INSERT INTO t_tradePhoto (tradePhotoId, tradePhotoPath, tradeId) VALUES (344, 'images/trade/commodity48_1.jpg', '10019');
INSERT INTO t_tradePhoto (tradePhotoId, tradePhotoPath, tradeId) VALUES (345, 'images/trade/commodity47_5.jpg', '10018');
INSERT INTO t_tradePhoto (tradePhotoId, tradePhotoPath, tradeId) VALUES (346, 'images/trade/commodity48_4.jpg', '10019');
INSERT INTO t_tradePhoto (tradePhotoId, tradePhotoPath, tradeId) VALUES (347, 'images/trade/commodity47_3.jpg', '10018');
INSERT INTO t_tradePhoto (tradePhotoId, tradePhotoPath, tradeId) VALUES (348, 'images/trade/commodity48_5.jpg', '10019');
INSERT INTO t_tradePhoto (tradePhotoId, tradePhotoPath, tradeId) VALUES (349, 'images/trade/commodity48_2.jpg', '10019');
INSERT INTO t_tradePhoto (tradePhotoId, tradePhotoPath, tradeId) VALUES (350, 'images/trade/commodity48_6.jpg', '10019');
INSERT INTO t_tradePhoto (tradePhotoId, tradePhotoPath, tradeId) VALUES (351, 'images/trade/commodity48_3.jpg', '10019');
INSERT INTO t_tradePhoto (tradePhotoId, tradePhotoPath, tradeId) VALUES (352, 'images/trade/commodity49_3.jpg', '10020');
INSERT INTO t_tradePhoto (tradePhotoId, tradePhotoPath, tradeId) VALUES (353, 'images/trade/commodity49_4.jpg', '10020');
INSERT INTO t_tradePhoto (tradePhotoId, tradePhotoPath, tradeId) VALUES (354, 'images/trade/commodity49_1.jpg', '10020');
INSERT INTO t_tradePhoto (tradePhotoId, tradePhotoPath, tradeId) VALUES (355, 'images/trade/commodity49_5.jpg', '10020');
INSERT INTO t_tradePhoto (tradePhotoId, tradePhotoPath, tradeId) VALUES (356, 'images/trade/commodity49_2.jpg', '10020');
INSERT INTO t_tradePhoto (tradePhotoId, tradePhotoPath, tradeId) VALUES (357, 'images/trade/commodity50_2.jpg', '10021');
INSERT INTO t_tradePhoto (tradePhotoId, tradePhotoPath, tradeId) VALUES (358, 'images/trade/commodity50_3.jpg', '10021');
INSERT INTO t_tradePhoto (tradePhotoId, tradePhotoPath, tradeId) VALUES (359, 'images/trade/commodity50_1.jpg', '10021');
INSERT INTO t_tradePhoto (tradePhotoId, tradePhotoPath, tradeId) VALUES (360, 'images/trade/commodity50_4.jpg', '10021');
INSERT INTO t_tradePhoto (tradePhotoId, tradePhotoPath, tradeId) VALUES (361, 'images/trade/commodity50_5.jpg', '10021');
INSERT INTO t_tradePhoto (tradePhotoId, tradePhotoPath, tradeId) VALUES (362, 'images/trade/commodity51_1.jpg', '10022');
INSERT INTO t_tradePhoto (tradePhotoId, tradePhotoPath, tradeId) VALUES (363, 'images/trade/commodity51_2.jpg', '10022');
INSERT INTO t_tradePhoto (tradePhotoId, tradePhotoPath, tradeId) VALUES (364, 'images/trade/commodity50_6.jpg', '10021');
INSERT INTO t_tradePhoto (tradePhotoId, tradePhotoPath, tradeId) VALUES (365, 'images/trade/commodity51_3.jpg', '10022');
INSERT INTO t_tradePhoto (tradePhotoId, tradePhotoPath, tradeId) VALUES (366, 'images/trade/commodity51_5.jpg', '10022');
INSERT INTO t_tradePhoto (tradePhotoId, tradePhotoPath, tradeId) VALUES (367, 'images/trade/commodity51_6.jpg', '10022');
INSERT INTO t_tradePhoto (tradePhotoId, tradePhotoPath, tradeId) VALUES (368, 'images/trade/commodity52_1.jpg', '10023');
INSERT INTO t_tradePhoto (tradePhotoId, tradePhotoPath, tradeId) VALUES (369, 'images/trade/commodity52_2.jpg', '10023');
INSERT INTO t_tradePhoto (tradePhotoId, tradePhotoPath, tradeId) VALUES (370, 'images/trade/commodity52_3.jpg', '10023');
INSERT INTO t_tradePhoto (tradePhotoId, tradePhotoPath, tradeId) VALUES (371, 'images/trade/commodity49_6.jpg', '10020');
INSERT INTO t_tradePhoto (tradePhotoId, tradePhotoPath, tradeId) VALUES (372, 'images/trade/commodity46_4.jpg', '10017');
INSERT INTO t_tradePhoto (tradePhotoId, tradePhotoPath, tradeId) VALUES (373, 'images/trade/commodity51_4.jpg', '10022');
INSERT INTO t_tradePhoto (tradePhotoId, tradePhotoPath, tradeId) VALUES (374, 'images/trade/commodity52_6.jpg', '10023');
INSERT INTO t_tradePhoto (tradePhotoId, tradePhotoPath, tradeId) VALUES (375, 'images/trade/commodity52_4.jpg', '10023');
INSERT INTO t_tradePhoto (tradePhotoId, tradePhotoPath, tradeId) VALUES (376, 'images/trade/commodity53_2.jpg', '10024');
INSERT INTO t_tradePhoto (tradePhotoId, tradePhotoPath, tradeId) VALUES (377, 'images/trade/commodity53_5.jpg', '10024');
INSERT INTO t_tradePhoto (tradePhotoId, tradePhotoPath, tradeId) VALUES (378, 'images/trade/commodity53_3.jpg', '10024');
INSERT INTO t_tradePhoto (tradePhotoId, tradePhotoPath, tradeId) VALUES (379, 'images/trade/commodity53_6.jpg', '10024');
INSERT INTO t_tradePhoto (tradePhotoId, tradePhotoPath, tradeId) VALUES (380, 'images/trade/commodity52_5.jpg', '10023');
INSERT INTO t_tradePhoto (tradePhotoId, tradePhotoPath, tradeId) VALUES (381, 'images/trade/commodity54_1.jpg', '10025');
INSERT INTO t_tradePhoto (tradePhotoId, tradePhotoPath, tradeId) VALUES (382, 'images/trade/commodity54_3.jpg', '10025');
INSERT INTO t_tradePhoto (tradePhotoId, tradePhotoPath, tradeId) VALUES (383, 'images/trade/commodity54_4.jpg', '10025');
INSERT INTO t_tradePhoto (tradePhotoId, tradePhotoPath, tradeId) VALUES (384, 'images/trade/commodity54_5.jpg', '10025');
INSERT INTO t_tradePhoto (tradePhotoId, tradePhotoPath, tradeId) VALUES (385, 'images/trade/commodity54_6.jpg', '10025');
INSERT INTO t_tradePhoto (tradePhotoId, tradePhotoPath, tradeId) VALUES (386, 'images/trade/commodity53_4.jpg', '10024');
INSERT INTO t_tradePhoto (tradePhotoId, tradePhotoPath, tradeId) VALUES (387, 'images/trade/commodity55_2.jpg', '10026');
INSERT INTO t_tradePhoto (tradePhotoId, tradePhotoPath, tradeId) VALUES (388, 'images/trade/commodity55_3.jpg', '10026');
INSERT INTO t_tradePhoto (tradePhotoId, tradePhotoPath, tradeId) VALUES (389, 'images/trade/commodity55_4.jpg', '10026');
INSERT INTO t_tradePhoto (tradePhotoId, tradePhotoPath, tradeId) VALUES (390, 'images/trade/commodity55_5.jpg', '10026');
INSERT INTO t_tradePhoto (tradePhotoId, tradePhotoPath, tradeId) VALUES (391, 'images/trade/commodity55_6.jpg', '10026');
INSERT INTO t_tradePhoto (tradePhotoId, tradePhotoPath, tradeId) VALUES (392, 'images/trade/commodity56_1.jpg', '10027');
INSERT INTO t_tradePhoto (tradePhotoId, tradePhotoPath, tradeId) VALUES (393, 'images/trade/commodity56_2.jpg', '10027');
INSERT INTO t_tradePhoto (tradePhotoId, tradePhotoPath, tradeId) VALUES (394, 'images/trade/commodity55_1.jpg', '10026');
INSERT INTO t_tradePhoto (tradePhotoId, tradePhotoPath, tradeId) VALUES (395, 'images/trade/commodity56_3.jpg', '10027');
INSERT INTO t_tradePhoto (tradePhotoId, tradePhotoPath, tradeId) VALUES (396, 'images/trade/commodity56_4.jpg', '10027');
INSERT INTO t_tradePhoto (tradePhotoId, tradePhotoPath, tradeId) VALUES (397, 'images/trade/commodity56_6.jpg', '10027');
INSERT INTO t_tradePhoto (tradePhotoId, tradePhotoPath, tradeId) VALUES (398, 'images/trade/commodity57_1.jpg', '10028');
INSERT INTO t_tradePhoto (tradePhotoId, tradePhotoPath, tradeId) VALUES (399, 'images/trade/commodity57_2.jpg', '10028');
INSERT INTO t_tradePhoto (tradePhotoId, tradePhotoPath, tradeId) VALUES (400, 'images/trade/commodity57_3.jpg', '10028');
INSERT INTO t_tradePhoto (tradePhotoId, tradePhotoPath, tradeId) VALUES (401, 'images/trade/commodity57_4.jpg', '10028');
INSERT INTO t_tradePhoto (tradePhotoId, tradePhotoPath, tradeId) VALUES (402, 'images/trade/commodity57_5.jpg', '10028');
INSERT INTO t_tradePhoto (tradePhotoId, tradePhotoPath, tradeId) VALUES (403, 'images/trade/commodity53_1.jpg', '10024');
INSERT INTO t_tradePhoto (tradePhotoId, tradePhotoPath, tradeId) VALUES (404, 'images/trade/commodity57_6.jpg', '10028');
INSERT INTO t_tradePhoto (tradePhotoId, tradePhotoPath, tradeId) VALUES (405, 'images/trade/commodity58_1.jpg', '10029');
INSERT INTO t_tradePhoto (tradePhotoId, tradePhotoPath, tradeId) VALUES (406, 'images/trade/commodity58_3.jpg', '10029');
INSERT INTO t_tradePhoto (tradePhotoId, tradePhotoPath, tradeId) VALUES (407, 'images/trade/commodity58_4.jpg', '10029');
INSERT INTO t_tradePhoto (tradePhotoId, tradePhotoPath, tradeId) VALUES (408, 'images/trade/commodity58_6.jpg', '10029');
INSERT INTO t_tradePhoto (tradePhotoId, tradePhotoPath, tradeId) VALUES (409, 'images/trade/commodity59_1.jpg', '10030');
INSERT INTO t_tradePhoto (tradePhotoId, tradePhotoPath, tradeId) VALUES (410, 'images/trade/commodity58_2.jpg', '10029');
INSERT INTO t_tradePhoto (tradePhotoId, tradePhotoPath, tradeId) VALUES (411, 'images/trade/commodity59_2.jpg', '10030');
INSERT INTO t_tradePhoto (tradePhotoId, tradePhotoPath, tradeId) VALUES (412, 'images/trade/commodity59_3.jpg', '10030');
INSERT INTO t_tradePhoto (tradePhotoId, tradePhotoPath, tradeId) VALUES (413, 'images/trade/commodity59_4.jpg', '10030');
INSERT INTO t_tradePhoto (tradePhotoId, tradePhotoPath, tradeId) VALUES (414, 'images/trade/commodity54_2.jpg', '10025');
INSERT INTO t_tradePhoto (tradePhotoId, tradePhotoPath, tradeId) VALUES (415, 'images/trade/commodity59_6.jpg', '10030');
INSERT INTO t_tradePhoto (tradePhotoId, tradePhotoPath, tradeId) VALUES (416, 'images/trade/commodity58_5.jpg', '10029');
INSERT INTO t_tradePhoto (tradePhotoId, tradePhotoPath, tradeId) VALUES (417, 'images/trade/commodity60_2.jpg', '10031');
INSERT INTO t_tradePhoto (tradePhotoId, tradePhotoPath, tradeId) VALUES (418, 'images/trade/commodity60_3.jpg', '10031');
INSERT INTO t_tradePhoto (tradePhotoId, tradePhotoPath, tradeId) VALUES (419, 'images/trade/commodity60_1.jpg', '10031');
INSERT INTO t_tradePhoto (tradePhotoId, tradePhotoPath, tradeId) VALUES (420, 'images/trade/commodity60_4.jpg', '10031');
INSERT INTO t_tradePhoto (tradePhotoId, tradePhotoPath, tradeId) VALUES (421, 'images/trade/commodity56_5.jpg', '10027');
INSERT INTO t_tradePhoto (tradePhotoId, tradePhotoPath, tradeId) VALUES (422, 'images/trade/commodity61_1.jpg', '10032');
INSERT INTO t_tradePhoto (tradePhotoId, tradePhotoPath, tradeId) VALUES (423, 'images/trade/commodity61_2.jpg', '10032');
INSERT INTO t_tradePhoto (tradePhotoId, tradePhotoPath, tradeId) VALUES (424, 'images/trade/commodity61_3.jpg', '10032');
INSERT INTO t_tradePhoto (tradePhotoId, tradePhotoPath, tradeId) VALUES (425, 'images/trade/commodity61_4.jpg', '10032');
INSERT INTO t_tradePhoto (tradePhotoId, tradePhotoPath, tradeId) VALUES (426, 'images/trade/commodity61_5.jpg', '10032');
INSERT INTO t_tradePhoto (tradePhotoId, tradePhotoPath, tradeId) VALUES (427, 'images/trade/commodity60_5.jpg', '10031');
INSERT INTO t_tradePhoto (tradePhotoId, tradePhotoPath, tradeId) VALUES (428, 'images/trade/commodity61_6.jpg', '10032');
INSERT INTO t_tradePhoto (tradePhotoId, tradePhotoPath, tradeId) VALUES (429, 'images/trade/commodity60_6.jpg', '10031');
INSERT INTO t_tradePhoto (tradePhotoId, tradePhotoPath, tradeId) VALUES (430, 'images/trade/commodity62_3.jpg', '10033');
INSERT INTO t_tradePhoto (tradePhotoId, tradePhotoPath, tradeId) VALUES (431, 'images/trade/commodity62_4.jpg', '10033');
INSERT INTO t_tradePhoto (tradePhotoId, tradePhotoPath, tradeId) VALUES (432, 'images/trade/commodity62_2.jpg', '10033');
INSERT INTO t_tradePhoto (tradePhotoId, tradePhotoPath, tradeId) VALUES (433, 'images/trade/commodity62_6.jpg', '10033');
INSERT INTO t_tradePhoto (tradePhotoId, tradePhotoPath, tradeId) VALUES (434, 'images/trade/commodity62_1.jpg', '10033');
INSERT INTO t_tradePhoto (tradePhotoId, tradePhotoPath, tradeId) VALUES (435, 'images/trade/commodity62_5.jpg', '10033');
INSERT INTO t_tradePhoto (tradePhotoId, tradePhotoPath, tradeId) VALUES (436, 'images/trade/commodity44_3.jpg', '10015');
INSERT INTO t_tradePhoto (tradePhotoId, tradePhotoPath, tradeId) VALUES (437, 'images/trade/commodity44_6.jpg', '10015');
INSERT INTO t_tradePhoto (tradePhotoId, tradePhotoPath, tradeId) VALUES (438, 'images/trade/commodity59_5.jpg', '10030');
INSERT INTO t_tradePhoto (tradePhotoId, tradePhotoPath, tradeId) VALUES (439, 'images/trade/commodity64_1.jpg', '10034');
INSERT INTO t_tradePhoto (tradePhotoId, tradePhotoPath, tradeId) VALUES (440, 'images/trade/commodity64_2.jpg', '10034');
INSERT INTO t_tradePhoto (tradePhotoId, tradePhotoPath, tradeId) VALUES (441, 'images/trade/commodity65_1.jpg', '10035');
INSERT INTO t_tradePhoto (tradePhotoId, tradePhotoPath, tradeId) VALUES (442, 'images/trade/commodity65_2.jpg', '10035');
INSERT INTO t_tradePhoto (tradePhotoId, tradePhotoPath, tradeId) VALUES (443, 'images/trade/commodity64_4.jpg', '10034');
INSERT INTO t_tradePhoto (tradePhotoId, tradePhotoPath, tradeId) VALUES (444, 'images/trade/commodity65_3.jpg', '10035');
INSERT INTO t_tradePhoto (tradePhotoId, tradePhotoPath, tradeId) VALUES (445, 'images/trade/commodity65_4.jpg', '10035');
INSERT INTO t_tradePhoto (tradePhotoId, tradePhotoPath, tradeId) VALUES (446, 'images/trade/commodity64_6.jpg', '10034');
INSERT INTO t_tradePhoto (tradePhotoId, tradePhotoPath, tradeId) VALUES (447, 'images/trade/commodity65_6.jpg', '10035');
INSERT INTO t_tradePhoto (tradePhotoId, tradePhotoPath, tradeId) VALUES (448, 'images/trade/commodity64_3.jpg', '10034');
INSERT INTO t_tradePhoto (tradePhotoId, tradePhotoPath, tradeId) VALUES (449, 'images/trade/commodity66_2.jpg', '10036');
INSERT INTO t_tradePhoto (tradePhotoId, tradePhotoPath, tradeId) VALUES (450, 'images/trade/commodity66_3.jpg', '10036');
INSERT INTO t_tradePhoto (tradePhotoId, tradePhotoPath, tradeId) VALUES (451, 'images/trade/commodity66_5.jpg', '10036');
INSERT INTO t_tradePhoto (tradePhotoId, tradePhotoPath, tradeId) VALUES (452, 'images/trade/commodity66_1.jpg', '10036');
INSERT INTO t_tradePhoto (tradePhotoId, tradePhotoPath, tradeId) VALUES (453, 'images/trade/commodity66_6.jpg', '10036');
INSERT INTO t_tradePhoto (tradePhotoId, tradePhotoPath, tradeId) VALUES (454, 'images/trade/commodity67_1.jpg', '10037');
INSERT INTO t_tradePhoto (tradePhotoId, tradePhotoPath, tradeId) VALUES (455, 'images/trade/commodity67_3.jpg', '10037');
INSERT INTO t_tradePhoto (tradePhotoId, tradePhotoPath, tradeId) VALUES (456, 'images/trade/commodity64_5.jpg', '10034');
INSERT INTO t_tradePhoto (tradePhotoId, tradePhotoPath, tradeId) VALUES (457, 'images/trade/commodity67_4.jpg', '10037');
INSERT INTO t_tradePhoto (tradePhotoId, tradePhotoPath, tradeId) VALUES (458, 'images/trade/commodity65_5.jpg', '10035');
INSERT INTO t_tradePhoto (tradePhotoId, tradePhotoPath, tradeId) VALUES (459, 'images/trade/commodity66_4.jpg', '10036');
INSERT INTO t_tradePhoto (tradePhotoId, tradePhotoPath, tradeId) VALUES (460, 'images/trade/commodity67_2.jpg', '10037');
INSERT INTO t_tradePhoto (tradePhotoId, tradePhotoPath, tradeId) VALUES (461, 'images/trade/commodity67_5.jpg', '10037');
INSERT INTO t_tradePhoto (tradePhotoId, tradePhotoPath, tradeId) VALUES (462, 'images/trade/commodity67_6.jpg', '10037');
INSERT INTO t_tradePhoto (tradePhotoId, tradePhotoPath, tradeId) VALUES (463, 'images/trade/commodity76_1.jpg', '10038');
INSERT INTO t_tradePhoto (tradePhotoId, tradePhotoPath, tradeId) VALUES (464, 'images/trade/commodity76_5.jpg', '10038');
INSERT INTO t_tradePhoto (tradePhotoId, tradePhotoPath, tradeId) VALUES (465, 'images/trade/commodity76_2.jpg', '10038');
INSERT INTO t_tradePhoto (tradePhotoId, tradePhotoPath, tradeId) VALUES (466, 'images/trade/commodity77_1.jpg', '10039');
INSERT INTO t_tradePhoto (tradePhotoId, tradePhotoPath, tradeId) VALUES (467, 'images/trade/commodity76_3.jpg', '10038');
INSERT INTO t_tradePhoto (tradePhotoId, tradePhotoPath, tradeId) VALUES (468, 'images/trade/commodity77_2.jpg', '10039');
INSERT INTO t_tradePhoto (tradePhotoId, tradePhotoPath, tradeId) VALUES (469, 'images/trade/commodity77_3.jpg', '10039');
INSERT INTO t_tradePhoto (tradePhotoId, tradePhotoPath, tradeId) VALUES (470, 'images/trade/commodity77_4.jpg', '10039');
INSERT INTO t_tradePhoto (tradePhotoId, tradePhotoPath, tradeId) VALUES (471, 'images/trade/commodity77_6.jpg', '10039');
INSERT INTO t_tradePhoto (tradePhotoId, tradePhotoPath, tradeId) VALUES (472, 'images/trade/commodity76_4.jpg', '10038');
INSERT INTO t_tradePhoto (tradePhotoId, tradePhotoPath, tradeId) VALUES (473, 'images/trade/commodity76_6.jpg', '10038');
INSERT INTO t_tradePhoto (tradePhotoId, tradePhotoPath, tradeId) VALUES (474, 'images/trade/commodity77_5.jpg', '10039');
INSERT INTO t_tradePhoto (tradePhotoId, tradePhotoPath, tradeId) VALUES (475, 'images/trade/commodity79_1.jpg', '10040');
INSERT INTO t_tradePhoto (tradePhotoId, tradePhotoPath, tradeId) VALUES (476, 'images/trade/commodity79_5.jpg', '10040');
INSERT INTO t_tradePhoto (tradePhotoId, tradePhotoPath, tradeId) VALUES (477, 'images/trade/commodity79_6.jpg', '10040');
INSERT INTO t_tradePhoto (tradePhotoId, tradePhotoPath, tradeId) VALUES (478, 'images/trade/commodity79_2.jpg', '10040');
INSERT INTO t_tradePhoto (tradePhotoId, tradePhotoPath, tradeId) VALUES (479, 'images/trade/commodity79_3.jpg', '10040');
INSERT INTO t_tradePhoto (tradePhotoId, tradePhotoPath, tradeId) VALUES (480, 'images/trade/commodity79_4.jpg', '10040');
INSERT INTO t_tradePhoto (tradePhotoId, tradePhotoPath, tradeId) VALUES (481, 'images/trade/commodity81_1.jpg', '10041');
INSERT INTO t_tradePhoto (tradePhotoId, tradePhotoPath, tradeId) VALUES (482, 'images/trade/commodity81_2.jpg', '10041');
INSERT INTO t_tradePhoto (tradePhotoId, tradePhotoPath, tradeId) VALUES (483, 'images/trade/commodity82_1.jpg', '10042');
INSERT INTO t_tradePhoto (tradePhotoId, tradePhotoPath, tradeId) VALUES (484, 'images/trade/commodity81_3.jpg', '10041');
INSERT INTO t_tradePhoto (tradePhotoId, tradePhotoPath, tradeId) VALUES (485, 'images/trade/commodity82_2.jpg', '10042');
INSERT INTO t_tradePhoto (tradePhotoId, tradePhotoPath, tradeId) VALUES (486, 'images/trade/commodity81_4.jpg', '10041');
INSERT INTO t_tradePhoto (tradePhotoId, tradePhotoPath, tradeId) VALUES (487, 'images/trade/commodity82_4.jpg', '10042');
INSERT INTO t_tradePhoto (tradePhotoId, tradePhotoPath, tradeId) VALUES (488, 'images/trade/commodity82_6.jpg', '10042');
INSERT INTO t_tradePhoto (tradePhotoId, tradePhotoPath, tradeId) VALUES (489, 'images/trade/commodity83_1.jpg', '10043');
INSERT INTO t_tradePhoto (tradePhotoId, tradePhotoPath, tradeId) VALUES (490, 'images/trade/commodity83_2.jpg', '10043');
INSERT INTO t_tradePhoto (tradePhotoId, tradePhotoPath, tradeId) VALUES (491, 'images/trade/commodity82_5.jpg', '10042');
INSERT INTO t_tradePhoto (tradePhotoId, tradePhotoPath, tradeId) VALUES (492, 'images/trade/commodity83_5.jpg', '10043');
INSERT INTO t_tradePhoto (tradePhotoId, tradePhotoPath, tradeId) VALUES (493, 'images/trade/commodity82_3.jpg', '10042');
INSERT INTO t_tradePhoto (tradePhotoId, tradePhotoPath, tradeId) VALUES (494, 'images/trade/commodity83_6.jpg', '10043');
INSERT INTO t_tradePhoto (tradePhotoId, tradePhotoPath, tradeId) VALUES (495, 'images/trade/commodity84_2.jpg', '10044');
INSERT INTO t_tradePhoto (tradePhotoId, tradePhotoPath, tradeId) VALUES (496, 'images/trade/commodity83_4.jpg', '10043');
INSERT INTO t_tradePhoto (tradePhotoId, tradePhotoPath, tradeId) VALUES (497, 'images/trade/commodity84_3.jpg', '10044');
INSERT INTO t_tradePhoto (tradePhotoId, tradePhotoPath, tradeId) VALUES (498, 'images/trade/commodity84_1.jpg', '10044');
INSERT INTO t_tradePhoto (tradePhotoId, tradePhotoPath, tradeId) VALUES (499, 'images/trade/commodity84_6.jpg', '10044');
INSERT INTO t_tradePhoto (tradePhotoId, tradePhotoPath, tradeId) VALUES (500, 'images/trade/commodity85_1.jpg', '10045');
INSERT INTO t_tradePhoto (tradePhotoId, tradePhotoPath, tradeId) VALUES (501, 'images/trade/commodity85_2.jpg', '10045');
INSERT INTO t_tradePhoto (tradePhotoId, tradePhotoPath, tradeId) VALUES (502, 'images/trade/commodity85_3.jpg', '10045');
INSERT INTO t_tradePhoto (tradePhotoId, tradePhotoPath, tradeId) VALUES (503, 'images/trade/commodity81_6.jpg', '10041');
INSERT INTO t_tradePhoto (tradePhotoId, tradePhotoPath, tradeId) VALUES (504, 'images/trade/commodity85_5.jpg', '10045');
INSERT INTO t_tradePhoto (tradePhotoId, tradePhotoPath, tradeId) VALUES (505, 'images/trade/commodity85_6.jpg', '10045');
INSERT INTO t_tradePhoto (tradePhotoId, tradePhotoPath, tradeId) VALUES (506, 'images/trade/commodity84_5.jpg', '10044');
INSERT INTO t_tradePhoto (tradePhotoId, tradePhotoPath, tradeId) VALUES (507, 'images/trade/commodity86_1.jpg', '10046');
INSERT INTO t_tradePhoto (tradePhotoId, tradePhotoPath, tradeId) VALUES (508, 'images/trade/commodity86_2.jpg', '10046');
INSERT INTO t_tradePhoto (tradePhotoId, tradePhotoPath, tradeId) VALUES (509, 'images/trade/commodity86_4.jpg', '10046');
INSERT INTO t_tradePhoto (tradePhotoId, tradePhotoPath, tradeId) VALUES (510, 'images/trade/commodity86_5.jpg', '10046');
INSERT INTO t_tradePhoto (tradePhotoId, tradePhotoPath, tradeId) VALUES (511, 'images/trade/commodity86_6.jpg', '10046');
INSERT INTO t_tradePhoto (tradePhotoId, tradePhotoPath, tradeId) VALUES (512, 'images/trade/commodity86_3.jpg', '10046');
INSERT INTO t_tradePhoto (tradePhotoId, tradePhotoPath, tradeId) VALUES (513, 'images/trade/commodity87_2.jpg', '10047');
INSERT INTO t_tradePhoto (tradePhotoId, tradePhotoPath, tradeId) VALUES (514, 'images/trade/commodity83_3.jpg', '10043');
INSERT INTO t_tradePhoto (tradePhotoId, tradePhotoPath, tradeId) VALUES (515, 'images/trade/commodity81_5.jpg', '10041');
INSERT INTO t_tradePhoto (tradePhotoId, tradePhotoPath, tradeId) VALUES (516, 'images/trade/commodity87_5.jpg', '10047');
INSERT INTO t_tradePhoto (tradePhotoId, tradePhotoPath, tradeId) VALUES (517, 'images/trade/commodity87_3.jpg', '10047');
INSERT INTO t_tradePhoto (tradePhotoId, tradePhotoPath, tradeId) VALUES (518, 'images/trade/commodity88_1.jpg', '10048');
INSERT INTO t_tradePhoto (tradePhotoId, tradePhotoPath, tradeId) VALUES (519, 'images/trade/commodity88_2.jpg', '10048');
INSERT INTO t_tradePhoto (tradePhotoId, tradePhotoPath, tradeId) VALUES (520, 'images/trade/commodity87_1.jpg', '10047');
INSERT INTO t_tradePhoto (tradePhotoId, tradePhotoPath, tradeId) VALUES (521, 'images/trade/commodity84_4.jpg', '10044');
INSERT INTO t_tradePhoto (tradePhotoId, tradePhotoPath, tradeId) VALUES (522, 'images/trade/commodity88_5.jpg', '10048');
INSERT INTO t_tradePhoto (tradePhotoId, tradePhotoPath, tradeId) VALUES (523, 'images/trade/commodity87_4.jpg', '10047');
INSERT INTO t_tradePhoto (tradePhotoId, tradePhotoPath, tradeId) VALUES (524, 'images/trade/commodity88_6.jpg', '10048');
INSERT INTO t_tradePhoto (tradePhotoId, tradePhotoPath, tradeId) VALUES (525, 'images/trade/commodity88_4.jpg', '10048');
INSERT INTO t_tradePhoto (tradePhotoId, tradePhotoPath, tradeId) VALUES (526, 'images/trade/commodity89_1.jpg', '10049');
INSERT INTO t_tradePhoto (tradePhotoId, tradePhotoPath, tradeId) VALUES (527, 'images/trade/commodity89_4.jpg', '10049');
INSERT INTO t_tradePhoto (tradePhotoId, tradePhotoPath, tradeId) VALUES (528, 'images/trade/commodity89_2.jpg', '10049');
INSERT INTO t_tradePhoto (tradePhotoId, tradePhotoPath, tradeId) VALUES (529, 'images/trade/commodity89_5.jpg', '10049');
INSERT INTO t_tradePhoto (tradePhotoId, tradePhotoPath, tradeId) VALUES (530, 'images/trade/commodity85_4.jpg', '10045');
INSERT INTO t_tradePhoto (tradePhotoId, tradePhotoPath, tradeId) VALUES (531, 'images/trade/commodity88_3.jpg', '10048');
INSERT INTO t_tradePhoto (tradePhotoId, tradePhotoPath, tradeId) VALUES (532, 'images/trade/commodity89_3.jpg', '10049');
INSERT INTO t_tradePhoto (tradePhotoId, tradePhotoPath, tradeId) VALUES (533, 'images/trade/commodity89_6.jpg', '10049');
INSERT INTO t_tradePhoto (tradePhotoId, tradePhotoPath, tradeId) VALUES (534, 'images/trade/commodity87_6.jpg', '10047');
INSERT INTO t_tradePhoto (tradePhotoId, tradePhotoPath, tradeId) VALUES (535, 'images/trade/commodity96_1.jpg', '10050');
INSERT INTO t_tradePhoto (tradePhotoId, tradePhotoPath, tradeId) VALUES (536, 'images/trade/commodity96_3.jpg', '10050');
INSERT INTO t_tradePhoto (tradePhotoId, tradePhotoPath, tradeId) VALUES (537, 'images/trade/commodity96_4.jpg', '10050');
INSERT INTO t_tradePhoto (tradePhotoId, tradePhotoPath, tradeId) VALUES (538, 'images/trade/commodity96_2.jpg', '10050');
INSERT INTO t_tradePhoto (tradePhotoId, tradePhotoPath, tradeId) VALUES (539, 'images/trade/commodity96_5.jpg', '10050');
INSERT INTO t_tradePhoto (tradePhotoId, tradePhotoPath, tradeId) VALUES (540, 'images/trade/commodity96_6.jpg', '10050');
INSERT INTO t_tradePhoto (tradePhotoId, tradePhotoPath, tradeId) VALUES (541, 'images/trade/commodity11_1.jpg', '10051');
INSERT INTO t_tradePhoto (tradePhotoId, tradePhotoPath, tradeId) VALUES (542, 'images/trade/commodity11_3.jpg', '10051');
INSERT INTO t_tradePhoto (tradePhotoId, tradePhotoPath, tradeId) VALUES (543, 'images/trade/commodity11_4.jpg', '10051');
INSERT INTO t_tradePhoto (tradePhotoId, tradePhotoPath, tradeId) VALUES (544, 'images/trade/commodity11_2.jpg', '10051');
INSERT INTO t_tradePhoto (tradePhotoId, tradePhotoPath, tradeId) VALUES (545, 'images/trade/commodity11_5.jpg', '10051');
INSERT INTO t_tradePhoto (tradePhotoId, tradePhotoPath, tradeId) VALUES (546, 'images/trade/commodity11_6.jpg', '10051');
INSERT INTO t_tradePhoto (tradePhotoId, tradePhotoPath, tradeId) VALUES (547, 'images/trade/commodity13_1.jpg', '10052');
INSERT INTO t_tradePhoto (tradePhotoId, tradePhotoPath, tradeId) VALUES (548, 'images/trade/commodity13_5.jpg', '10052');
INSERT INTO t_tradePhoto (tradePhotoId, tradePhotoPath, tradeId) VALUES (549, 'images/trade/commodity13_6.jpg', '10052');
INSERT INTO t_tradePhoto (tradePhotoId, tradePhotoPath, tradeId) VALUES (550, 'images/trade/commodity13_2.jpg', '10052');
INSERT INTO t_tradePhoto (tradePhotoId, tradePhotoPath, tradeId) VALUES (551, 'images/trade/commodity14_2.jpg', '10053');
INSERT INTO t_tradePhoto (tradePhotoId, tradePhotoPath, tradeId) VALUES (552, 'images/trade/commodity13_3.jpg', '10052');
INSERT INTO t_tradePhoto (tradePhotoId, tradePhotoPath, tradeId) VALUES (553, 'images/trade/commodity13_4.jpg', '10052');
INSERT INTO t_tradePhoto (tradePhotoId, tradePhotoPath, tradeId) VALUES (554, 'images/trade/commodity14_6.jpg', '10053');
INSERT INTO t_tradePhoto (tradePhotoId, tradePhotoPath, tradeId) VALUES (555, 'images/trade/commodity14_4.jpg', '10053');
INSERT INTO t_tradePhoto (tradePhotoId, tradePhotoPath, tradeId) VALUES (556, 'images/trade/commodity14_3.jpg', '10053');
INSERT INTO t_tradePhoto (tradePhotoId, tradePhotoPath, tradeId) VALUES (557, 'images/trade/commodity14_1.jpg', '10053');
INSERT INTO t_tradePhoto (tradePhotoId, tradePhotoPath, tradeId) VALUES (558, 'images/trade/commodity14_5.jpg', '10053');
INSERT INTO t_tradePhoto (tradePhotoId, tradePhotoPath, tradeId) VALUES (559, 'images/trade/commodity21_1.jpg', '10054');
INSERT INTO t_tradePhoto (tradePhotoId, tradePhotoPath, tradeId) VALUES (560, 'images/trade/commodity21_5.jpg', '10054');
INSERT INTO t_tradePhoto (tradePhotoId, tradePhotoPath, tradeId) VALUES (561, 'images/trade/commodity22_2.jpg', '10055');
INSERT INTO t_tradePhoto (tradePhotoId, tradePhotoPath, tradeId) VALUES (562, 'images/trade/commodity21_3.jpg', '10054');
INSERT INTO t_tradePhoto (tradePhotoId, tradePhotoPath, tradeId) VALUES (563, 'images/trade/commodity22_4.jpg', '10055');
INSERT INTO t_tradePhoto (tradePhotoId, tradePhotoPath, tradeId) VALUES (564, 'images/trade/commodity21_4.jpg', '10054');
INSERT INTO t_tradePhoto (tradePhotoId, tradePhotoPath, tradeId) VALUES (565, 'images/trade/commodity22_5.jpg', '10055');
INSERT INTO t_tradePhoto (tradePhotoId, tradePhotoPath, tradeId) VALUES (566, 'images/trade/commodity22_6.jpg', '10055');
INSERT INTO t_tradePhoto (tradePhotoId, tradePhotoPath, tradeId) VALUES (567, 'images/trade/commodity23_1.jpg', '10056');
INSERT INTO t_tradePhoto (tradePhotoId, tradePhotoPath, tradeId) VALUES (568, 'images/trade/commodity23_2.jpg', '10056');
INSERT INTO t_tradePhoto (tradePhotoId, tradePhotoPath, tradeId) VALUES (569, 'images/trade/commodity23_3.jpg', '10056');
INSERT INTO t_tradePhoto (tradePhotoId, tradePhotoPath, tradeId) VALUES (570, 'images/trade/commodity22_3.jpg', '10055');
INSERT INTO t_tradePhoto (tradePhotoId, tradePhotoPath, tradeId) VALUES (571, 'images/trade/commodity23_5.jpg', '10056');
INSERT INTO t_tradePhoto (tradePhotoId, tradePhotoPath, tradeId) VALUES (572, 'images/trade/commodity22_1.jpg', '10055');
INSERT INTO t_tradePhoto (tradePhotoId, tradePhotoPath, tradeId) VALUES (573, 'images/trade/commodity24_1.jpg', '10057');
INSERT INTO t_tradePhoto (tradePhotoId, tradePhotoPath, tradeId) VALUES (574, 'images/trade/commodity24_2.jpg', '10057');
INSERT INTO t_tradePhoto (tradePhotoId, tradePhotoPath, tradeId) VALUES (575, 'images/trade/commodity24_3.jpg', '10057');
INSERT INTO t_tradePhoto (tradePhotoId, tradePhotoPath, tradeId) VALUES (576, 'images/trade/commodity23_6.jpg', '10056');
INSERT INTO t_tradePhoto (tradePhotoId, tradePhotoPath, tradeId) VALUES (577, 'images/trade/commodity24_5.jpg', '10057');
INSERT INTO t_tradePhoto (tradePhotoId, tradePhotoPath, tradeId) VALUES (578, 'images/trade/commodity24_6.jpg', '10057');
INSERT INTO t_tradePhoto (tradePhotoId, tradePhotoPath, tradeId) VALUES (579, 'images/trade/commodity23_4.jpg', '10056');
INSERT INTO t_tradePhoto (tradePhotoId, tradePhotoPath, tradeId) VALUES (580, 'images/trade/commodity25_2.jpg', '10058');
INSERT INTO t_tradePhoto (tradePhotoId, tradePhotoPath, tradeId) VALUES (581, 'images/trade/commodity24_4.jpg', '10057');
INSERT INTO t_tradePhoto (tradePhotoId, tradePhotoPath, tradeId) VALUES (582, 'images/trade/commodity25_4.jpg', '10058');
INSERT INTO t_tradePhoto (tradePhotoId, tradePhotoPath, tradeId) VALUES (583, 'images/trade/commodity25_5.jpg', '10058');
INSERT INTO t_tradePhoto (tradePhotoId, tradePhotoPath, tradeId) VALUES (584, 'images/trade/commodity25_6.jpg', '10058');
INSERT INTO t_tradePhoto (tradePhotoId, tradePhotoPath, tradeId) VALUES (585, 'images/trade/commodity26_1.jpg', '10059');
INSERT INTO t_tradePhoto (tradePhotoId, tradePhotoPath, tradeId) VALUES (586, 'images/trade/commodity25_1.jpg', '10058');
INSERT INTO t_tradePhoto (tradePhotoId, tradePhotoPath, tradeId) VALUES (587, 'images/trade/commodity26_2.jpg', '10059');
INSERT INTO t_tradePhoto (tradePhotoId, tradePhotoPath, tradeId) VALUES (588, 'images/trade/commodity26_3.jpg', '10059');
INSERT INTO t_tradePhoto (tradePhotoId, tradePhotoPath, tradeId) VALUES (589, 'images/trade/commodity26_6.jpg', '10059');
INSERT INTO t_tradePhoto (tradePhotoId, tradePhotoPath, tradeId) VALUES (590, 'images/trade/commodity26_4.jpg', '10059');
INSERT INTO t_tradePhoto (tradePhotoId, tradePhotoPath, tradeId) VALUES (591, 'images/trade/commodity27_1.jpg', '10060');
INSERT INTO t_tradePhoto (tradePhotoId, tradePhotoPath, tradeId) VALUES (592, 'images/trade/commodity27_2.jpg', '10060');
INSERT INTO t_tradePhoto (tradePhotoId, tradePhotoPath, tradeId) VALUES (593, 'images/trade/commodity27_3.jpg', '10060');
INSERT INTO t_tradePhoto (tradePhotoId, tradePhotoPath, tradeId) VALUES (594, 'images/trade/commodity27_4.jpg', '10060');
INSERT INTO t_tradePhoto (tradePhotoId, tradePhotoPath, tradeId) VALUES (595, 'images/trade/commodity26_5.jpg', '10059');
INSERT INTO t_tradePhoto (tradePhotoId, tradePhotoPath, tradeId) VALUES (596, 'images/trade/commodity27_5.jpg', '10060');
INSERT INTO t_tradePhoto (tradePhotoId, tradePhotoPath, tradeId) VALUES (597, 'images/trade/commodity25_3.jpg', '10058');
INSERT INTO t_tradePhoto (tradePhotoId, tradePhotoPath, tradeId) VALUES (598, 'images/trade/commodity28_2.jpg', '10061');
INSERT INTO t_tradePhoto (tradePhotoId, tradePhotoPath, tradeId) VALUES (599, 'images/trade/commodity28_3.jpg', '10061');
INSERT INTO t_tradePhoto (tradePhotoId, tradePhotoPath, tradeId) VALUES (600, 'images/trade/commodity28_4.jpg', '10061');
INSERT INTO t_tradePhoto (tradePhotoId, tradePhotoPath, tradeId) VALUES (601, 'images/trade/commodity28_5.jpg', '10061');
INSERT INTO t_tradePhoto (tradePhotoId, tradePhotoPath, tradeId) VALUES (602, 'images/trade/commodity28_6.jpg', '10061');
INSERT INTO t_tradePhoto (tradePhotoId, tradePhotoPath, tradeId) VALUES (603, 'images/trade/commodity27_6.jpg', '10060');
INSERT INTO t_tradePhoto (tradePhotoId, tradePhotoPath, tradeId) VALUES (604, 'images/trade/commodity28_1.jpg', '10061');
INSERT INTO t_tradePhoto (tradePhotoId, tradePhotoPath, tradeId) VALUES (605, 'images/trade/commodity29_3.jpg', '10062');
INSERT INTO t_tradePhoto (tradePhotoId, tradePhotoPath, tradeId) VALUES (606, 'images/trade/commodity29_1.jpg', '10062');
INSERT INTO t_tradePhoto (tradePhotoId, tradePhotoPath, tradeId) VALUES (607, 'images/trade/commodity29_5.jpg', '10062');
INSERT INTO t_tradePhoto (tradePhotoId, tradePhotoPath, tradeId) VALUES (608, 'images/trade/commodity29_6.jpg', '10062');
INSERT INTO t_tradePhoto (tradePhotoId, tradePhotoPath, tradeId) VALUES (609, 'images/trade/commodity29_4.jpg', '10062');
INSERT INTO t_tradePhoto (tradePhotoId, tradePhotoPath, tradeId) VALUES (610, 'images/trade/commodity30_3.jpg', '10063');
INSERT INTO t_tradePhoto (tradePhotoId, tradePhotoPath, tradeId) VALUES (611, 'images/trade/commodity30_1.jpg', '10063');
INSERT INTO t_tradePhoto (tradePhotoId, tradePhotoPath, tradeId) VALUES (612, 'images/trade/commodity21_6.jpg', '10054');
INSERT INTO t_tradePhoto (tradePhotoId, tradePhotoPath, tradeId) VALUES (613, 'images/trade/commodity30_6.jpg', '10063');
INSERT INTO t_tradePhoto (tradePhotoId, tradePhotoPath, tradeId) VALUES (614, 'images/trade/commodity31_1.jpg', '10064');
INSERT INTO t_tradePhoto (tradePhotoId, tradePhotoPath, tradeId) VALUES (615, 'images/trade/commodity31_2.jpg', '10064');
INSERT INTO t_tradePhoto (tradePhotoId, tradePhotoPath, tradeId) VALUES (616, 'images/trade/commodity30_5.jpg', '10063');
INSERT INTO t_tradePhoto (tradePhotoId, tradePhotoPath, tradeId) VALUES (617, 'images/trade/commodity30_4.jpg', '10063');
INSERT INTO t_tradePhoto (tradePhotoId, tradePhotoPath, tradeId) VALUES (618, 'images/trade/commodity30_2.jpg', '10063');
INSERT INTO t_tradePhoto (tradePhotoId, tradePhotoPath, tradeId) VALUES (619, 'images/trade/commodity32_1.jpg', '10065');
INSERT INTO t_tradePhoto (tradePhotoId, tradePhotoPath, tradeId) VALUES (620, 'images/trade/commodity31_3.jpg', '10064');
INSERT INTO t_tradePhoto (tradePhotoId, tradePhotoPath, tradeId) VALUES (621, 'images/trade/commodity32_2.jpg', '10065');
INSERT INTO t_tradePhoto (tradePhotoId, tradePhotoPath, tradeId) VALUES (622, 'images/trade/commodity29_2.jpg', '10062');
INSERT INTO t_tradePhoto (tradePhotoId, tradePhotoPath, tradeId) VALUES (623, 'images/trade/commodity32_3.jpg', '10065');
INSERT INTO t_tradePhoto (tradePhotoId, tradePhotoPath, tradeId) VALUES (624, 'images/trade/commodity32_5.jpg', '10065');
INSERT INTO t_tradePhoto (tradePhotoId, tradePhotoPath, tradeId) VALUES (625, 'images/trade/commodity21_2.jpg', '10054');
INSERT INTO t_tradePhoto (tradePhotoId, tradePhotoPath, tradeId) VALUES (626, 'images/trade/commodity32_4.jpg', '10065');
INSERT INTO t_tradePhoto (tradePhotoId, tradePhotoPath, tradeId) VALUES (627, 'images/trade/commodity33_2.jpg', '10066');
INSERT INTO t_tradePhoto (tradePhotoId, tradePhotoPath, tradeId) VALUES (628, 'images/trade/commodity33_3.jpg', '10066');
INSERT INTO t_tradePhoto (tradePhotoId, tradePhotoPath, tradeId) VALUES (629, 'images/trade/commodity32_6.jpg', '10065');
INSERT INTO t_tradePhoto (tradePhotoId, tradePhotoPath, tradeId) VALUES (630, 'images/trade/commodity33_4.jpg', '10066');
INSERT INTO t_tradePhoto (tradePhotoId, tradePhotoPath, tradeId) VALUES (631, 'images/trade/commodity33_5.jpg', '10066');
INSERT INTO t_tradePhoto (tradePhotoId, tradePhotoPath, tradeId) VALUES (632, 'images/trade/commodity33_6.jpg', '10066');
INSERT INTO t_tradePhoto (tradePhotoId, tradePhotoPath, tradeId) VALUES (633, 'images/trade/commodity31_6.jpg', '10064');
INSERT INTO t_tradePhoto (tradePhotoId, tradePhotoPath, tradeId) VALUES (634, 'images/trade/commodity31_5.jpg', '10064');
INSERT INTO t_tradePhoto (tradePhotoId, tradePhotoPath, tradeId) VALUES (635, 'images/trade/commodity31_4.jpg', '10064');
INSERT INTO t_tradePhoto (tradePhotoId, tradePhotoPath, tradeId) VALUES (636, 'images/trade/commodity33_1.jpg', '10066');
INSERT INTO t_tradePhoto (tradePhotoId, tradePhotoPath, tradeId) VALUES (637, 'images/trade/commodity37_2.jpg', '10068');
INSERT INTO t_tradePhoto (tradePhotoId, tradePhotoPath, tradeId) VALUES (638, 'images/trade/commodity37_5.jpg', '10068');
INSERT INTO t_tradePhoto (tradePhotoId, tradePhotoPath, tradeId) VALUES (639, 'images/trade/commodity37_4.jpg', '10068');
INSERT INTO t_tradePhoto (tradePhotoId, tradePhotoPath, tradeId) VALUES (640, 'images/trade/commodity37_1.jpg', '10068');
INSERT INTO t_tradePhoto (tradePhotoId, tradePhotoPath, tradeId) VALUES (641, 'images/trade/commodity37_3.jpg', '10068');
INSERT INTO t_tradePhoto (tradePhotoId, tradePhotoPath, tradeId) VALUES (642, 'images/trade/commodity37_6.jpg', '10068');
INSERT INTO t_tradePhoto (tradePhotoId, tradePhotoPath, tradeId) VALUES (643, 'images/trade/commodity39_1.jpg', '10069');
INSERT INTO t_tradePhoto (tradePhotoId, tradePhotoPath, tradeId) VALUES (644, 'images/trade/commodity39_6.jpg', '10069');
INSERT INTO t_tradePhoto (tradePhotoId, tradePhotoPath, tradeId) VALUES (645, 'images/trade/commodity39_2.jpg', '10069');
INSERT INTO t_tradePhoto (tradePhotoId, tradePhotoPath, tradeId) VALUES (646, 'images/trade/commodity40_2.jpg', '10070');
INSERT INTO t_tradePhoto (tradePhotoId, tradePhotoPath, tradeId) VALUES (647, 'images/trade/commodity39_3.jpg', '10069');
INSERT INTO t_tradePhoto (tradePhotoId, tradePhotoPath, tradeId) VALUES (648, 'images/trade/commodity40_4.jpg', '10070');
INSERT INTO t_tradePhoto (tradePhotoId, tradePhotoPath, tradeId) VALUES (649, 'images/trade/commodity39_4.jpg', '10069');
INSERT INTO t_tradePhoto (tradePhotoId, tradePhotoPath, tradeId) VALUES (650, 'images/trade/commodity40_6.jpg', '10070');
INSERT INTO t_tradePhoto (tradePhotoId, tradePhotoPath, tradeId) VALUES (651, 'images/trade/commodity41_1.jpg', '10071');
INSERT INTO t_tradePhoto (tradePhotoId, tradePhotoPath, tradeId) VALUES (652, 'images/trade/commodity40_3.jpg', '10070');
INSERT INTO t_tradePhoto (tradePhotoId, tradePhotoPath, tradeId) VALUES (653, 'images/trade/commodity41_2.jpg', '10071');
INSERT INTO t_tradePhoto (tradePhotoId, tradePhotoPath, tradeId) VALUES (654, 'images/trade/commodity41_3.jpg', '10071');
INSERT INTO t_tradePhoto (tradePhotoId, tradePhotoPath, tradeId) VALUES (655, 'images/trade/commodity41_5.jpg', '10071');
INSERT INTO t_tradePhoto (tradePhotoId, tradePhotoPath, tradeId) VALUES (656, 'images/trade/commodity41_6.jpg', '10071');
INSERT INTO t_tradePhoto (tradePhotoId, tradePhotoPath, tradeId) VALUES (657, 'images/trade/commodity39_5.jpg', '10069');
INSERT INTO t_tradePhoto (tradePhotoId, tradePhotoPath, tradeId) VALUES (658, 'images/trade/commodity40_1.jpg', '10070');
INSERT INTO t_tradePhoto (tradePhotoId, tradePhotoPath, tradeId) VALUES (659, 'images/trade/commodity41_4.jpg', '10071');
INSERT INTO t_tradePhoto (tradePhotoId, tradePhotoPath, tradeId) VALUES (660, 'images/trade/commodity40_5.jpg', '10070');
INSERT INTO t_tradePhoto (tradePhotoId, tradePhotoPath, tradeId) VALUES (661, 'images/trade/commodity12_2.jpg', '10072');
INSERT INTO t_tradePhoto (tradePhotoId, tradePhotoPath, tradeId) VALUES (662, 'images/trade/commodity12_4.jpg', '10072');
INSERT INTO t_tradePhoto (tradePhotoId, tradePhotoPath, tradeId) VALUES (663, 'images/trade/commodity12_6.jpg', '10072');
INSERT INTO t_tradePhoto (tradePhotoId, tradePhotoPath, tradeId) VALUES (664, 'images/trade/commodity12_3.jpg', '10072');
INSERT INTO t_tradePhoto (tradePhotoId, tradePhotoPath, tradeId) VALUES (665, 'images/trade/commodity12_1.jpg', '10072');
INSERT INTO t_tradePhoto (tradePhotoId, tradePhotoPath, tradeId) VALUES (666, 'images/trade/commodity12_5.jpg', '10072');
INSERT INTO t_tradePhoto (tradePhotoId, tradePhotoPath, tradeId) VALUES (667, 'images/trade/commodity15_5.jpg', '10073');
INSERT INTO t_tradePhoto (tradePhotoId, tradePhotoPath, tradeId) VALUES (668, 'images/trade/commodity16_1.jpg', '10074');
INSERT INTO t_tradePhoto (tradePhotoId, tradePhotoPath, tradeId) VALUES (669, 'images/trade/commodity15_3.jpg', '10073');
INSERT INTO t_tradePhoto (tradePhotoId, tradePhotoPath, tradeId) VALUES (670, 'images/trade/commodity15_2.jpg', '10073');
INSERT INTO t_tradePhoto (tradePhotoId, tradePhotoPath, tradeId) VALUES (671, 'images/trade/commodity16_3.jpg', '10074');
INSERT INTO t_tradePhoto (tradePhotoId, tradePhotoPath, tradeId) VALUES (672, 'images/trade/commodity16_4.jpg', '10074');
INSERT INTO t_tradePhoto (tradePhotoId, tradePhotoPath, tradeId) VALUES (673, 'images/trade/commodity16_5.jpg', '10074');
INSERT INTO t_tradePhoto (tradePhotoId, tradePhotoPath, tradeId) VALUES (674, 'images/trade/commodity15_6.jpg', '10073');
INSERT INTO t_tradePhoto (tradePhotoId, tradePhotoPath, tradeId) VALUES (675, 'images/trade/commodity17_2.jpg', '10075');
INSERT INTO t_tradePhoto (tradePhotoId, tradePhotoPath, tradeId) VALUES (676, 'images/trade/commodity15_4.jpg', '10073');
INSERT INTO t_tradePhoto (tradePhotoId, tradePhotoPath, tradeId) VALUES (677, 'images/trade/commodity17_4.jpg', '10075');
INSERT INTO t_tradePhoto (tradePhotoId, tradePhotoPath, tradeId) VALUES (678, 'images/trade/commodity15_1.jpg', '10073');
INSERT INTO t_tradePhoto (tradePhotoId, tradePhotoPath, tradeId) VALUES (679, 'images/trade/commodity17_1.jpg', '10075');
INSERT INTO t_tradePhoto (tradePhotoId, tradePhotoPath, tradeId) VALUES (680, 'images/trade/commodity17_6.jpg', '10075');
INSERT INTO t_tradePhoto (tradePhotoId, tradePhotoPath, tradeId) VALUES (681, 'images/trade/commodity17_3.jpg', '10075');
INSERT INTO t_tradePhoto (tradePhotoId, tradePhotoPath, tradeId) VALUES (682, 'images/trade/commodity17_5.jpg', '10075');
INSERT INTO t_tradePhoto (tradePhotoId, tradePhotoPath, tradeId) VALUES (683, 'images/trade/commodity18_2.jpg', '10076');
INSERT INTO t_tradePhoto (tradePhotoId, tradePhotoPath, tradeId) VALUES (684, 'images/trade/commodity18_5.jpg', '10076');
INSERT INTO t_tradePhoto (tradePhotoId, tradePhotoPath, tradeId) VALUES (685, 'images/trade/commodity16_2.jpg', '10074');
INSERT INTO t_tradePhoto (tradePhotoId, tradePhotoPath, tradeId) VALUES (686, 'images/trade/commodity18_4.jpg', '10076');
INSERT INTO t_tradePhoto (tradePhotoId, tradePhotoPath, tradeId) VALUES (687, 'images/trade/commodity19_2.jpg', '10077');
INSERT INTO t_tradePhoto (tradePhotoId, tradePhotoPath, tradeId) VALUES (688, 'images/trade/commodity19_3.jpg', '10077');
INSERT INTO t_tradePhoto (tradePhotoId, tradePhotoPath, tradeId) VALUES (689, 'images/trade/commodity19_4.jpg', '10077');
INSERT INTO t_tradePhoto (tradePhotoId, tradePhotoPath, tradeId) VALUES (690, 'images/trade/commodity18_1.jpg', '10076');
INSERT INTO t_tradePhoto (tradePhotoId, tradePhotoPath, tradeId) VALUES (691, 'images/trade/commodity20_1.jpg', '10078');
INSERT INTO t_tradePhoto (tradePhotoId, tradePhotoPath, tradeId) VALUES (692, 'images/trade/commodity19_1.jpg', '10077');
INSERT INTO t_tradePhoto (tradePhotoId, tradePhotoPath, tradeId) VALUES (693, 'images/trade/commodity20_2.jpg', '10078');
INSERT INTO t_tradePhoto (tradePhotoId, tradePhotoPath, tradeId) VALUES (694, 'images/trade/commodity16_6.jpg', '10074');
INSERT INTO t_tradePhoto (tradePhotoId, tradePhotoPath, tradeId) VALUES (695, 'images/trade/commodity20_3.jpg', '10078');
INSERT INTO t_tradePhoto (tradePhotoId, tradePhotoPath, tradeId) VALUES (696, 'images/trade/commodity19_6.jpg', '10077');
INSERT INTO t_tradePhoto (tradePhotoId, tradePhotoPath, tradeId) VALUES (697, 'images/trade/commodity20_5.jpg', '10078');
INSERT INTO t_tradePhoto (tradePhotoId, tradePhotoPath, tradeId) VALUES (698, 'images/trade/commodity20_4.jpg', '10078');
INSERT INTO t_tradePhoto (tradePhotoId, tradePhotoPath, tradeId) VALUES (699, 'images/trade/commodity18_3.jpg', '10076');
INSERT INTO t_tradePhoto (tradePhotoId, tradePhotoPath, tradeId) VALUES (700, 'images/trade/commodity18_6.jpg', '10076');
INSERT INTO t_tradePhoto (tradePhotoId, tradePhotoPath, tradeId) VALUES (701, 'images/trade/commodity19_5.jpg', '10077');
INSERT INTO t_tradePhoto (tradePhotoId, tradePhotoPath, tradeId) VALUES (702, 'images/trade/commodity20_6.jpg', '10078');
INSERT INTO t_tradePhoto (tradePhotoId, tradePhotoPath, tradeId) VALUES (703, 'images/trade/commodity101_1.jpg', '10079');
INSERT INTO t_tradePhoto (tradePhotoId, tradePhotoPath, tradeId) VALUES (704, 'images/trade/commodity101_4.jpg', '10079');
INSERT INTO t_tradePhoto (tradePhotoId, tradePhotoPath, tradeId) VALUES (705, 'images/trade/commodity102_1.jpg', '10080');
INSERT INTO t_tradePhoto (tradePhotoId, tradePhotoPath, tradeId) VALUES (706, 'images/trade/commodity101_2.jpg', '10079');
INSERT INTO t_tradePhoto (tradePhotoId, tradePhotoPath, tradeId) VALUES (707, 'images/trade/commodity102_3.jpg', '10080');
INSERT INTO t_tradePhoto (tradePhotoId, tradePhotoPath, tradeId) VALUES (708, 'images/trade/commodity102_4.jpg', '10080');
INSERT INTO t_tradePhoto (tradePhotoId, tradePhotoPath, tradeId) VALUES (709, 'images/trade/commodity101_5.jpg', '10079');
INSERT INTO t_tradePhoto (tradePhotoId, tradePhotoPath, tradeId) VALUES (710, 'images/trade/commodity102_5.jpg', '10080');
INSERT INTO t_tradePhoto (tradePhotoId, tradePhotoPath, tradeId) VALUES (711, 'images/trade/commodity103_1.jpg', '10081');
INSERT INTO t_tradePhoto (tradePhotoId, tradePhotoPath, tradeId) VALUES (712, 'images/trade/commodity101_6.jpg', '10079');
INSERT INTO t_tradePhoto (tradePhotoId, tradePhotoPath, tradeId) VALUES (713, 'images/trade/commodity103_4.jpg', '10081');
INSERT INTO t_tradePhoto (tradePhotoId, tradePhotoPath, tradeId) VALUES (714, 'images/trade/commodity103_2.jpg', '10081');
INSERT INTO t_tradePhoto (tradePhotoId, tradePhotoPath, tradeId) VALUES (715, 'images/trade/commodity103_6.jpg', '10081');
INSERT INTO t_tradePhoto (tradePhotoId, tradePhotoPath, tradeId) VALUES (716, 'images/trade/commodity103_3.jpg', '10081');
INSERT INTO t_tradePhoto (tradePhotoId, tradePhotoPath, tradeId) VALUES (717, 'images/trade/commodity102_6.jpg', '10080');
INSERT INTO t_tradePhoto (tradePhotoId, tradePhotoPath, tradeId) VALUES (718, 'images/trade/commodity101_3.jpg', '10079');
INSERT INTO t_tradePhoto (tradePhotoId, tradePhotoPath, tradeId) VALUES (719, 'images/trade/commodity102_2.jpg', '10080');
INSERT INTO t_tradePhoto (tradePhotoId, tradePhotoPath, tradeId) VALUES (720, 'images/trade/commodity103_5.jpg', '10081');
INSERT INTO t_tradePhoto (tradePhotoId, tradePhotoPath, tradeId) VALUES (721, 'images/trade/commodity68_1.jpg', '10082');
INSERT INTO t_tradePhoto (tradePhotoId, tradePhotoPath, tradeId) VALUES (722, 'images/trade/commodity68_6.jpg', '10082');
INSERT INTO t_tradePhoto (tradePhotoId, tradePhotoPath, tradeId) VALUES (723, 'images/trade/commodity68_2.jpg', '10082');
INSERT INTO t_tradePhoto (tradePhotoId, tradePhotoPath, tradeId) VALUES (724, 'images/trade/commodity69_2.jpg', '10083');
INSERT INTO t_tradePhoto (tradePhotoId, tradePhotoPath, tradeId) VALUES (725, 'images/trade/commodity68_3.jpg', '10082');
INSERT INTO t_tradePhoto (tradePhotoId, tradePhotoPath, tradeId) VALUES (726, 'images/trade/commodity69_4.jpg', '10083');
INSERT INTO t_tradePhoto (tradePhotoId, tradePhotoPath, tradeId) VALUES (727, 'images/trade/commodity68_4.jpg', '10082');
INSERT INTO t_tradePhoto (tradePhotoId, tradePhotoPath, tradeId) VALUES (728, 'images/trade/commodity69_6.jpg', '10083');
INSERT INTO t_tradePhoto (tradePhotoId, tradePhotoPath, tradeId) VALUES (729, 'images/trade/commodity69_1.jpg', '10083');
INSERT INTO t_tradePhoto (tradePhotoId, tradePhotoPath, tradeId) VALUES (730, 'images/trade/commodity70_1.jpg', '10084');
INSERT INTO t_tradePhoto (tradePhotoId, tradePhotoPath, tradeId) VALUES (731, 'images/trade/commodity70_2.jpg', '10084');
INSERT INTO t_tradePhoto (tradePhotoId, tradePhotoPath, tradeId) VALUES (732, 'images/trade/commodity70_3.jpg', '10084');
INSERT INTO t_tradePhoto (tradePhotoId, tradePhotoPath, tradeId) VALUES (733, 'images/trade/commodity70_4.jpg', '10084');
INSERT INTO t_tradePhoto (tradePhotoId, tradePhotoPath, tradeId) VALUES (734, 'images/trade/commodity70_5.jpg', '10084');
INSERT INTO t_tradePhoto (tradePhotoId, tradePhotoPath, tradeId) VALUES (735, 'images/trade/commodity70_6.jpg', '10084');
INSERT INTO t_tradePhoto (tradePhotoId, tradePhotoPath, tradeId) VALUES (736, 'images/trade/commodity71_1.jpg', '10085');
INSERT INTO t_tradePhoto (tradePhotoId, tradePhotoPath, tradeId) VALUES (737, 'images/trade/commodity71_3.jpg', '10085');
INSERT INTO t_tradePhoto (tradePhotoId, tradePhotoPath, tradeId) VALUES (738, 'images/trade/commodity71_2.jpg', '10085');
INSERT INTO t_tradePhoto (tradePhotoId, tradePhotoPath, tradeId) VALUES (739, 'images/trade/commodity71_5.jpg', '10085');
INSERT INTO t_tradePhoto (tradePhotoId, tradePhotoPath, tradeId) VALUES (740, 'images/trade/commodity71_6.jpg', '10085');
INSERT INTO t_tradePhoto (tradePhotoId, tradePhotoPath, tradeId) VALUES (741, 'images/trade/commodity72_2.jpg', '10086');
INSERT INTO t_tradePhoto (tradePhotoId, tradePhotoPath, tradeId) VALUES (742, 'images/trade/commodity72_3.jpg', '10086');
INSERT INTO t_tradePhoto (tradePhotoId, tradePhotoPath, tradeId) VALUES (743, 'images/trade/commodity69_5.jpg', '10083');
INSERT INTO t_tradePhoto (tradePhotoId, tradePhotoPath, tradeId) VALUES (744, 'images/trade/commodity72_4.jpg', '10086');
INSERT INTO t_tradePhoto (tradePhotoId, tradePhotoPath, tradeId) VALUES (745, 'images/trade/commodity72_5.jpg', '10086');
INSERT INTO t_tradePhoto (tradePhotoId, tradePhotoPath, tradeId) VALUES (746, 'images/trade/commodity68_5.jpg', '10082');
INSERT INTO t_tradePhoto (tradePhotoId, tradePhotoPath, tradeId) VALUES (747, 'images/trade/commodity73_1.jpg', '10087');
INSERT INTO t_tradePhoto (tradePhotoId, tradePhotoPath, tradeId) VALUES (748, 'images/trade/commodity73_2.jpg', '10087');
INSERT INTO t_tradePhoto (tradePhotoId, tradePhotoPath, tradeId) VALUES (749, 'images/trade/commodity73_3.jpg', '10087');
INSERT INTO t_tradePhoto (tradePhotoId, tradePhotoPath, tradeId) VALUES (750, 'images/trade/commodity72_1.jpg', '10086');
INSERT INTO t_tradePhoto (tradePhotoId, tradePhotoPath, tradeId) VALUES (751, 'images/trade/commodity73_5.jpg', '10087');
INSERT INTO t_tradePhoto (tradePhotoId, tradePhotoPath, tradeId) VALUES (752, 'images/trade/commodity73_6.jpg', '10087');
INSERT INTO t_tradePhoto (tradePhotoId, tradePhotoPath, tradeId) VALUES (753, 'images/trade/commodity74_2.jpg', '10088');
INSERT INTO t_tradePhoto (tradePhotoId, tradePhotoPath, tradeId) VALUES (754, 'images/trade/commodity74_1.jpg', '10088');
INSERT INTO t_tradePhoto (tradePhotoId, tradePhotoPath, tradeId) VALUES (755, 'images/trade/commodity74_3.jpg', '10088');
INSERT INTO t_tradePhoto (tradePhotoId, tradePhotoPath, tradeId) VALUES (756, 'images/trade/commodity74_4.jpg', '10088');
INSERT INTO t_tradePhoto (tradePhotoId, tradePhotoPath, tradeId) VALUES (757, 'images/trade/commodity74_5.jpg', '10088');
INSERT INTO t_tradePhoto (tradePhotoId, tradePhotoPath, tradeId) VALUES (758, 'images/trade/commodity74_6.jpg', '10088');
INSERT INTO t_tradePhoto (tradePhotoId, tradePhotoPath, tradeId) VALUES (759, 'images/trade/commodity75_1.jpg', '10089');
INSERT INTO t_tradePhoto (tradePhotoId, tradePhotoPath, tradeId) VALUES (760, 'images/trade/commodity75_2.jpg', '10089');
INSERT INTO t_tradePhoto (tradePhotoId, tradePhotoPath, tradeId) VALUES (761, 'images/trade/commodity75_3.jpg', '10089');
INSERT INTO t_tradePhoto (tradePhotoId, tradePhotoPath, tradeId) VALUES (762, 'images/trade/commodity75_4.jpg', '10089');
INSERT INTO t_tradePhoto (tradePhotoId, tradePhotoPath, tradeId) VALUES (763, 'images/trade/commodity75_5.jpg', '10089');
INSERT INTO t_tradePhoto (tradePhotoId, tradePhotoPath, tradeId) VALUES (764, 'images/trade/commodity75_6.jpg', '10089');
INSERT INTO t_tradePhoto (tradePhotoId, tradePhotoPath, tradeId) VALUES (765, 'images/trade/commodity72_6.jpg', '10086');
INSERT INTO t_tradePhoto (tradePhotoId, tradePhotoPath, tradeId) VALUES (766, 'images/trade/commodity71_4.jpg', '10085');
INSERT INTO t_tradePhoto (tradePhotoId, tradePhotoPath, tradeId) VALUES (767, 'images/trade/commodity69_3.jpg', '10083');
INSERT INTO t_tradePhoto (tradePhotoId, tradePhotoPath, tradeId) VALUES (768, 'images/trade/commodity73_4.jpg', '10087');
INSERT INTO t_tradePhoto (tradePhotoId, tradePhotoPath, tradeId) VALUES (769, 'images/trade/commodity78_1.jpg', '10090');
INSERT INTO t_tradePhoto (tradePhotoId, tradePhotoPath, tradeId) VALUES (770, 'images/trade/commodity78_2.jpg', '10090');
INSERT INTO t_tradePhoto (tradePhotoId, tradePhotoPath, tradeId) VALUES (771, 'images/trade/commodity78_3.jpg', '10090');
INSERT INTO t_tradePhoto (tradePhotoId, tradePhotoPath, tradeId) VALUES (772, 'images/trade/commodity78_4.jpg', '10090');
INSERT INTO t_tradePhoto (tradePhotoId, tradePhotoPath, tradeId) VALUES (773, 'images/trade/commodity78_5.jpg', '10090');
INSERT INTO t_tradePhoto (tradePhotoId, tradePhotoPath, tradeId) VALUES (774, 'images/trade/commodity78_6.jpg', '10090');
INSERT INTO t_tradePhoto (tradePhotoId, tradePhotoPath, tradeId) VALUES (775, 'images/trade/commodity80_1.jpg', '10091');
INSERT INTO t_tradePhoto (tradePhotoId, tradePhotoPath, tradeId) VALUES (776, 'images/trade/commodity80_2.jpg', '10091');
INSERT INTO t_tradePhoto (tradePhotoId, tradePhotoPath, tradeId) VALUES (777, 'images/trade/commodity80_3.jpg', '10091');
INSERT INTO t_tradePhoto (tradePhotoId, tradePhotoPath, tradeId) VALUES (778, 'images/trade/commodity80_4.jpg', '10091');
INSERT INTO t_tradePhoto (tradePhotoId, tradePhotoPath, tradeId) VALUES (779, 'images/trade/commodity80_5.jpg', '10091');
INSERT INTO t_tradePhoto (tradePhotoId, tradePhotoPath, tradeId) VALUES (780, 'images/trade/commodity80_6.jpg', '10091');

-- 表：t_user
DROP TABLE IF EXISTS t_user;
CREATE TABLE [t_user] (
  [userPhone] text, 
  [userPsw] text, 
  [userName] text, 
  [userImg] text, 
  [userMoney] integer, 
  [userRegisterTime] datetime, 
  [safetyCode] INTEGER, 
  CONSTRAINT [sqlite_autoindex_t_user_1] PRIMARY KEY ([userPhone]));
INSERT INTO t_user (userPhone, userPsw, userName, userImg, userMoney, userRegisterTime, safetyCode) VALUES ('15606911111', 'C056Dl/oStNftflbnO6seQ==', '方法', 'images\headImg\14.jpg', 233209, '2017-11-04 13:48:55', 132121312);
INSERT INTO t_user (userPhone, userPsw, userName, userImg, userMoney, userRegisterTime, safetyCode) VALUES ('15606999999', 'sV5j0B1NTvu3pRoh31nfSg==', 'fdsa ', 'images\headImg\14.jpg', 0, '2017-11-06 16:59:09', 6876);
INSERT INTO t_user (userPhone, userPsw, userName, userImg, userMoney, userRegisterTime, safetyCode) VALUES ('15606911123', 'C056Dl/oStNftflbnO6seQ==', 'fdsafas', 'images\headImg\14.jpg', 0, '2017-11-06 17:00:12', 86786);
INSERT INTO t_user (userPhone, userPsw, userName, userImg, userMoney, userRegisterTime, safetyCode) VALUES ('15606911234', 'C056Dl/oStNftflbnO6seQ==', 'aaaaaa', 'images\headImg\14.jpg', 0, '2017-11-06 17:03:26', 387678);
INSERT INTO t_user (userPhone, userPsw, userName, userImg, userMoney, userRegisterTime, safetyCode) VALUES ('156069111530', 'C056Dl/oStNftflbnO6seQ==', 'aaaaaa', 'images\headImg\14.jpg', 0, '2017-11-06 17:04:47', 8278237);
INSERT INTO t_user (userPhone, userPsw, userName, userImg, userMoney, userRegisterTime, safetyCode) VALUES ('15606911235', 'C056Dl/oStNftflbnO6seQ==', 'aaaaaa', 'images\headImg\14.jpg', 0, '2017-11-06 17:05:54', 872773);
INSERT INTO t_user (userPhone, userPsw, userName, userImg, userMoney, userRegisterTime, safetyCode) VALUES ('15606912356', 'C056Dl/oStNftflbnO6seQ==', 'aaaaaa', 'images\headImg\14.jpg', 0, '2017-11-06 17:09:58', 354345345);
INSERT INTO t_user (userPhone, userPsw, userName, userImg, userMoney, userRegisterTime, safetyCode) VALUES ('156999999999', 'C056Dl/oStNftflbnO6seQ==', 'aaaaaa', 'images\headImg\14.jpg', 0, '2017-11-06 17:11:14', 72727);
INSERT INTO t_user (userPhone, userPsw, userName, userImg, userMoney, userRegisterTime, safetyCode) VALUES ('15606911237', 'dfddfd', 'fdsfdas', 'images\headImg\14.jpg', 155, '2017-11-07 16:45:42', 272542);
INSERT INTO t_user (userPhone, userPsw, userName, userImg, userMoney, userRegisterTime, safetyCode) VALUES ('15606912345', '7tjNxADf1OyF3/cKFwBmtw==', 'aaaaaa', 'images\headImg\14.jpg', 0, '2017-11-07 16:50:12', 2727827);
INSERT INTO t_user (userPhone, userPsw, userName, userImg, userMoney, userRegisterTime, safetyCode) VALUES ('15606911117', 'C056Dl/oStNftflbnO6seQ==', 'aaaaaa', 'images\headImg\14.jpg', 3232066, '2017-11-07 17:02:29', 274301);
INSERT INTO t_user (userPhone, userPsw, userName, userImg, userMoney, userRegisterTime, safetyCode) VALUES ('15606911118', 'EbzJtaDFCRLxT6nq62OECg==', '15606911117', 'images\headImg\14.jpg', 0, '2017-11-07 17:02:58', 9055405);
INSERT INTO t_user (userPhone, userPsw, userName, userImg, userMoney, userRegisterTime, safetyCode) VALUES ('15606911116', 'EbzJtaDFCRLxT6nq62OECg==', '15606911117', 'images\headImg\14.jpg', 0, '2017-11-07 17:03:26', 6083627457);
INSERT INTO t_user (userPhone, userPsw, userName, userImg, userMoney, userRegisterTime, safetyCode) VALUES ('156069112546', '7tjNxADf1OyF3/cKFwBmtw==', 'fdsafasd', 'images\headImg\14.jpg', 3573, '2017-11-08 12:24:22', 74982853803);
INSERT INTO t_user (userPhone, userPsw, userName, userImg, userMoney, userRegisterTime, safetyCode) VALUES ('136008127777', 'C056Dl/oStNftflbnO6seQ==', '章安', 'images\headImg\14.jpg', 0, '2017-11-08 19:28:05', 48881358040);
INSERT INTO t_user (userPhone, userPsw, userName, userImg, userMoney, userRegisterTime, safetyCode) VALUES ('15759312500', '4QrcOUm6Wau+VuBX8g+IPg==', '开讲话稿', 'images\headImg\14.jpg', 1230243, '2017-11-09 14:29:22', 97611299636);
INSERT INTO t_user (userPhone, userPsw, userName, userImg, userMoney, userRegisterTime, safetyCode) VALUES ('15606914564', 'C056Dl/oStNftflbnO6seQ==', 'aaaaaa', 'images\headImg\14.jpg', 0, '2017-11-10 13:57:59', 88113439374);

-- 表：t_visitorChatRecord
DROP TABLE IF EXISTS t_visitorChatRecord;
CREATE TABLE t_visitorChatRecord(
       recordId integer primary key autoincrement,           	--聊天ID
       sendId text,                                 		--发送者ID
       receiveId text,                              		--接收者ID
       content text,                                		--聊天内容
       recordTime datetime                         		--聊天时间
);

COMMIT TRANSACTION;
PRAGMA foreign_keys = on;
